solid OpenSCAD_Model
  facet normal 0 -1 0
    outer loop
      vertex 3 0 0
      vertex 10.2 0 3
      vertex 10.2 0 12
    endloop
  endfacet
  facet normal 0 -1 0
    outer loop
      vertex 3 0 0
      vertex 67.2 0 3
      vertex 10.2 0 3
    endloop
  endfacet
  facet normal -0.6593458207943228 -0.7518398024852507 0
    outer loop
      vertex 1.1737157106399536 0.6199399754405022 0
      vertex 0.8786796554923058 0.8786796554923058 29.7
      vertex 0.8786796554923058 0.8786796554923058 0
    endloop
  endfacet
  facet normal -0.44228869181151964 -0.8968727407473451 0
    outer loop
      vertex 1.8519496992230415 0.22836140543222427 0
      vertex 1.5 0.4019237905740738 29.7
      vertex 1.5 0.4019237905740738 0
    endloop
  endfacet
  facet normal -0.3214394637077385 -0.9469301300366789 0
    outer loop
      vertex 2.2235428616404533 0.10222252458333969 0
      vertex 1.8519496992230415 0.22836140543222427 29.7
      vertex 1.8519496992230415 0.22836140543222427 0
    endloop
  endfacet
  facet normal -0.5555702203832522 -0.8314696207458843 0
    outer loop
      vertex 1.5 0.4019237905740738 0
      vertex 1.1737157106399536 0.6199399754405022 29.7
      vertex 1.1737157106399536 0.6199399754405022 0
    endloop
  endfacet
  facet normal -0.7518398024852507 -0.6593458207943228 0
    outer loop
      vertex 0.8786796554923058 0.8786796554923058 0
      vertex 0.6199399754405022 1.1737157106399536 29.7
      vertex 0.6199399754405022 1.1737157106399536 0
    endloop
  endfacet
  facet normal -0.8314696207458843 -0.5555702203832522 0
    outer loop
      vertex 0.6199399754405022 1.1737157106399536 0
      vertex 0.4019237905740738 1.5 29.7
      vertex 0.4019237905740738 1.5 0
    endloop
  endfacet
  facet normal -0.19509032585814406 -0.980785279639006 0
    outer loop
      vertex 2.2235428616404533 0.10222252458333969 0
      vertex 2.6084214225411415 0.025665417313575745 0
      vertex 2.2235428616404533 0.10222252458333969 29.7
    endloop
  endfacet
  facet normal -0.06540313273849395 -0.997858923008654 0
    outer loop
      vertex 2.6084214225411415 0.025665417313575745 0
      vertex 3 0 0
      vertex 2.6084214225411415 0.025665417313575745 29.7
    endloop
  endfacet
  facet normal -0.8968727407473451 -0.44228869181151964 0
    outer loop
      vertex 0.4019237905740738 1.5 0
      vertex 0.22836140543222427 1.8519496992230415 29.7
      vertex 0.22836140543222427 1.8519496992230415 0
    endloop
  endfacet
  facet normal -0.9469301300366789 -0.3214394637077385 0
    outer loop
      vertex 0.22836140543222427 1.8519496992230415 0
      vertex 0.10222252458333969 2.2235428616404533 29.7
      vertex 0.10222252458333969 2.2235428616404533 0
    endloop
  endfacet
  facet normal -0.980785279639006 -0.19509032585814406 0
    outer loop
      vertex 0.10222252458333969 2.2235428616404533 0
      vertex 0.025665417313575745 2.6084214225411415 29.7
      vertex 0.025665417313575745 2.6084214225411415 0
    endloop
  endfacet
  facet normal -0.997858923008654 -0.06540313273849395 0
    outer loop
      vertex 0.025665417313575745 2.6084214225411415 0
      vertex 0 3 29.7
      vertex 0 3 0
    endloop
  endfacet
  facet normal 0 -1 0
    outer loop
      vertex 3 0 0
      vertex 10.2 0 12
      vertex 3 0 29.7
    endloop
  endfacet
  facet normal -1 0 0
    outer loop
      vertex 0 3 0
      vertex 0 3 29.7
      vertex 0 17.45 2.2
    endloop
  endfacet
  facet normal -1 0 0
    outer loop
      vertex 0 17.45 2.2
      vertex 0 3 29.7
      vertex 0 17.45 10.2
    endloop
  endfacet
  facet normal 0 0 -1
    outer loop
      vertex 0.6199399754405022 1.1737157106399536 0
      vertex 0.4019237905740738 1.5 0
      vertex 0.4019237905740738 49.399999998509884 0
    endloop
  endfacet
  facet normal 0 0 -1
    outer loop
      vertex 0.4019237905740738 1.5 0
      vertex 0.22836140543222427 1.8519496992230415 0
      vertex 0.22836140543222427 49.04805029928684 0
    endloop
  endfacet
  facet normal 0 0 -1
    outer loop
      vertex 0.8786796554923058 0.8786796554923058 0
      vertex 0.6199399754405022 1.1737157106399536 0
      vertex 0.6199399754405022 49.72628428786993 0
    endloop
  endfacet
  facet normal 0 0 -1
    outer loop
      vertex 1.1737157106399536 0.6199399754405022 0
      vertex 0.8786796554923058 0.8786796554923058 0
      vertex 0.8786796554923058 50.02132034301758 0
    endloop
  endfacet
  facet normal 0 0 -1
    outer loop
      vertex 1.8519496992230415 0.22836140543222427 0
      vertex 1.5 0.4019237905740738 0
      vertex 1.5 50.49807620793581 0
    endloop
  endfacet
  facet normal 0 0 -1
    outer loop
      vertex 2.2235428616404533 0.10222252458333969 0
      vertex 1.8519496992230415 0.22836140543222427 0
      vertex 1.8519496992230415 50.67163860052824 0
    endloop
  endfacet
  facet normal 0 0 -1
    outer loop
      vertex 1.5 0.4019237905740738 0
      vertex 1.1737157106399536 0.6199399754405022 0
      vertex 1.1737157106399536 50.28006002306938 0
    endloop
  endfacet
  facet normal 0 0 -1
    outer loop
      vertex 2.2235428616404533 0.10222252458333969 0
      vertex 2.2235428616404533 50.797777481377125 0
      vertex 2.6084214225411415 0.025665417313575745 0
    endloop
  endfacet
  facet normal 0 0 -1
    outer loop
      vertex 2.6084214225411415 0.025665417313575745 0
      vertex 2.6084214225411415 50.87433458119631 0
      vertex 3 0 0
    endloop
  endfacet
  facet normal 0 0 -1
    outer loop
      vertex 0.22836140543222427 1.8519496992230415 0
      vertex 0.10222252458333969 2.2235428616404533 0
      vertex 0.10222252458333969 48.67645713686943 0
    endloop
  endfacet
  facet normal 0 0 -1
    outer loop
      vertex 0.10222252458333969 2.2235428616404533 0
      vertex 0.025665417313575745 2.6084214225411415 0
      vertex 0.025665417313575745 48.29157857596874 0
    endloop
  endfacet
  facet normal 0 0 -1
    outer loop
      vertex 0.025665417313575745 2.6084214225411415 0
      vertex 0 3 0
      vertex 0 47.899999998509884 0
    endloop
  endfacet
  facet normal -1 0 0
    outer loop
      vertex 0 3 0
      vertex 0 17.45 2.2
      vertex 0 33.45 2.2
    endloop
  endfacet
  facet normal 0 -1 0
    outer loop
      vertex 3 0 0
      vertex 140.89999999850988 0 0
      vertex 67.2 0 3
    endloop
  endfacet
  facet normal 0 -1 0
    outer loop
      vertex 67.2 0 12
      vertex 140.89999999850988 0 0
      vertex 3 0 29.7
    endloop
  endfacet
  facet normal 0 0 -1
    outer loop
      vertex 3 0 0
      vertex 3 50.899999998509884 0
      vertex 140.89999999850988 0 0
    endloop
  endfacet
  facet normal -0.6593458207943228 -0.7518398024852507 0
    outer loop
      vertex 1.1737157106399536 0.6199399754405022 0
      vertex 1.1737157106399536 0.6199399754405022 29.7
      vertex 0.8786796554923058 0.8786796554923058 29.7
    endloop
  endfacet
  facet normal -0.3214394637077385 -0.9469301300366789 0
    outer loop
      vertex 2.2235428616404533 0.10222252458333969 0
      vertex 2.2235428616404533 0.10222252458333969 29.7
      vertex 1.8519496992230415 0.22836140543222427 29.7
    endloop
  endfacet
  facet normal -0.44228869181151964 -0.8968727407473451 0
    outer loop
      vertex 1.8519496992230415 0.22836140543222427 0
      vertex 1.8519496992230415 0.22836140543222427 29.7
      vertex 1.5 0.4019237905740738 29.7
    endloop
  endfacet
  facet normal -0.5555702203832522 -0.8314696207458843 0
    outer loop
      vertex 1.5 0.4019237905740738 0
      vertex 1.5 0.4019237905740738 29.7
      vertex 1.1737157106399536 0.6199399754405022 29.7
    endloop
  endfacet
  facet normal -0.7518398024852507 -0.6593458207943228 0
    outer loop
      vertex 0.8786796554923058 0.8786796554923058 0
      vertex 0.8786796554923058 0.8786796554923058 29.7
      vertex 0.6199399754405022 1.1737157106399536 29.7
    endloop
  endfacet
  facet normal -0.8314696207458843 -0.5555702203832522 0
    outer loop
      vertex 0.6199399754405022 1.1737157106399536 0
      vertex 0.6199399754405022 1.1737157106399536 29.7
      vertex 0.4019237905740738 1.5 29.7
    endloop
  endfacet
  facet normal -0.19509032585814406 -0.980785279639006 0
    outer loop
      vertex 2.6084214225411415 0.025665417313575745 0
      vertex 2.6084214225411415 0.025665417313575745 29.7
      vertex 2.2235428616404533 0.10222252458333969 29.7
    endloop
  endfacet
  facet normal -0.06540313273849395 -0.997858923008654 0
    outer loop
      vertex 3 0 0
      vertex 3 0 29.7
      vertex 2.6084214225411415 0.025665417313575745 29.7
    endloop
  endfacet
  facet normal -0.8968727407473451 -0.44228869181151964 0
    outer loop
      vertex 0.4019237905740738 1.5 0
      vertex 0.4019237905740738 1.5 29.7
      vertex 0.22836140543222427 1.8519496992230415 29.7
    endloop
  endfacet
  facet normal -0.9469301300366789 -0.3214394637077385 0
    outer loop
      vertex 0.22836140543222427 1.8519496992230415 0
      vertex 0.22836140543222427 1.8519496992230415 29.7
      vertex 0.10222252458333969 2.2235428616404533 29.7
    endloop
  endfacet
  facet normal -0.980785279639006 -0.19509032585814406 0
    outer loop
      vertex 0.10222252458333969 2.2235428616404533 0
      vertex 0.10222252458333969 2.2235428616404533 29.7
      vertex 0.025665417313575745 2.6084214225411415 29.7
    endloop
  endfacet
  facet normal -0.997858923008654 -0.06540313273849395 0
    outer loop
      vertex 0.025665417313575745 2.6084214225411415 0
      vertex 0.025665417313575745 2.6084214225411415 29.7
      vertex 0 3 29.7
    endloop
  endfacet
  facet normal 0 -1 0
    outer loop
      vertex 10.2 0 12
      vertex 67.2 0 12
      vertex 3 0 29.7
    endloop
  endfacet
  facet normal 0 0 1
    outer loop
      vertex 2.2235428616404533 0.10222252458333969 29.7
      vertex 2.1963647916913036 1.059852981567383 29.7
      vertex 1.8519496992230415 0.22836140543222427 29.7
    endloop
  endfacet
  facet normal 0 0 1
    outer loop
      vertex 1.8519496992230415 0.22836140543222427 29.7
      vertex 1.7216009959578515 1.333957986533642 29.7
      vertex 1.5 0.4019237905740738 29.7
    endloop
  endfacet
  facet normal 0 0 1
    outer loop
      vertex 1.1737157106399536 0.6199399754405022 29.7
      vertex 1.059852981567383 2.1963647916913036 29.7
      vertex 0.8786796554923058 0.8786796554923058 29.7
    endloop
  endfacet
  facet normal 0 0 1
    outer loop
      vertex 1.5 0.4019237905740738 29.7
      vertex 1.333957986533642 1.7216009959578515 29.7
      vertex 1.1737157106399536 0.6199399754405022 29.7
    endloop
  endfacet
  facet normal 0 0 1
    outer loop
      vertex 1.5 0.4019237905740738 29.7
      vertex 1.7216009959578515 1.333957986533642 29.7
      vertex 1.5150757595896722 1.5150757595896722 29.7
    endloop
  endfacet
  facet normal 0 0 1
    outer loop
      vertex 1.8519496992230415 0.22836140543222427 29.7
      vertex 1.949999997019768 1.1813466489315034 29.7
      vertex 1.7216009959578515 1.333957986533642 29.7
    endloop
  endfacet
  facet normal 0 0 1
    outer loop
      vertex 1.8519496992230415 0.22836140543222427 29.7
      vertex 2.1963647916913036 1.059852981567383 29.7
      vertex 1.949999997019768 1.1813466489315034 29.7
    endloop
  endfacet
  facet normal 0 0 1
    outer loop
      vertex 1.5 0.4019237905740738 29.7
      vertex 1.5150757595896722 1.5150757595896722 29.7
      vertex 1.333957986533642 1.7216009959578515 29.7
    endloop
  endfacet
  facet normal 0 0 1
    outer loop
      vertex 1.1737157106399536 0.6199399754405022 29.7
      vertex 1.333957986533642 1.7216009959578515 29.7
      vertex 1.1813466489315034 1.949999997019768 29.7
    endloop
  endfacet
  facet normal 0 0 1
    outer loop
      vertex 1.1737157106399536 0.6199399754405022 29.7
      vertex 1.1813466489315034 1.949999997019768 29.7
      vertex 1.059852981567383 2.1963647916913036 29.7
    endloop
  endfacet
  facet normal 0 0 1
    outer loop
      vertex 2.2235428616404533 0.10222252458333969 29.7
      vertex 2.6084214225411415 0.025665417313575745 29.7
      vertex 2.456480005383492 0.9715557634830476 29.7
    endloop
  endfacet
  facet normal 0 0 1
    outer loop
      vertex 2.6084214225411415 0.025665417313575745 29.7
      vertex 3 0 29.7
      vertex 2.7258949965238575 0.9179657936096193 29.7
    endloop
  endfacet
  facet normal 0 0 1
    outer loop
      vertex 2.2235428616404533 0.10222252458333969 29.7
      vertex 2.456480005383492 0.9715557634830476 29.7
      vertex 2.1963647916913036 1.059852981567383 29.7
    endloop
  endfacet
  facet normal 0 0 1
    outer loop
      vertex 2.6084214225411415 0.025665417313575745 29.7
      vertex 2.7258949965238575 0.9179657936096193 29.7
      vertex 2.456480005383492 0.9715557634830476 29.7
    endloop
  endfacet
  facet normal 0 0 1
    outer loop
      vertex 3 0 29.7
      vertex 3.0000000014901165 0.9000000000000001 29.7
      vertex 2.7258949965238575 0.9179657936096193 29.7
    endloop
  endfacet
  facet normal 0 0 1
    outer loop
      vertex 0.8786796554923058 0.8786796554923058 29.7
      vertex 1.059852981567383 2.1963647916913036 29.7
      vertex 0.9715557634830476 2.456480005383492 29.7
    endloop
  endfacet
  facet normal 0 0 1
    outer loop
      vertex 0.8786796554923058 0.8786796554923058 29.7
      vertex 0.9715557634830476 2.456480005383492 29.7
      vertex 0.9179657936096193 2.7258949965238575 29.7
    endloop
  endfacet
  facet normal 0 0 1
    outer loop
      vertex 0.8786796554923058 0.8786796554923058 29.7
      vertex 0.9179657936096193 2.7258949965238575 29.7
      vertex 0.9000000000000001 3.0000000014901165 29.7
    endloop
  endfacet
  facet normal 0 0 1
    outer loop
      vertex 0.6199399754405022 1.1737157106399536 29.7
      vertex 0.4019237905740738 49.399999998509884 29.7
      vertex 0.4019237905740738 1.5 29.7
    endloop
  endfacet
  facet normal 0 0 1
    outer loop
      vertex 0.4019237905740738 1.5 29.7
      vertex 0.22836140543222427 49.04805029928684 29.7
      vertex 0.22836140543222427 1.8519496992230415 29.7
    endloop
  endfacet
  facet normal 0 0 1
    outer loop
      vertex 0.8786796554923058 0.8786796554923058 29.7
      vertex 0.6199399754405022 49.72628428786993 29.7
      vertex 0.6199399754405022 1.1737157106399536 29.7
    endloop
  endfacet
  facet normal 0 0 1
    outer loop
      vertex 0.8786796554923058 0.8786796554923058 29.7
      vertex 0.9000000000000001 3.0000000014901165 29.7
      vertex 0.9000000000000001 47.9 29.7
    endloop
  endfacet
  facet normal 0 0 1
    outer loop
      vertex 0.22836140543222427 1.8519496992230415 29.7
      vertex 0.10222252458333969 48.67645713686943 29.7
      vertex 0.10222252458333969 2.2235428616404533 29.7
    endloop
  endfacet
  facet normal 0 0 1
    outer loop
      vertex 0.10222252458333969 2.2235428616404533 29.7
      vertex 0.025665417313575745 48.29157857596874 29.7
      vertex 0.025665417313575745 2.6084214225411415 29.7
    endloop
  endfacet
  facet normal 0 0 1
    outer loop
      vertex 0.025665417313575745 2.6084214225411415 29.7
      vertex 0 47.899999998509884 29.7
      vertex 0 3 29.7
    endloop
  endfacet
  facet normal -1 0 0
    outer loop
      vertex 0 17.45 10.2
      vertex 0 3 29.7
      vertex 0 47.899999998509884 29.7
    endloop
  endfacet
  facet normal 0 0 1
    outer loop
      vertex 3 0 29.7
      vertex 140.89999999850988 0 29.7
      vertex 3.0000000014901165 0.9000000000000001 29.7
    endloop
  endfacet
  facet normal -1 0 0
    outer loop
      vertex 0 3 0
      vertex 0 33.45 2.2
      vertex 0 47.899999998509884 0
    endloop
  endfacet
  facet normal 0 0 -1
    outer loop
      vertex 0.025665417313575745 2.6084214225411415 0
      vertex 0 47.899999998509884 0
      vertex 0.025665417313575745 48.29157857596874 0
    endloop
  endfacet
  facet normal 0 0 -1
    outer loop
      vertex 0.10222252458333969 2.2235428616404533 0
      vertex 0.025665417313575745 48.29157857596874 0
      vertex 0.10222252458333969 48.67645713686943 0
    endloop
  endfacet
  facet normal 0 0 -1
    outer loop
      vertex 0.22836140543222427 1.8519496992230415 0
      vertex 0.10222252458333969 48.67645713686943 0
      vertex 0.22836140543222427 49.04805029928684 0
    endloop
  endfacet
  facet normal 0 0 -1
    outer loop
      vertex 0.4019237905740738 1.5 0
      vertex 0.22836140543222427 49.04805029928684 0
      vertex 0.4019237905740738 49.399999998509884 0
    endloop
  endfacet
  facet normal 0 0 -1
    outer loop
      vertex 0.6199399754405022 1.1737157106399536 0
      vertex 0.4019237905740738 49.399999998509884 0
      vertex 0.6199399754405022 49.72628428786993 0
    endloop
  endfacet
  facet normal 0 0 -1
    outer loop
      vertex 0.8786796554923058 0.8786796554923058 0
      vertex 0.6199399754405022 49.72628428786993 0
      vertex 0.8786796554923058 50.02132034301758 0
    endloop
  endfacet
  facet normal 0 0 -1
    outer loop
      vertex 1.1737157106399536 0.6199399754405022 0
      vertex 0.8786796554923058 50.02132034301758 0
      vertex 1.1737157106399536 50.28006002306938 0
    endloop
  endfacet
  facet normal 0 0 -1
    outer loop
      vertex 1.5 0.4019237905740738 0
      vertex 1.1737157106399536 50.28006002306938 0
      vertex 1.5 50.49807620793581 0
    endloop
  endfacet
  facet normal 0 0 -1
    outer loop
      vertex 1.8519496992230415 0.22836140543222427 0
      vertex 1.5 50.49807620793581 0
      vertex 1.8519496992230415 50.67163860052824 0
    endloop
  endfacet
  facet normal 0 0 -1
    outer loop
      vertex 2.2235428616404533 0.10222252458333969 0
      vertex 1.8519496992230415 50.67163860052824 0
      vertex 2.2235428616404533 50.797777481377125 0
    endloop
  endfacet
  facet normal 0 0 -1
    outer loop
      vertex 2.6084214225411415 0.025665417313575745 0
      vertex 2.2235428616404533 50.797777481377125 0
      vertex 2.6084214225411415 50.87433458119631 0
    endloop
  endfacet
  facet normal 0 0 -1
    outer loop
      vertex 3 0 0
      vertex 2.6084214225411415 50.87433458119631 0
      vertex 3 50.899999998509884 0
    endloop
  endfacet
  facet normal -1 0 0
    outer loop
      vertex 0 33.45 2.2
      vertex 0 33.45 10.2
      vertex 0 47.899999998509884 0
    endloop
  endfacet
  facet normal -1 0 0
    outer loop
      vertex 0 33.45 10.2
      vertex 0 47.899999998509884 29.7
      vertex 0 47.899999998509884 0
    endloop
  endfacet
  facet normal -0.997858923008654 0.06540313273849395 0
    outer loop
      vertex 0 47.899999998509884 0
      vertex 0.025665417313575745 48.29157857596874 29.7
      vertex 0.025665417313575745 48.29157857596874 0
    endloop
  endfacet
  facet normal -0.980785279639006 0.19509032585814406 0
    outer loop
      vertex 0.025665417313575745 48.29157857596874 0
      vertex 0.10222252458333969 48.67645713686943 29.7
      vertex 0.10222252458333969 48.67645713686943 0
    endloop
  endfacet
  facet normal -0.9469301300366789 0.3214394637077385 0
    outer loop
      vertex 0.10222252458333969 48.67645713686943 0
      vertex 0.22836140543222427 49.04805029928684 29.7
      vertex 0.22836140543222427 49.04805029928684 0
    endloop
  endfacet
  facet normal -0.8968727407473451 0.44228869181151964 0
    outer loop
      vertex 0.22836140543222427 49.04805029928684 0
      vertex 0.4019237905740738 49.399999998509884 29.7
      vertex 0.4019237905740738 49.399999998509884 0
    endloop
  endfacet
  facet normal -0.8314696207458843 0.5555702203832522 0
    outer loop
      vertex 0.4019237905740738 49.399999998509884 0
      vertex 0.6199399754405022 49.72628428786993 29.7
      vertex 0.6199399754405022 49.72628428786993 0
    endloop
  endfacet
  facet normal -0.7518398024852507 0.6593458207943228 0
    outer loop
      vertex 0.6199399754405022 49.72628428786993 0
      vertex 0.8786796554923058 50.02132034301758 29.7
      vertex 0.8786796554923058 50.02132034301758 0
    endloop
  endfacet
  facet normal -0.6593458207943228 0.7518398024852507 0
    outer loop
      vertex 0.8786796554923058 50.02132034301758 0
      vertex 1.1737157106399536 50.28006002306938 29.7
      vertex 1.1737157106399536 50.28006002306938 0
    endloop
  endfacet
  facet normal -0.5555702203832522 0.8314696207458843 0
    outer loop
      vertex 1.1737157106399536 50.28006002306938 0
      vertex 1.5 50.49807620793581 29.7
      vertex 1.5 50.49807620793581 0
    endloop
  endfacet
  facet normal -0.4422887070837332 0.8968727332159226 0
    outer loop
      vertex 1.5 50.49807620793581 0
      vertex 1.8519496992230415 50.67163860052824 29.7
      vertex 1.8519496992230415 50.67163860052824 0
    endloop
  endfacet
  facet normal -0.3214394637077385 0.9469301300366789 0
    outer loop
      vertex 1.8519496992230415 50.67163860052824 0
      vertex 2.2235428616404533 50.797777481377125 29.7
      vertex 2.2235428616404533 50.797777481377125 0
    endloop
  endfacet
  facet normal -0.19509030759446713 0.9807852832718771 0
    outer loop
      vertex 2.2235428616404533 50.797777481377125 0
      vertex 2.6084214225411415 50.87433458119631 29.7
      vertex 2.6084214225411415 50.87433458119631 0
    endloop
  endfacet
  facet normal -0.06540313273849395 0.997858923008654 0
    outer loop
      vertex 2.6084214225411415 50.87433458119631 0
      vertex 3 50.899999998509884 29.7
      vertex 3 50.899999998509884 0
    endloop
  endfacet
  facet normal 0 1 0
    outer loop
      vertex 3 50.899999998509884 0
      vertex 3 50.899999998509884 29.7
      vertex 64.95 50.899999998509884 4.2
    endloop
  endfacet
  facet normal 0 1 0
    outer loop
      vertex 3 50.899999998509884 0
      vertex 64.95 50.899999998509884 4.2
      vertex 78.95 50.899999998509884 4.2
    endloop
  endfacet
  facet normal -1 0 0
    outer loop
      vertex 0 17.45 10.2
      vertex 0 47.899999998509884 29.7
      vertex 0 33.45 10.2
    endloop
  endfacet
  facet normal 0 0 1
    outer loop
      vertex 0.025665417313575745 2.6084214225411415 29.7
      vertex 0.025665417313575745 48.29157857596874 29.7
      vertex 0 47.899999998509884 29.7
    endloop
  endfacet
  facet normal 0 0 1
    outer loop
      vertex 0.8786796554923058 0.8786796554923058 29.7
      vertex 0.9000000000000001 47.9 29.7
      vertex 0.8786796554923058 50.02132034301758 29.7
    endloop
  endfacet
  facet normal 0 0 1
    outer loop
      vertex 0.10222252458333969 2.2235428616404533 29.7
      vertex 0.10222252458333969 48.67645713686943 29.7
      vertex 0.025665417313575745 48.29157857596874 29.7
    endloop
  endfacet
  facet normal 0 0 1
    outer loop
      vertex 0.22836140543222427 1.8519496992230415 29.7
      vertex 0.22836140543222427 49.04805029928684 29.7
      vertex 0.10222252458333969 48.67645713686943 29.7
    endloop
  endfacet
  facet normal 0 0 1
    outer loop
      vertex 0.4019237905740738 1.5 29.7
      vertex 0.4019237905740738 49.399999998509884 29.7
      vertex 0.22836140543222427 49.04805029928684 29.7
    endloop
  endfacet
  facet normal 0 0 1
    outer loop
      vertex 0.6199399754405022 1.1737157106399536 29.7
      vertex 0.6199399754405022 49.72628428786993 29.7
      vertex 0.4019237905740738 49.399999998509884 29.7
    endloop
  endfacet
  facet normal 0 0 1
    outer loop
      vertex 0.8786796554923058 0.8786796554923058 29.7
      vertex 0.8786796554923058 50.02132034301758 29.7
      vertex 0.6199399754405022 49.72628428786993 29.7
    endloop
  endfacet
  facet normal -0.997858923008654 0.06540313273849395 0
    outer loop
      vertex 0 47.899999998509884 0
      vertex 0 47.899999998509884 29.7
      vertex 0.025665417313575745 48.29157857596874 29.7
    endloop
  endfacet
  facet normal -0.980785279639006 0.19509032585814406 0
    outer loop
      vertex 0.025665417313575745 48.29157857596874 0
      vertex 0.025665417313575745 48.29157857596874 29.7
      vertex 0.10222252458333969 48.67645713686943 29.7
    endloop
  endfacet
  facet normal -0.9469301300366789 0.3214394637077385 0
    outer loop
      vertex 0.10222252458333969 48.67645713686943 0
      vertex 0.10222252458333969 48.67645713686943 29.7
      vertex 0.22836140543222427 49.04805029928684 29.7
    endloop
  endfacet
  facet normal -0.8968727407473451 0.44228869181151964 0
    outer loop
      vertex 0.22836140543222427 49.04805029928684 0
      vertex 0.22836140543222427 49.04805029928684 29.7
      vertex 0.4019237905740738 49.399999998509884 29.7
    endloop
  endfacet
  facet normal -0.8314696207458843 0.5555702203832522 0
    outer loop
      vertex 0.4019237905740738 49.399999998509884 0
      vertex 0.4019237905740738 49.399999998509884 29.7
      vertex 0.6199399754405022 49.72628428786993 29.7
    endloop
  endfacet
  facet normal -0.7518398024852507 0.6593458207943228 0
    outer loop
      vertex 0.6199399754405022 49.72628428786993 0
      vertex 0.6199399754405022 49.72628428786993 29.7
      vertex 0.8786796554923058 50.02132034301758 29.7
    endloop
  endfacet
  facet normal -0.6593458207943228 0.7518398024852507 0
    outer loop
      vertex 0.8786796554923058 50.02132034301758 0
      vertex 0.8786796554923058 50.02132034301758 29.7
      vertex 1.1737157106399536 50.28006002306938 29.7
    endloop
  endfacet
  facet normal -0.5555702203832522 0.8314696207458843 0
    outer loop
      vertex 1.1737157106399536 50.28006002306938 0
      vertex 1.1737157106399536 50.28006002306938 29.7
      vertex 1.5 50.49807620793581 29.7
    endloop
  endfacet
  facet normal -0.4422887070837332 0.8968727332159226 0
    outer loop
      vertex 1.5 50.49807620793581 0
      vertex 1.5 50.49807620793581 29.7
      vertex 1.8519496992230415 50.67163860052824 29.7
    endloop
  endfacet
  facet normal -0.3214394637077385 0.9469301300366789 0
    outer loop
      vertex 1.8519496992230415 50.67163860052824 0
      vertex 1.8519496992230415 50.67163860052824 29.7
      vertex 2.2235428616404533 50.797777481377125 29.7
    endloop
  endfacet
  facet normal -0.19509030759446713 0.9807852832718771 0
    outer loop
      vertex 2.2235428616404533 50.797777481377125 0
      vertex 2.2235428616404533 50.797777481377125 29.7
      vertex 2.6084214225411415 50.87433458119631 29.7
    endloop
  endfacet
  facet normal -0.06540313273849395 0.997858923008654 0
    outer loop
      vertex 2.6084214225411415 50.87433458119631 0
      vertex 2.6084214225411415 50.87433458119631 29.7
      vertex 3 50.899999998509884 29.7
    endloop
  endfacet
  facet normal 0 0 1
    outer loop
      vertex 0.9000000000000001 47.9 29.7
      vertex 0.9179657936096193 48.17410500496626 29.7
      vertex 0.8786796554923058 50.02132034301758 29.7
    endloop
  endfacet
  facet normal 0 0 1
    outer loop
      vertex 0.9179657936096193 48.17410500496626 29.7
      vertex 0.9715557634830476 48.44351999610662 29.7
      vertex 0.8786796554923058 50.02132034301758 29.7
    endloop
  endfacet
  facet normal 0 0 1
    outer loop
      vertex 0.9715557634830476 48.44351999610662 29.7
      vertex 1.059852981567383 48.70363520979881 29.7
      vertex 0.8786796554923058 50.02132034301758 29.7
    endloop
  endfacet
  facet normal 0 0 1
    outer loop
      vertex 1.059852981567383 48.70363520979881 29.7
      vertex 1.1813466489315034 48.949999997019766 29.7
      vertex 0.8786796554923058 50.02132034301758 29.7
    endloop
  endfacet
  facet normal 0 0 1
    outer loop
      vertex 1.1813466489315034 48.949999997019766 29.7
      vertex 1.1737157106399536 50.28006002306938 29.7
      vertex 0.8786796554923058 50.02132034301758 29.7
    endloop
  endfacet
  facet normal 0 0 1
    outer loop
      vertex 1.1813466489315034 48.949999997019766 29.7
      vertex 1.333957986533642 49.17839899808168 29.7
      vertex 1.1737157106399536 50.28006002306938 29.7
    endloop
  endfacet
  facet normal 0 0 1
    outer loop
      vertex 1.333957986533642 49.17839899808168 29.7
      vertex 1.5150757595896722 49.38492424190044 29.7
      vertex 1.1737157106399536 50.28006002306938 29.7
    endloop
  endfacet
  facet normal 0 0 1
    outer loop
      vertex 1.5150757595896722 49.38492424190044 29.7
      vertex 1.7216009959578515 49.56604201495647 29.7
      vertex 1.5 50.49807620793581 29.7
    endloop
  endfacet
  facet normal 0 0 1
    outer loop
      vertex 1.5150757595896722 49.38492424190044 29.7
      vertex 1.5 50.49807620793581 29.7
      vertex 1.1737157106399536 50.28006002306938 29.7
    endloop
  endfacet
  facet normal 0 0 1
    outer loop
      vertex 1.7216009959578515 49.56604201495647 29.7
      vertex 1.949999997019768 49.71865334510803 29.7
      vertex 1.5 50.49807620793581 29.7
    endloop
  endfacet
  facet normal 0 0 1
    outer loop
      vertex 1.949999997019768 49.71865334510803 29.7
      vertex 2.1963647916913036 49.84014701992273 29.7
      vertex 1.8519496992230415 50.67163860052824 29.7
    endloop
  endfacet
  facet normal 0 0 1
    outer loop
      vertex 1.949999997019768 49.71865334510803 29.7
      vertex 1.8519496992230415 50.67163860052824 29.7
      vertex 1.5 50.49807620793581 29.7
    endloop
  endfacet
  facet normal 0 0 1
    outer loop
      vertex 2.1963647916913036 49.84014701992273 29.7
      vertex 2.456480005383492 49.92844423800707 29.7
      vertex 1.8519496992230415 50.67163860052824 29.7
    endloop
  endfacet
  facet normal 0 0 1
    outer loop
      vertex 1.8519496992230415 50.67163860052824 29.7
      vertex 2.456480005383492 49.92844423800707 29.7
      vertex 2.2235428616404533 50.797777481377125 29.7
    endloop
  endfacet
  facet normal 0 0 1
    outer loop
      vertex 2.2235428616404533 50.797777481377125 29.7
      vertex 2.456480005383492 49.92844423800707 29.7
      vertex 2.7258949965238575 49.982034207880496 29.7
    endloop
  endfacet
  facet normal 0 0 1
    outer loop
      vertex 2.7258949965238575 49.982034207880496 29.7
      vertex 3.0000000014901165 50.000000001490115 29.7
      vertex 2.6084214225411415 50.87433458119631 29.7
    endloop
  endfacet
  facet normal 0 0 1
    outer loop
      vertex 2.2235428616404533 50.797777481377125 29.7
      vertex 2.7258949965238575 49.982034207880496 29.7
      vertex 2.6084214225411415 50.87433458119631 29.7
    endloop
  endfacet
  facet normal 0 0 1
    outer loop
      vertex 3.0000000014901165 50.000000001490115 29.7
      vertex 3 50.899999998509884 29.7
      vertex 2.6084214225411415 50.87433458119631 29.7
    endloop
  endfacet
  facet normal 0 1 0
    outer loop
      vertex 64.95 50.899999998509884 4.2
      vertex 3 50.899999998509884 29.7
      vertex 64.95 50.899999998509884 20.2
    endloop
  endfacet
  facet normal 0 1 0
    outer loop
      vertex 3 50.899999998509884 29.7
      vertex 78.95 50.899999998509884 20.2
      vertex 64.95 50.899999998509884 20.2
    endloop
  endfacet
  facet normal 0 0 1
    outer loop
      vertex 3.0000000014901165 50.000000001490115 29.7
      vertex 140.9 50.000000001490115 29.7
      vertex 3 50.899999998509884 29.7
    endloop
  endfacet
  facet normal 0 -1 0
    outer loop
      vertex 67.2 0 3
      vertex 140.89999999850988 0 0
      vertex 67.2 0 12
    endloop
  endfacet
  facet normal 0.06540313273849395 -0.997858923008654 0
    outer loop
      vertex 140.89999999850988 0 0
      vertex 141.29157857596874 0.025665417313575745 0
      vertex 140.89999999850988 0 29.7
    endloop
  endfacet
  facet normal 0.19509032585814406 -0.980785279639006 0
    outer loop
      vertex 141.29157857596874 0.025665417313575745 0
      vertex 141.67645713686943 0.10222252458333969 0
      vertex 141.29157857596874 0.025665417313575745 29.7
    endloop
  endfacet
  facet normal 0.3214394637077385 -0.9469301300366789 0
    outer loop
      vertex 141.67645713686943 0.10222252458333969 0
      vertex 142.04805029928684 0.22836140543222427 0
      vertex 141.67645713686943 0.10222252458333969 29.7
    endloop
  endfacet
  facet normal 0.44228869181151964 -0.8968727407473451 0
    outer loop
      vertex 142.04805029928684 0.22836140543222427 0
      vertex 142.39999999850988 0.4019237905740738 0
      vertex 142.04805029928684 0.22836140543222427 29.7
    endloop
  endfacet
  facet normal 0.5555702203832522 -0.8314696207458843 0
    outer loop
      vertex 142.39999999850988 0.4019237905740738 0
      vertex 142.72628428786993 0.6199399754405022 0
      vertex 142.39999999850988 0.4019237905740738 29.7
    endloop
  endfacet
  facet normal 0.6593458207943228 -0.7518398024852507 0
    outer loop
      vertex 142.72628428786993 0.6199399754405022 0
      vertex 143.02132034301758 0.8786796554923058 0
      vertex 142.72628428786993 0.6199399754405022 29.7
    endloop
  endfacet
  facet normal 0.7518398024852507 -0.6593458207943228 0
    outer loop
      vertex 143.02132034301758 0.8786796554923058 0
      vertex 143.28006002306938 1.1737157106399536 0
      vertex 143.02132034301758 0.8786796554923058 29.7
    endloop
  endfacet
  facet normal 0.8314696207458843 -0.5555702203832522 0
    outer loop
      vertex 143.28006002306938 1.1737157106399536 0
      vertex 143.4980762079358 1.5 0
      vertex 143.28006002306938 1.1737157106399536 29.7
    endloop
  endfacet
  facet normal 0.8968727332159226 -0.4422887070837332 0
    outer loop
      vertex 143.4980762079358 1.5 0
      vertex 143.67163860052824 1.8519496992230415 0
      vertex 143.4980762079358 1.5 29.7
    endloop
  endfacet
  facet normal 0.9469301300366789 -0.3214394637077385 0
    outer loop
      vertex 143.67163860052824 1.8519496992230415 0
      vertex 143.79777748137712 2.2235428616404533 0
      vertex 143.67163860052824 1.8519496992230415 29.7
    endloop
  endfacet
  facet normal 0.9807852832718771 -0.19509030759446713 0
    outer loop
      vertex 143.79777748137712 2.2235428616404533 0
      vertex 143.8743345811963 2.6084214225411415 0
      vertex 143.79777748137712 2.2235428616404533 29.7
    endloop
  endfacet
  facet normal 0.997858923008654 -0.06540313273849395 0
    outer loop
      vertex 143.8743345811963 2.6084214225411415 0
      vertex 143.89999999850988 3 0
      vertex 143.8743345811963 2.6084214225411415 29.7
    endloop
  endfacet
  facet normal 1 0 0
    outer loop
      vertex 143.89999999850988 3 0
      vertex 143.89999999850988 18.45 10.2
      vertex 143.89999999850988 3 29.7
    endloop
  endfacet
  facet normal 0 0 -1
    outer loop
      vertex 140.89999999850988 0 0
      vertex 140.89999999850988 50.899999998509884 0
      vertex 141.29157857596874 0.025665417313575745 0
    endloop
  endfacet
  facet normal 0 0 -1
    outer loop
      vertex 141.29157857596874 0.025665417313575745 0
      vertex 141.29157857596874 50.87433458119631 0
      vertex 141.67645713686943 0.10222252458333969 0
    endloop
  endfacet
  facet normal 0 0 -1
    outer loop
      vertex 141.67645713686943 0.10222252458333969 0
      vertex 141.67645713686943 50.797777481377125 0
      vertex 142.04805029928684 0.22836140543222427 0
    endloop
  endfacet
  facet normal 0 0 -1
    outer loop
      vertex 142.04805029928684 0.22836140543222427 0
      vertex 142.04805029928684 50.67163860052824 0
      vertex 142.39999999850988 0.4019237905740738 0
    endloop
  endfacet
  facet normal 0 0 -1
    outer loop
      vertex 142.39999999850988 0.4019237905740738 0
      vertex 142.39999999850988 50.49807620793581 0
      vertex 142.72628428786993 0.6199399754405022 0
    endloop
  endfacet
  facet normal 0 0 -1
    outer loop
      vertex 142.72628428786993 0.6199399754405022 0
      vertex 142.72628428786993 50.28006002306938 0
      vertex 143.02132034301758 0.8786796554923058 0
    endloop
  endfacet
  facet normal 0 0 -1
    outer loop
      vertex 143.02132034301758 0.8786796554923058 0
      vertex 143.02132034301758 50.02132034301758 0
      vertex 143.28006002306938 1.1737157106399536 0
    endloop
  endfacet
  facet normal 0 0 -1
    outer loop
      vertex 143.28006002306938 1.1737157106399536 0
      vertex 143.28006002306938 49.72628428786993 0
      vertex 143.4980762079358 1.5 0
    endloop
  endfacet
  facet normal 0 0 -1
    outer loop
      vertex 143.4980762079358 1.5 0
      vertex 143.4980762079358 49.399999998509884 0
      vertex 143.67163860052824 1.8519496992230415 0
    endloop
  endfacet
  facet normal 0 0 -1
    outer loop
      vertex 143.67163860052824 1.8519496992230415 0
      vertex 143.67163860052824 49.04805029928684 0
      vertex 143.79777748137712 2.2235428616404533 0
    endloop
  endfacet
  facet normal 0 0 -1
    outer loop
      vertex 143.79777748137712 2.2235428616404533 0
      vertex 143.79777748137712 48.67645713686943 0
      vertex 143.8743345811963 2.6084214225411415 0
    endloop
  endfacet
  facet normal 0 0 -1
    outer loop
      vertex 143.8743345811963 2.6084214225411415 0
      vertex 143.8743345811963 48.29157857596874 0
      vertex 143.89999999850988 3 0
    endloop
  endfacet
  facet normal 1 0 0
    outer loop
      vertex 143.89999999850988 3 0
      vertex 143.89999999850988 18.45 4.2
      vertex 143.89999999850988 18.45 10.2
    endloop
  endfacet
  facet normal 1 0 0
    outer loop
      vertex 143.89999999850988 3 0
      vertex 143.89999999850988 47.899999998509884 0
      vertex 143.89999999850988 18.45 4.2
    endloop
  endfacet
  facet normal 0 -1 0
    outer loop
      vertex 3 0 29.7
      vertex 140.89999999850988 0 0
      vertex 140.89999999850988 0 29.7
    endloop
  endfacet
  facet normal 0 0 1
    outer loop
      vertex 3.0000000014901165 0.9000000000000001 29.7
      vertex 140.89999999850988 0 29.7
      vertex 140.9 0.9000000000000001 29.7
    endloop
  endfacet
  facet normal 0.06540313273849395 -0.997858923008654 0
    outer loop
      vertex 141.29157857596874 0.025665417313575745 0
      vertex 141.29157857596874 0.025665417313575745 29.7
      vertex 140.89999999850988 0 29.7
    endloop
  endfacet
  facet normal 0.19509032585814406 -0.980785279639006 0
    outer loop
      vertex 141.67645713686943 0.10222252458333969 0
      vertex 141.67645713686943 0.10222252458333969 29.7
      vertex 141.29157857596874 0.025665417313575745 29.7
    endloop
  endfacet
  facet normal 0.3214394637077385 -0.9469301300366789 0
    outer loop
      vertex 142.04805029928684 0.22836140543222427 0
      vertex 142.04805029928684 0.22836140543222427 29.7
      vertex 141.67645713686943 0.10222252458333969 29.7
    endloop
  endfacet
  facet normal 0.44228869181151964 -0.8968727407473451 0
    outer loop
      vertex 142.39999999850988 0.4019237905740738 0
      vertex 142.39999999850988 0.4019237905740738 29.7
      vertex 142.04805029928684 0.22836140543222427 29.7
    endloop
  endfacet
  facet normal 0.5555702203832522 -0.8314696207458843 0
    outer loop
      vertex 142.72628428786993 0.6199399754405022 0
      vertex 142.72628428786993 0.6199399754405022 29.7
      vertex 142.39999999850988 0.4019237905740738 29.7
    endloop
  endfacet
  facet normal 0.6593458207943228 -0.7518398024852507 0
    outer loop
      vertex 143.02132034301758 0.8786796554923058 0
      vertex 143.02132034301758 0.8786796554923058 29.7
      vertex 142.72628428786993 0.6199399754405022 29.7
    endloop
  endfacet
  facet normal 0.7518398024852507 -0.6593458207943228 0
    outer loop
      vertex 143.28006002306938 1.1737157106399536 0
      vertex 143.28006002306938 1.1737157106399536 29.7
      vertex 143.02132034301758 0.8786796554923058 29.7
    endloop
  endfacet
  facet normal 0.8314696207458843 -0.5555702203832522 0
    outer loop
      vertex 143.4980762079358 1.5 0
      vertex 143.4980762079358 1.5 29.7
      vertex 143.28006002306938 1.1737157106399536 29.7
    endloop
  endfacet
  facet normal 0.8968727332159226 -0.4422887070837332 0
    outer loop
      vertex 143.67163860052824 1.8519496992230415 0
      vertex 143.67163860052824 1.8519496992230415 29.7
      vertex 143.4980762079358 1.5 29.7
    endloop
  endfacet
  facet normal 0.9469301300366789 -0.3214394637077385 0
    outer loop
      vertex 143.79777748137712 2.2235428616404533 0
      vertex 143.79777748137712 2.2235428616404533 29.7
      vertex 143.67163860052824 1.8519496992230415 29.7
    endloop
  endfacet
  facet normal 0.9807852832718771 -0.19509030759446713 0
    outer loop
      vertex 143.8743345811963 2.6084214225411415 0
      vertex 143.8743345811963 2.6084214225411415 29.7
      vertex 143.79777748137712 2.2235428616404533 29.7
    endloop
  endfacet
  facet normal 0.997858923008654 -0.06540313273849395 0
    outer loop
      vertex 143.89999999850988 3 0
      vertex 143.89999999850988 3 29.7
      vertex 143.8743345811963 2.6084214225411415 29.7
    endloop
  endfacet
  facet normal 0 0 1
    outer loop
      vertex 140.89999999850988 0 29.7
      vertex 141.29157857596874 0.025665417313575745 29.7
      vertex 140.9 0.9000000000000001 29.7
    endloop
  endfacet
  facet normal 0 0 1
    outer loop
      vertex 141.29157857596874 0.025665417313575745 29.7
      vertex 141.67645713686943 0.10222252458333969 29.7
      vertex 141.17410500496626 0.9179657936096193 29.7
    endloop
  endfacet
  facet normal 0 0 1
    outer loop
      vertex 141.29157857596874 0.025665417313575745 29.7
      vertex 141.17410500496626 0.9179657936096193 29.7
      vertex 140.9 0.9000000000000001 29.7
    endloop
  endfacet
  facet normal 0 0 1
    outer loop
      vertex 141.17410500496626 0.9179657936096193 29.7
      vertex 141.67645713686943 0.10222252458333969 29.7
      vertex 141.44351999610663 0.9715557634830476 29.7
    endloop
  endfacet
  facet normal 0 0 1
    outer loop
      vertex 141.44351999610663 0.9715557634830476 29.7
      vertex 141.67645713686943 0.10222252458333969 29.7
      vertex 142.04805029928684 0.22836140543222427 29.7
    endloop
  endfacet
  facet normal 0 0 1
    outer loop
      vertex 141.44351999610663 0.9715557634830476 29.7
      vertex 142.04805029928684 0.22836140543222427 29.7
      vertex 141.70363520979882 1.059852981567383 29.7
    endloop
  endfacet
  facet normal 0 0 1
    outer loop
      vertex 142.04805029928684 0.22836140543222427 29.7
      vertex 142.39999999850988 0.4019237905740738 29.7
      vertex 141.94999999701977 1.1813466489315034 29.7
    endloop
  endfacet
  facet normal 0 0 1
    outer loop
      vertex 142.04805029928684 0.22836140543222427 29.7
      vertex 141.94999999701977 1.1813466489315034 29.7
      vertex 141.70363520979882 1.059852981567383 29.7
    endloop
  endfacet
  facet normal 0 0 1
    outer loop
      vertex 142.39999999850988 0.4019237905740738 29.7
      vertex 142.1783989980817 1.333957986533642 29.7
      vertex 141.94999999701977 1.1813466489315034 29.7
    endloop
  endfacet
  facet normal 0 0 1
    outer loop
      vertex 142.39999999850988 0.4019237905740738 29.7
      vertex 142.72628428786993 0.6199399754405022 29.7
      vertex 142.38492424190045 1.5150757595896722 29.7
    endloop
  endfacet
  facet normal 0 0 1
    outer loop
      vertex 142.39999999850988 0.4019237905740738 29.7
      vertex 142.38492424190045 1.5150757595896722 29.7
      vertex 142.1783989980817 1.333957986533642 29.7
    endloop
  endfacet
  facet normal 0 0 1
    outer loop
      vertex 142.72628428786993 0.6199399754405022 29.7
      vertex 142.56604201495648 1.7216009959578515 29.7
      vertex 142.38492424190045 1.5150757595896722 29.7
    endloop
  endfacet
  facet normal 0 0 1
    outer loop
      vertex 142.72628428786993 0.6199399754405022 29.7
      vertex 142.71865334510804 1.949999997019768 29.7
      vertex 142.56604201495648 1.7216009959578515 29.7
    endloop
  endfacet
  facet normal 0 0 1
    outer loop
      vertex 142.72628428786993 0.6199399754405022 29.7
      vertex 143.02132034301758 0.8786796554923058 29.7
      vertex 142.71865334510804 1.949999997019768 29.7
    endloop
  endfacet
  facet normal 0 0 1
    outer loop
      vertex 143.02132034301758 0.8786796554923058 29.7
      vertex 142.84014701992274 2.1963647916913036 29.7
      vertex 142.71865334510804 1.949999997019768 29.7
    endloop
  endfacet
  facet normal 0 0 1
    outer loop
      vertex 143.02132034301758 0.8786796554923058 29.7
      vertex 142.92844423800707 2.456480005383492 29.7
      vertex 142.84014701992274 2.1963647916913036 29.7
    endloop
  endfacet
  facet normal 0 0 1
    outer loop
      vertex 143.02132034301758 0.8786796554923058 29.7
      vertex 142.9820342078805 2.7258949965238575 29.7
      vertex 142.92844423800707 2.456480005383492 29.7
    endloop
  endfacet
  facet normal 0 0 1
    outer loop
      vertex 143.02132034301758 0.8786796554923058 29.7
      vertex 143.00000000149012 3.0000000014901165 29.7
      vertex 142.9820342078805 2.7258949965238575 29.7
    endloop
  endfacet
  facet normal 1 0 0
    outer loop
      vertex 143.89999999850988 18.45 10.2
      vertex 143.89999999850988 32.45 10.2
      vertex 143.89999999850988 3 29.7
    endloop
  endfacet
  facet normal 0 0 1
    outer loop
      vertex 143.02132034301758 0.8786796554923058 29.7
      vertex 143.28006002306938 1.1737157106399536 29.7
      vertex 143.02132034301758 50.02132034301758 29.7
    endloop
  endfacet
  facet normal 0 0 1
    outer loop
      vertex 143.28006002306938 1.1737157106399536 29.7
      vertex 143.4980762079358 1.5 29.7
      vertex 143.28006002306938 49.72628428786993 29.7
    endloop
  endfacet
  facet normal 0 0 1
    outer loop
      vertex 143.4980762079358 1.5 29.7
      vertex 143.67163860052824 1.8519496992230415 29.7
      vertex 143.4980762079358 49.399999998509884 29.7
    endloop
  endfacet
  facet normal 0 0 1
    outer loop
      vertex 143.67163860052824 1.8519496992230415 29.7
      vertex 143.79777748137712 2.2235428616404533 29.7
      vertex 143.67163860052824 49.04805029928684 29.7
    endloop
  endfacet
  facet normal 0 0 1
    outer loop
      vertex 143.79777748137712 2.2235428616404533 29.7
      vertex 143.8743345811963 2.6084214225411415 29.7
      vertex 143.79777748137712 48.67645713686943 29.7
    endloop
  endfacet
  facet normal 0 0 1
    outer loop
      vertex 143.02132034301758 0.8786796554923058 29.7
      vertex 143.02132034301758 50.02132034301758 29.7
      vertex 143.00000000149012 3.0000000014901165 29.7
    endloop
  endfacet
  facet normal 0 0 1
    outer loop
      vertex 143.8743345811963 2.6084214225411415 29.7
      vertex 143.89999999850988 3 29.7
      vertex 143.8743345811963 48.29157857596874 29.7
    endloop
  endfacet
  facet normal 0 0 -1
    outer loop
      vertex 3 50.899999998509884 0
      vertex 140.89999999850988 50.899999998509884 0
      vertex 140.89999999850988 0 0
    endloop
  endfacet
  facet normal 0 1 0
    outer loop
      vertex 3 50.899999998509884 0
      vertex 78.95 50.899999998509884 4.2
      vertex 140.89999999850988 50.899999998509884 0
    endloop
  endfacet
  facet normal 0 1 0
    outer loop
      vertex 78.95 50.899999998509884 4.2
      vertex 78.95 50.899999998509884 20.2
      vertex 140.89999999850988 50.899999998509884 0
    endloop
  endfacet
  facet normal 0 0 -1
    outer loop
      vertex 143.89999999850988 3 0
      vertex 143.8743345811963 48.29157857596874 0
      vertex 143.89999999850988 47.899999998509884 0
    endloop
  endfacet
  facet normal 0 0 -1
    outer loop
      vertex 143.8743345811963 2.6084214225411415 0
      vertex 143.79777748137712 48.67645713686943 0
      vertex 143.8743345811963 48.29157857596874 0
    endloop
  endfacet
  facet normal 0 0 -1
    outer loop
      vertex 143.79777748137712 2.2235428616404533 0
      vertex 143.67163860052824 49.04805029928684 0
      vertex 143.79777748137712 48.67645713686943 0
    endloop
  endfacet
  facet normal 0 0 -1
    outer loop
      vertex 141.29157857596874 0.025665417313575745 0
      vertex 140.89999999850988 50.899999998509884 0
      vertex 141.29157857596874 50.87433458119631 0
    endloop
  endfacet
  facet normal 0 0 -1
    outer loop
      vertex 141.67645713686943 0.10222252458333969 0
      vertex 141.29157857596874 50.87433458119631 0
      vertex 141.67645713686943 50.797777481377125 0
    endloop
  endfacet
  facet normal 0 0 -1
    outer loop
      vertex 142.72628428786993 0.6199399754405022 0
      vertex 142.39999999850988 50.49807620793581 0
      vertex 142.72628428786993 50.28006002306938 0
    endloop
  endfacet
  facet normal 0 0 -1
    outer loop
      vertex 142.04805029928684 0.22836140543222427 0
      vertex 141.67645713686943 50.797777481377125 0
      vertex 142.04805029928684 50.67163860052824 0
    endloop
  endfacet
  facet normal 0 0 -1
    outer loop
      vertex 142.39999999850988 0.4019237905740738 0
      vertex 142.04805029928684 50.67163860052824 0
      vertex 142.39999999850988 50.49807620793581 0
    endloop
  endfacet
  facet normal 0 0 -1
    outer loop
      vertex 143.02132034301758 0.8786796554923058 0
      vertex 142.72628428786993 50.28006002306938 0
      vertex 143.02132034301758 50.02132034301758 0
    endloop
  endfacet
  facet normal 0 0 -1
    outer loop
      vertex 143.28006002306938 1.1737157106399536 0
      vertex 143.02132034301758 50.02132034301758 0
      vertex 143.28006002306938 49.72628428786993 0
    endloop
  endfacet
  facet normal 0 0 -1
    outer loop
      vertex 143.67163860052824 1.8519496992230415 0
      vertex 143.4980762079358 49.399999998509884 0
      vertex 143.67163860052824 49.04805029928684 0
    endloop
  endfacet
  facet normal 0 0 -1
    outer loop
      vertex 143.4980762079358 1.5 0
      vertex 143.28006002306938 49.72628428786993 0
      vertex 143.4980762079358 49.399999998509884 0
    endloop
  endfacet
  facet normal 1 0 0
    outer loop
      vertex 143.89999999850988 18.45 4.2
      vertex 143.89999999850988 47.899999998509884 0
      vertex 143.89999999850988 32.45 4.2
    endloop
  endfacet
  facet normal 1 0 0
    outer loop
      vertex 143.89999999850988 32.45 4.2
      vertex 143.89999999850988 47.899999998509884 0
      vertex 143.89999999850988 32.45 10.2
    endloop
  endfacet
  facet normal 1 0 0
    outer loop
      vertex 143.89999999850988 3 29.7
      vertex 143.89999999850988 32.45 10.2
      vertex 143.89999999850988 47.899999998509884 0
    endloop
  endfacet
  facet normal 0.997858923008654 0.06540313273849395 0
    outer loop
      vertex 143.89999999850988 47.899999998509884 0
      vertex 143.8743345811963 48.29157857596874 0
      vertex 143.89999999850988 47.899999998509884 29.7
    endloop
  endfacet
  facet normal 0.9807852832718771 0.19509030759446713 0
    outer loop
      vertex 143.8743345811963 48.29157857596874 0
      vertex 143.79777748137712 48.67645713686943 0
      vertex 143.8743345811963 48.29157857596874 29.7
    endloop
  endfacet
  facet normal 0.9469301300366789 0.3214394637077385 0
    outer loop
      vertex 143.79777748137712 48.67645713686943 0
      vertex 143.67163860052824 49.04805029928684 0
      vertex 143.79777748137712 48.67645713686943 29.7
    endloop
  endfacet
  facet normal 0.8968727332159226 0.4422887070837332 0
    outer loop
      vertex 143.67163860052824 49.04805029928684 0
      vertex 143.4980762079358 49.399999998509884 0
      vertex 143.67163860052824 49.04805029928684 29.7
    endloop
  endfacet
  facet normal 0.06540313273849395 0.997858923008654 0
    outer loop
      vertex 140.89999999850988 50.899999998509884 0
      vertex 141.29157857596874 50.87433458119631 29.7
      vertex 141.29157857596874 50.87433458119631 0
    endloop
  endfacet
  facet normal 0.19509030759446713 0.9807852832718771 0
    outer loop
      vertex 141.29157857596874 50.87433458119631 0
      vertex 141.67645713686943 50.797777481377125 29.7
      vertex 141.67645713686943 50.797777481377125 0
    endloop
  endfacet
  facet normal 0.8314696207458843 0.5555702203832522 0
    outer loop
      vertex 143.4980762079358 49.399999998509884 0
      vertex 143.28006002306938 49.72628428786993 0
      vertex 143.4980762079358 49.399999998509884 29.7
    endloop
  endfacet
  facet normal 0.7518398024852507 0.6593458207943228 0
    outer loop
      vertex 143.28006002306938 49.72628428786993 0
      vertex 143.02132034301758 50.02132034301758 0
      vertex 143.28006002306938 49.72628428786993 29.7
    endloop
  endfacet
  facet normal 0.5555702203832522 0.8314696207458843 0
    outer loop
      vertex 142.72628428786993 50.28006002306938 0
      vertex 142.39999999850988 50.49807620793581 0
      vertex 142.72628428786993 50.28006002306938 29.7
    endloop
  endfacet
  facet normal 0.3214394637077385 0.9469301300366789 0
    outer loop
      vertex 142.04805029928684 50.67163860052824 0
      vertex 141.67645713686943 50.797777481377125 0
      vertex 142.04805029928684 50.67163860052824 29.7
    endloop
  endfacet
  facet normal 0.4422887070837332 0.8968727332159226 0
    outer loop
      vertex 142.39999999850988 50.49807620793581 0
      vertex 142.04805029928684 50.67163860052824 0
      vertex 142.39999999850988 50.49807620793581 29.7
    endloop
  endfacet
  facet normal 0.6593458207943228 0.7518398024852507 0
    outer loop
      vertex 143.02132034301758 50.02132034301758 0
      vertex 142.72628428786993 50.28006002306938 0
      vertex 143.02132034301758 50.02132034301758 29.7
    endloop
  endfacet
  facet normal 0 1 0
    outer loop
      vertex 3 50.899999998509884 29.7
      vertex 140.89999999850988 50.899999998509884 29.7
      vertex 78.95 50.899999998509884 20.2
    endloop
  endfacet
  facet normal 0 0 1
    outer loop
      vertex 3 50.899999998509884 29.7
      vertex 140.9 50.000000001490115 29.7
      vertex 140.89999999850988 50.899999998509884 29.7
    endloop
  endfacet
  facet normal 1 0 0
    outer loop
      vertex 143.89999999850988 3 29.7
      vertex 143.89999999850988 47.899999998509884 0
      vertex 143.89999999850988 47.899999998509884 29.7
    endloop
  endfacet
  facet normal 0 0 1
    outer loop
      vertex 143.89999999850988 3 29.7
      vertex 143.89999999850988 47.899999998509884 29.7
      vertex 143.8743345811963 48.29157857596874 29.7
    endloop
  endfacet
  facet normal 0 0 1
    outer loop
      vertex 143.8743345811963 2.6084214225411415 29.7
      vertex 143.8743345811963 48.29157857596874 29.7
      vertex 143.79777748137712 48.67645713686943 29.7
    endloop
  endfacet
  facet normal 0 0 1
    outer loop
      vertex 143.79777748137712 2.2235428616404533 29.7
      vertex 143.79777748137712 48.67645713686943 29.7
      vertex 143.67163860052824 49.04805029928684 29.7
    endloop
  endfacet
  facet normal 0 0 1
    outer loop
      vertex 143.00000000149012 3.0000000014901165 29.7
      vertex 143.02132034301758 50.02132034301758 29.7
      vertex 143.00000000149012 47.9 29.7
    endloop
  endfacet
  facet normal 0 0 1
    outer loop
      vertex 143.28006002306938 1.1737157106399536 29.7
      vertex 143.28006002306938 49.72628428786993 29.7
      vertex 143.02132034301758 50.02132034301758 29.7
    endloop
  endfacet
  facet normal 0 0 1
    outer loop
      vertex 143.67163860052824 1.8519496992230415 29.7
      vertex 143.67163860052824 49.04805029928684 29.7
      vertex 143.4980762079358 49.399999998509884 29.7
    endloop
  endfacet
  facet normal 0 0 1
    outer loop
      vertex 143.4980762079358 1.5 29.7
      vertex 143.4980762079358 49.399999998509884 29.7
      vertex 143.28006002306938 49.72628428786993 29.7
    endloop
  endfacet
  facet normal 0 1 0
    outer loop
      vertex 140.89999999850988 50.899999998509884 0
      vertex 78.95 50.899999998509884 20.2
      vertex 140.89999999850988 50.899999998509884 29.7
    endloop
  endfacet
  facet normal 0.997858923008654 0.06540313273849395 0
    outer loop
      vertex 143.8743345811963 48.29157857596874 0
      vertex 143.8743345811963 48.29157857596874 29.7
      vertex 143.89999999850988 47.899999998509884 29.7
    endloop
  endfacet
  facet normal 0.9807852832718771 0.19509030759446713 0
    outer loop
      vertex 143.79777748137712 48.67645713686943 0
      vertex 143.79777748137712 48.67645713686943 29.7
      vertex 143.8743345811963 48.29157857596874 29.7
    endloop
  endfacet
  facet normal 0.9469301300366789 0.3214394637077385 0
    outer loop
      vertex 143.67163860052824 49.04805029928684 0
      vertex 143.67163860052824 49.04805029928684 29.7
      vertex 143.79777748137712 48.67645713686943 29.7
    endloop
  endfacet
  facet normal 0.8968727332159226 0.4422887070837332 0
    outer loop
      vertex 143.4980762079358 49.399999998509884 0
      vertex 143.4980762079358 49.399999998509884 29.7
      vertex 143.67163860052824 49.04805029928684 29.7
    endloop
  endfacet
  facet normal 0.06540313273849395 0.997858923008654 0
    outer loop
      vertex 140.89999999850988 50.899999998509884 0
      vertex 140.89999999850988 50.899999998509884 29.7
      vertex 141.29157857596874 50.87433458119631 29.7
    endloop
  endfacet
  facet normal 0.19509030759446713 0.9807852832718771 0
    outer loop
      vertex 141.29157857596874 50.87433458119631 0
      vertex 141.29157857596874 50.87433458119631 29.7
      vertex 141.67645713686943 50.797777481377125 29.7
    endloop
  endfacet
  facet normal 0.8314696207458843 0.5555702203832522 0
    outer loop
      vertex 143.28006002306938 49.72628428786993 0
      vertex 143.28006002306938 49.72628428786993 29.7
      vertex 143.4980762079358 49.399999998509884 29.7
    endloop
  endfacet
  facet normal 0.7518398024852507 0.6593458207943228 0
    outer loop
      vertex 143.02132034301758 50.02132034301758 0
      vertex 143.02132034301758 50.02132034301758 29.7
      vertex 143.28006002306938 49.72628428786993 29.7
    endloop
  endfacet
  facet normal 0.5555702203832522 0.8314696207458843 0
    outer loop
      vertex 142.39999999850988 50.49807620793581 0
      vertex 142.39999999850988 50.49807620793581 29.7
      vertex 142.72628428786993 50.28006002306938 29.7
    endloop
  endfacet
  facet normal 0.4422887070837332 0.8968727332159226 0
    outer loop
      vertex 142.04805029928684 50.67163860052824 0
      vertex 142.04805029928684 50.67163860052824 29.7
      vertex 142.39999999850988 50.49807620793581 29.7
    endloop
  endfacet
  facet normal 0.3214394637077385 0.9469301300366789 0
    outer loop
      vertex 141.67645713686943 50.797777481377125 0
      vertex 141.67645713686943 50.797777481377125 29.7
      vertex 142.04805029928684 50.67163860052824 29.7
    endloop
  endfacet
  facet normal 0.6593458207943228 0.7518398024852507 0
    outer loop
      vertex 142.72628428786993 50.28006002306938 0
      vertex 142.72628428786993 50.28006002306938 29.7
      vertex 143.02132034301758 50.02132034301758 29.7
    endloop
  endfacet
  facet normal 0 0 1
    outer loop
      vertex 143.00000000149012 47.9 29.7
      vertex 143.02132034301758 50.02132034301758 29.7
      vertex 142.9820342078805 48.17410500496626 29.7
    endloop
  endfacet
  facet normal 0 0 1
    outer loop
      vertex 142.9820342078805 48.17410500496626 29.7
      vertex 143.02132034301758 50.02132034301758 29.7
      vertex 142.92844423800707 48.44351999610662 29.7
    endloop
  endfacet
  facet normal 0 0 1
    outer loop
      vertex 142.92844423800707 48.44351999610662 29.7
      vertex 143.02132034301758 50.02132034301758 29.7
      vertex 142.84014701992274 48.70363520979881 29.7
    endloop
  endfacet
  facet normal 0 0 1
    outer loop
      vertex 140.9 50.000000001490115 29.7
      vertex 141.17410500496626 49.982034207880496 29.7
      vertex 140.89999999850988 50.899999998509884 29.7
    endloop
  endfacet
  facet normal 0 0 1
    outer loop
      vertex 141.17410500496626 49.982034207880496 29.7
      vertex 141.44351999610663 49.92844423800707 29.7
      vertex 141.29157857596874 50.87433458119631 29.7
    endloop
  endfacet
  facet normal 0 0 1
    outer loop
      vertex 141.44351999610663 49.92844423800707 29.7
      vertex 141.70363520979882 49.84014701992273 29.7
      vertex 141.67645713686943 50.797777481377125 29.7
    endloop
  endfacet
  facet normal 0 0 1
    outer loop
      vertex 141.17410500496626 49.982034207880496 29.7
      vertex 141.29157857596874 50.87433458119631 29.7
      vertex 140.89999999850988 50.899999998509884 29.7
    endloop
  endfacet
  facet normal 0 0 1
    outer loop
      vertex 141.44351999610663 49.92844423800707 29.7
      vertex 141.67645713686943 50.797777481377125 29.7
      vertex 141.29157857596874 50.87433458119631 29.7
    endloop
  endfacet
  facet normal 0 0 1
    outer loop
      vertex 142.71865334510804 48.949999997019766 29.7
      vertex 142.84014701992274 48.70363520979881 29.7
      vertex 142.72628428786993 50.28006002306938 29.7
    endloop
  endfacet
  facet normal 0 0 1
    outer loop
      vertex 142.71865334510804 48.949999997019766 29.7
      vertex 142.72628428786993 50.28006002306938 29.7
      vertex 142.56604201495648 49.17839899808168 29.7
    endloop
  endfacet
  facet normal 0 0 1
    outer loop
      vertex 142.56604201495648 49.17839899808168 29.7
      vertex 142.39999999850988 50.49807620793581 29.7
      vertex 142.38492424190045 49.38492424190044 29.7
    endloop
  endfacet
  facet normal 0 0 1
    outer loop
      vertex 141.70363520979882 49.84014701992273 29.7
      vertex 141.94999999701977 49.71865334510803 29.7
      vertex 142.04805029928684 50.67163860052824 29.7
    endloop
  endfacet
  facet normal 0 0 1
    outer loop
      vertex 142.1783989980817 49.56604201495647 29.7
      vertex 142.04805029928684 50.67163860052824 29.7
      vertex 141.94999999701977 49.71865334510803 29.7
    endloop
  endfacet
  facet normal 0 0 1
    outer loop
      vertex 142.1783989980817 49.56604201495647 29.7
      vertex 142.38492424190045 49.38492424190044 29.7
      vertex 142.39999999850988 50.49807620793581 29.7
    endloop
  endfacet
  facet normal 0 0 1
    outer loop
      vertex 142.56604201495648 49.17839899808168 29.7
      vertex 142.72628428786993 50.28006002306938 29.7
      vertex 142.39999999850988 50.49807620793581 29.7
    endloop
  endfacet
  facet normal 0 0 1
    outer loop
      vertex 142.84014701992274 48.70363520979881 29.7
      vertex 143.02132034301758 50.02132034301758 29.7
      vertex 142.72628428786993 50.28006002306938 29.7
    endloop
  endfacet
  facet normal 0 0 1
    outer loop
      vertex 142.1783989980817 49.56604201495647 29.7
      vertex 142.39999999850988 50.49807620793581 29.7
      vertex 142.04805029928684 50.67163860052824 29.7
    endloop
  endfacet
  facet normal 0 0 1
    outer loop
      vertex 141.70363520979882 49.84014701992273 29.7
      vertex 142.04805029928684 50.67163860052824 29.7
      vertex 141.67645713686943 50.797777481377125 29.7
    endloop
  endfacet
  facet normal 0 1 0
    outer loop
      vertex 2.999999997019768 2.2 2.2
      vertex 10.2 2.2 12
      vertex 10.2 2.2 3
    endloop
  endfacet
  facet normal 0 0 1
    outer loop
      vertex 2.206844110786915 2.895579044520855 2.2
      vertex 2.2 17.45 2.2
      vertex 2.2 2.999999997019768 2.2
    endloop
  endfacet
  facet normal 0 0 1
    outer loop
      vertex 2.999999997019768 2.2 2.2
      vertex 8.55194970290473 11.17836140246614 2.2
      vertex 8.033289300941192 11.455591163092365 2.2
    endloop
  endfacet
  facet normal 0 0 1
    outer loop
      vertex 2.999999997019768 2.2 2.2
      vertex 8.033289300941192 11.455591163092365 2.2
      vertex 7.5786796564403565 11.828679656440357 2.2
    endloop
  endfacet
  facet normal 0 0 1
    outer loop
      vertex 2.999999997019768 2.2 2.2
      vertex 6.928361402466139 12.80194970290473 2.2
      vertex 6.757644158790308 13.364729033951615 2.2
    endloop
  endfacet
  facet normal 0 0 1
    outer loop
      vertex 2.999999997019768 2.2 2.2
      vertex 7.5786796564403565 11.828679656440357 2.2
      vertex 7.205591163092364 12.283289300941192 2.2
    endloop
  endfacet
  facet normal 0 0 1
    outer loop
      vertex 2.999999997019768 2.2 2.2
      vertex 7.205591163092364 12.283289300941192 2.2
      vertex 6.928361402466139 12.80194970290473 2.2
    endloop
  endfacet
  facet normal 0 0 1
    outer loop
      vertex 2.999999997019768 2.2 2.2
      vertex 9.114729033951615 11.007644158790308 2.2
      vertex 8.55194970290473 11.17836140246614 2.2
    endloop
  endfacet
  facet normal 0 0 1
    outer loop
      vertex 2.999999997019768 2.2 2.2
      vertex 9.7 10.95 2.2
      vertex 9.114729033951615 11.007644158790308 2.2
    endloop
  endfacet
  facet normal 0 0 1
    outer loop
      vertex 2.999999997019768 2.2 2.2
      vertex 10.285270966048383 11.007644158790308 2.2
      vertex 9.7 10.95 2.2
    endloop
  endfacet
  facet normal 0 0 1
    outer loop
      vertex 2.999999997019768 2.2 2.2
      vertex 6.757644158790308 13.364729033951615 2.2
      vertex 6.699999999999999 13.95 2.2
    endloop
  endfacet
  facet normal 1 0 0
    outer loop
      vertex 2.2 2.999999997019768 2.2
      vertex 2.2 17.45 2.2
      vertex 2.2 17.45 10.2
    endloop
  endfacet
  facet normal 0 1 0
    outer loop
      vertex 2.999999997019768 2.2 2.2
      vertex 10.2 2.2 3
      vertex 67.2 2.2 3
    endloop
  endfacet
  facet normal 0 0 1
    outer loop
      vertex 2.999999997019768 2.2 2.2
      vertex 67.11472903395162 11.007644158790308 2.2
      vertex 10.285270966048383 11.007644158790308 2.2
    endloop
  endfacet
  facet normal 0 0 1
    outer loop
      vertex 10.285270966048383 11.007644158790308 2.2
      vertex 67.11472903395162 11.007644158790308 2.2
      vertex 10.848050297095268 11.17836140246614 2.2
    endloop
  endfacet
  facet normal 0 0 1
    outer loop
      vertex 10.848050297095268 11.17836140246614 2.2
      vertex 66.03328930094119 11.455591163092365 2.2
      vertex 11.366710699058807 11.455591163092365 2.2
    endloop
  endfacet
  facet normal 0 0 1
    outer loop
      vertex 11.366710699058807 11.455591163092365 2.2
      vertex 66.03328930094119 11.455591163092365 2.2
      vertex 11.821320343559641 11.828679656440357 2.2
    endloop
  endfacet
  facet normal 0 0 1
    outer loop
      vertex 11.821320343559641 11.828679656440357 2.2
      vertex 65.57867965644036 11.828679656440357 2.2
      vertex 12.194408836907634 12.283289300941192 2.2
    endloop
  endfacet
  facet normal 0 0 1
    outer loop
      vertex 12.194408836907634 12.283289300941192 2.2
      vertex 64.92836140246614 12.80194970290473 2.2
      vertex 12.47163859753386 12.80194970290473 2.2
    endloop
  endfacet
  facet normal 0.9807852734670753 0.1950903568865309 0
    outer loop
      vertex 2.2272593423724176 2.7929447636008264 2.2
      vertex 2.206844110786915 2.895579044520855 2.2
      vertex 2.2272593423724176 2.7929447636008264 26.7
    endloop
  endfacet
  facet normal 0.9978589232575189 0.0654031289415513 0
    outer loop
      vertex 2.206844110786915 2.895579044520855 2.2
      vertex 2.2 2.999999997019768 2.2
      vertex 2.206844110786915 2.895579044520855 26.7
    endloop
  endfacet
  facet normal 0.4422886901380331 0.8968727415726173 0
    outer loop
      vertex 2.693853256106377 2.2608963742852213 2.2
      vertex 2.599999998509884 2.307179678976536 2.2
      vertex 2.693853256106377 2.2608963742852213 26.7
    endloop
  endfacet
  facet normal 0.32143944539470887 0.9469301362531145 0
    outer loop
      vertex 2.7929447636008264 2.2272593423724176 2.2
      vertex 2.693853256106377 2.2608963742852213 2.2
      vertex 2.7929447636008264 2.2272593423724176 26.7
    endloop
  endfacet
  facet normal 0.5555702302724219 0.8314696141381523 0
    outer loop
      vertex 2.5129908591508867 2.365317326784134 2.2
      vertex 2.599999998509884 2.307179678976536 26.7
      vertex 2.599999998509884 2.307179678976536 2.2
    endloop
  endfacet
  facet normal 0.1950903568865309 0.9807852734670753 0
    outer loop
      vertex 2.7929447636008264 2.2272593423724176 2.2
      vertex 2.895579044520855 2.206844110786915 26.7
      vertex 2.895579044520855 2.206844110786915 2.2
    endloop
  endfacet
  facet normal 0.0654031289415513 0.9978589232575189 0
    outer loop
      vertex 2.895579044520855 2.206844110786915 2.2
      vertex 2.999999997019768 2.2 26.7
      vertex 2.999999997019768 2.2 2.2
    endloop
  endfacet
  facet normal 0.6593458167485153 0.7518398060333286 0
    outer loop
      vertex 2.5129908591508867 2.365317326784134 2.2
      vertex 2.434314575791359 2.434314575791359 2.2
      vertex 2.5129908591508867 2.365317326784134 26.7
    endloop
  endfacet
  facet normal 0.7518398060333286 0.6593458167485153 0
    outer loop
      vertex 2.434314575791359 2.434314575791359 2.2
      vertex 2.365317326784134 2.5129908591508867 2.2
      vertex 2.434314575791359 2.434314575791359 26.7
    endloop
  endfacet
  facet normal 0.8314696141381523 0.5555702302724219 0
    outer loop
      vertex 2.365317326784134 2.5129908591508867 2.2
      vertex 2.307179678976536 2.599999998509884 2.2
      vertex 2.365317326784134 2.5129908591508867 26.7
    endloop
  endfacet
  facet normal 0.8968727415726173 0.4422886901380331 0
    outer loop
      vertex 2.307179678976536 2.599999998509884 2.2
      vertex 2.2608963742852213 2.693853256106377 2.2
      vertex 2.307179678976536 2.599999998509884 26.7
    endloop
  endfacet
  facet normal 0.9469301362531145 0.32143944539470887 0
    outer loop
      vertex 2.2272593423724176 2.7929447636008264 2.2
      vertex 2.2608963742852213 2.693853256106377 26.7
      vertex 2.2608963742852213 2.693853256106377 2.2
    endloop
  endfacet
  facet normal 0 1 0
    outer loop
      vertex 2.999999997019768 2.2 2.2
      vertex 2.999999997019768 2.2 26.7
      vertex 10.2 2.2 12
    endloop
  endfacet
  facet normal 0 0 1
    outer loop
      vertex 2.2272593423724176 2.7929447636008264 2.2
      vertex 2.2608963742852213 2.693853256106377 2.2
      vertex 2.2272593423724176 48.10705523639918 2.2
    endloop
  endfacet
  facet normal 0 0 1
    outer loop
      vertex 2.2272593423724176 2.7929447636008264 2.2
      vertex 2.206844110786915 48.00442095547915 2.2
      vertex 2.206844110786915 2.895579044520855 2.2
    endloop
  endfacet
  facet normal 0 0 1
    outer loop
      vertex 2.206844110786915 2.895579044520855 2.2
      vertex 2.2 33.45 2.2
      vertex 2.2 17.45 2.2
    endloop
  endfacet
  facet normal 0 0 1
    outer loop
      vertex 2.434314575791359 2.434314575791359 2.2
      vertex 2.365317326784134 48.387009140849116 2.2
      vertex 2.365317326784134 2.5129908591508867 2.2
    endloop
  endfacet
  facet normal 0 0 1
    outer loop
      vertex 2.5129908591508867 2.365317326784134 2.2
      vertex 2.434314575791359 48.465685424208644 2.2
      vertex 2.434314575791359 2.434314575791359 2.2
    endloop
  endfacet
  facet normal 0 0 1
    outer loop
      vertex 2.307179678976536 2.599999998509884 2.2
      vertex 2.2608963742852213 48.206146743893626 2.2
      vertex 2.2608963742852213 2.693853256106377 2.2
    endloop
  endfacet
  facet normal 0 0 1
    outer loop
      vertex 2.365317326784134 2.5129908591508867 2.2
      vertex 2.307179678976536 48.30000000149012 2.2
      vertex 2.307179678976536 2.599999998509884 2.2
    endloop
  endfacet
  facet normal 0 0 1
    outer loop
      vertex 2.5129908591508867 2.365317326784134 2.2
      vertex 2.599999998509884 2.307179678976536 2.2
      vertex 2.5129908591508867 48.53468267321587 2.2
    endloop
  endfacet
  facet normal 0 0 1
    outer loop
      vertex 2.693853256106377 2.2608963742852213 2.2
      vertex 2.599999998509884 48.59282032102347 2.2
      vertex 2.599999998509884 2.307179678976536 2.2
    endloop
  endfacet
  facet normal 0 0 1
    outer loop
      vertex 2.7929447636008264 2.2272593423724176 2.2
      vertex 2.693853256106377 48.63910362571478 2.2
      vertex 2.693853256106377 2.2608963742852213 2.2
    endloop
  endfacet
  facet normal 0 0 1
    outer loop
      vertex 2.895579044520855 2.206844110786915 2.2
      vertex 2.999999997019768 2.2 2.2
      vertex 2.895579044520855 48.69315588921309 2.2
    endloop
  endfacet
  facet normal 0 0 1
    outer loop
      vertex 2.7929447636008264 2.2272593423724176 2.2
      vertex 2.895579044520855 2.206844110786915 2.2
      vertex 2.7929447636008264 48.672740657627585 2.2
    endloop
  endfacet
  facet normal 0 0 1
    outer loop
      vertex 2.999999997019768 2.2 2.2
      vertex 6.699999999999999 13.95 2.2
      vertex 2.999999997019768 48.7 2.2
    endloop
  endfacet
  facet normal 0 0 1
    outer loop
      vertex 12.47163859753386 12.80194970290473 2.2
      vertex 64.92836140246614 12.80194970290473 2.2
      vertex 12.64235584120969 13.364729033951615 2.2
    endloop
  endfacet
  facet normal 0 0 1
    outer loop
      vertex 12.64235584120969 13.364729033951615 2.2
      vertex 64.7 13.95 2.2
      vertex 12.7 13.95 2.2
    endloop
  endfacet
  facet normal 0 0 1
    outer loop
      vertex 12.7 13.95 2.2
      vertex 64.7 13.95 2.2
      vertex 12.64235584120969 14.535270966048383 2.2
    endloop
  endfacet
  facet normal 0 0 1
    outer loop
      vertex 12.64235584120969 14.535270966048383 2.2
      vertex 64.92836140246614 15.098050297095268 2.2
      vertex 12.47163859753386 15.098050297095268 2.2
    endloop
  endfacet
  facet normal 0 0 1
    outer loop
      vertex 12.47163859753386 15.098050297095268 2.2
      vertex 64.92836140246614 15.098050297095268 2.2
      vertex 12.194408836907634 15.616710699058807 2.2
    endloop
  endfacet
  facet normal 0 0 1
    outer loop
      vertex 12.194408836907634 15.616710699058807 2.2
      vertex 65.20559116309236 15.616710699058807 2.2
      vertex 11.821320343559641 16.07132034355964 2.2
    endloop
  endfacet
  facet normal 0 0 1
    outer loop
      vertex 11.821320343559641 16.07132034355964 2.2
      vertex 65.57867965644036 16.07132034355964 2.2
      vertex 11.366710699058807 16.444408836907634 2.2
    endloop
  endfacet
  facet normal 0 0 1
    outer loop
      vertex 10.848050297095268 16.72163859753386 2.2
      vertex 11.366710699058807 16.444408836907634 2.2
      vertex 66.03328930094119 16.444408836907634 2.2
    endloop
  endfacet
  facet normal 0 0 1
    outer loop
      vertex 10.285270966048383 16.892355841209692 2.2
      vertex 10.848050297095268 16.72163859753386 2.2
      vertex 67.11472903395162 16.892355841209692 2.2
    endloop
  endfacet
  facet normal 0 0 1
    outer loop
      vertex 10.285270966048383 16.892355841209692 2.2
      vertex 67.11472903395162 16.892355841209692 2.2
      vertex 9.7 33.95 2.2
    endloop
  endfacet
  facet normal 1 0 0
    outer loop
      vertex 2.2 2.999999997019768 2.2
      vertex 2.2 17.45 10.2
      vertex 2.2 40.038720540657195 26.7
    endloop
  endfacet
  facet normal 0 0 1
    outer loop
      vertex 2.999999997019768 2.2 2.2
      vertex 67.7 10.95 2.2
      vertex 67.11472903395162 11.007644158790308 2.2
    endloop
  endfacet
  facet normal 0 0 1
    outer loop
      vertex 2.999999997019768 2.2 2.2
      vertex 89.05194970290474 6.428361402466139 2.2
      vertex 67.7 10.95 2.2
    endloop
  endfacet
  facet normal 0 0 1
    outer loop
      vertex 10.848050297095268 11.17836140246614 2.2
      vertex 67.11472903395162 11.007644158790308 2.2
      vertex 66.55194970290474 11.17836140246614 2.2
    endloop
  endfacet
  facet normal 0 0 1
    outer loop
      vertex 10.848050297095268 11.17836140246614 2.2
      vertex 66.55194970290474 11.17836140246614 2.2
      vertex 66.03328930094119 11.455591163092365 2.2
    endloop
  endfacet
  facet normal 0 0 1
    outer loop
      vertex 11.821320343559641 11.828679656440357 2.2
      vertex 66.03328930094119 11.455591163092365 2.2
      vertex 65.57867965644036 11.828679656440357 2.2
    endloop
  endfacet
  facet normal 0 0 1
    outer loop
      vertex 12.194408836907634 12.283289300941192 2.2
      vertex 65.57867965644036 11.828679656440357 2.2
      vertex 65.20559116309236 12.283289300941192 2.2
    endloop
  endfacet
  facet normal 0 0 1
    outer loop
      vertex 12.194408836907634 12.283289300941192 2.2
      vertex 65.20559116309236 12.283289300941192 2.2
      vertex 64.92836140246614 12.80194970290473 2.2
    endloop
  endfacet
  facet normal 0 0 1
    outer loop
      vertex 2.999999997019768 2.2 2.2
      vertex 89.61472903395162 6.257644158790308 2.2
      vertex 89.05194970290474 6.428361402466139 2.2
    endloop
  endfacet
  facet normal 0 0 1
    outer loop
      vertex 2.999999997019768 2.2 2.2
      vertex 90.2 6.199999999999999 2.2
      vertex 89.61472903395162 6.257644158790308 2.2
    endloop
  endfacet
  facet normal 0 1 0
    outer loop
      vertex 2.999999997019768 2.2 2.2
      vertex 67.2 2.2 3
      vertex 140.90000000298022 2.2 2.2
    endloop
  endfacet
  facet normal 0 0 1
    outer loop
      vertex 12.64235584120969 13.364729033951615 2.2
      vertex 64.92836140246614 12.80194970290473 2.2
      vertex 64.75764415879031 13.364729033951615 2.2
    endloop
  endfacet
  facet normal 0 0 1
    outer loop
      vertex 12.64235584120969 13.364729033951615 2.2
      vertex 64.75764415879031 13.364729033951615 2.2
      vertex 64.7 13.95 2.2
    endloop
  endfacet
  facet normal 0 0 1
    outer loop
      vertex 12.64235584120969 14.535270966048383 2.2
      vertex 64.7 13.95 2.2
      vertex 64.75764415879031 14.535270966048383 2.2
    endloop
  endfacet
  facet normal 0 0 1
    outer loop
      vertex 12.64235584120969 14.535270966048383 2.2
      vertex 64.75764415879031 14.535270966048383 2.2
      vertex 64.92836140246614 15.098050297095268 2.2
    endloop
  endfacet
  facet normal 0 0 1
    outer loop
      vertex 12.194408836907634 15.616710699058807 2.2
      vertex 64.92836140246614 15.098050297095268 2.2
      vertex 65.20559116309236 15.616710699058807 2.2
    endloop
  endfacet
  facet normal 0 0 1
    outer loop
      vertex 11.821320343559641 16.07132034355964 2.2
      vertex 65.20559116309236 15.616710699058807 2.2
      vertex 65.57867965644036 16.07132034355964 2.2
    endloop
  endfacet
  facet normal 0 0 1
    outer loop
      vertex 11.366710699058807 16.444408836907634 2.2
      vertex 65.57867965644036 16.07132034355964 2.2
      vertex 66.03328930094119 16.444408836907634 2.2
    endloop
  endfacet
  facet normal 0 0 1
    outer loop
      vertex 10.848050297095268 16.72163859753386 2.2
      vertex 66.03328930094119 16.444408836907634 2.2
      vertex 66.55194970290474 16.72163859753386 2.2
    endloop
  endfacet
  facet normal 0 0 1
    outer loop
      vertex 10.848050297095268 16.72163859753386 2.2
      vertex 66.55194970290474 16.72163859753386 2.2
      vertex 67.11472903395162 16.892355841209692 2.2
    endloop
  endfacet
  facet normal 0 0 1
    outer loop
      vertex 67.11472903395162 16.892355841209692 2.2
      vertex 67.7 16.95 2.2
      vertex 9.7 33.95 2.2
    endloop
  endfacet
  facet normal 0 0 1
    outer loop
      vertex 67.7 16.95 2.2
      vertex 68.28527096604839 16.892355841209692 2.2
      vertex 9.7 33.95 2.2
    endloop
  endfacet
  facet normal 0 0 1
    outer loop
      vertex 68.28527096604839 16.892355841209692 2.2
      vertex 90.2 12.2 2.2
      vertex 9.7 33.95 2.2
    endloop
  endfacet
  facet normal 0 0 1
    outer loop
      vertex 12.7 36.95 2.2
      vertex 90.2 12.2 2.2
      vertex 90.78527096604839 12.14235584120969 2.2
    endloop
  endfacet
  facet normal 0 0 1
    outer loop
      vertex 12.7 36.95 2.2
      vertex 90.78527096604839 12.14235584120969 2.2
      vertex 91.34805029709527 11.97163859753386 2.2
    endloop
  endfacet
  facet normal 0.9469301362531145 0.32143944539470887 0
    outer loop
      vertex 2.2272593423724176 2.7929447636008264 2.2
      vertex 2.2272593423724176 2.7929447636008264 26.7
      vertex 2.2608963742852213 2.693853256106377 26.7
    endloop
  endfacet
  facet normal 0.9807852734670753 0.1950903568865309 0
    outer loop
      vertex 2.206844110786915 2.895579044520855 2.2
      vertex 2.206844110786915 2.895579044520855 26.7
      vertex 2.2272593423724176 2.7929447636008264 26.7
    endloop
  endfacet
  facet normal 0.9978589232575189 0.0654031289415513 0
    outer loop
      vertex 2.2 2.999999997019768 2.2
      vertex 2.2 2.999999997019768 26.7
      vertex 2.206844110786915 2.895579044520855 26.7
    endloop
  endfacet
  facet normal 0.32143944539470887 0.9469301362531145 0
    outer loop
      vertex 2.693853256106377 2.2608963742852213 2.2
      vertex 2.693853256106377 2.2608963742852213 26.7
      vertex 2.7929447636008264 2.2272593423724176 26.7
    endloop
  endfacet
  facet normal 0.4422886901380331 0.8968727415726173 0
    outer loop
      vertex 2.599999998509884 2.307179678976536 2.2
      vertex 2.599999998509884 2.307179678976536 26.7
      vertex 2.693853256106377 2.2608963742852213 26.7
    endloop
  endfacet
  facet normal 0.5555702302724219 0.8314696141381523 0
    outer loop
      vertex 2.5129908591508867 2.365317326784134 2.2
      vertex 2.5129908591508867 2.365317326784134 26.7
      vertex 2.599999998509884 2.307179678976536 26.7
    endloop
  endfacet
  facet normal 0.1950903568865309 0.9807852734670753 0
    outer loop
      vertex 2.7929447636008264 2.2272593423724176 2.2
      vertex 2.7929447636008264 2.2272593423724176 26.7
      vertex 2.895579044520855 2.206844110786915 26.7
    endloop
  endfacet
  facet normal 0.0654031289415513 0.9978589232575189 0
    outer loop
      vertex 2.895579044520855 2.206844110786915 2.2
      vertex 2.895579044520855 2.206844110786915 26.7
      vertex 2.999999997019768 2.2 26.7
    endloop
  endfacet
  facet normal 0.6593458167485153 0.7518398060333286 0
    outer loop
      vertex 2.434314575791359 2.434314575791359 2.2
      vertex 2.434314575791359 2.434314575791359 26.7
      vertex 2.5129908591508867 2.365317326784134 26.7
    endloop
  endfacet
  facet normal 0.7518398060333286 0.6593458167485153 0
    outer loop
      vertex 2.365317326784134 2.5129908591508867 2.2
      vertex 2.365317326784134 2.5129908591508867 26.7
      vertex 2.434314575791359 2.434314575791359 26.7
    endloop
  endfacet
  facet normal 0.8314696141381523 0.5555702302724219 0
    outer loop
      vertex 2.307179678976536 2.599999998509884 2.2
      vertex 2.307179678976536 2.599999998509884 26.7
      vertex 2.365317326784134 2.5129908591508867 26.7
    endloop
  endfacet
  facet normal 0.8968727415726173 0.4422886901380331 0
    outer loop
      vertex 2.2608963742852213 2.693853256106377 2.2
      vertex 2.2608963742852213 2.693853256106377 26.7
      vertex 2.307179678976536 2.599999998509884 26.7
    endloop
  endfacet
  facet normal 1 0 0
    outer loop
      vertex 2.2 2.999999997019768 2.2
      vertex 2.2 40.038720540657195 26.7
      vertex 2.2 2.999999997019768 26.7
    endloop
  endfacet
  facet normal 0 1 0
    outer loop
      vertex 10.2 2.2 12
      vertex 2.999999997019768 2.2 26.7
      vertex 140.90000000298022 2.2 26.7
    endloop
  endfacet
  facet normal 0 0 1
    outer loop
      vertex 2.206844110786915 2.895579044520855 2.2
      vertex 2.2 47.900000002980235 2.2
      vertex 2.2 33.45 2.2
    endloop
  endfacet
  facet normal 0 0 1
    outer loop
      vertex 6.699999999999999 13.95 2.2
      vertex 6.757644158790308 14.535270966048383 2.2
      vertex 2.999999997019768 48.7 2.2
    endloop
  endfacet
  facet normal 0 0 1
    outer loop
      vertex 6.757644158790308 14.535270966048383 2.2
      vertex 6.928361402466139 15.098050297095268 2.2
      vertex 2.999999997019768 48.7 2.2
    endloop
  endfacet
  facet normal 0 0 1
    outer loop
      vertex 6.928361402466139 15.098050297095268 2.2
      vertex 7.205591163092364 15.616710699058807 2.2
      vertex 2.999999997019768 48.7 2.2
    endloop
  endfacet
  facet normal 0 0 1
    outer loop
      vertex 7.205591163092364 15.616710699058807 2.2
      vertex 7.5786796564403565 16.07132034355964 2.2
      vertex 2.999999997019768 48.7 2.2
    endloop
  endfacet
  facet normal 0 0 1
    outer loop
      vertex 7.5786796564403565 16.07132034355964 2.2
      vertex 8.033289300941192 16.444408836907634 2.2
      vertex 2.999999997019768 48.7 2.2
    endloop
  endfacet
  facet normal 0 0 1
    outer loop
      vertex 8.033289300941192 16.444408836907634 2.2
      vertex 8.55194970290473 16.72163859753386 2.2
      vertex 2.999999997019768 48.7 2.2
    endloop
  endfacet
  facet normal 0 0 1
    outer loop
      vertex 8.55194970290473 16.72163859753386 2.2
      vertex 9.114729033951615 16.892355841209692 2.2
      vertex 2.999999997019768 48.7 2.2
    endloop
  endfacet
  facet normal 0 0 1
    outer loop
      vertex 9.114729033951615 16.892355841209692 2.2
      vertex 9.7 16.95 2.2
      vertex 2.999999997019768 48.7 2.2
    endloop
  endfacet
  facet normal 0 0 1
    outer loop
      vertex 9.7 16.95 2.2
      vertex 10.285270966048383 16.892355841209692 2.2
      vertex 2.999999997019768 48.7 2.2
    endloop
  endfacet
  facet normal 0 0 1
    outer loop
      vertex 10.285270966048383 16.892355841209692 2.2
      vertex 8.55194970290473 34.178361402466145 2.2
      vertex 8.033289300941192 34.455591163092365 2.2
    endloop
  endfacet
  facet normal 0 0 1
    outer loop
      vertex 10.285270966048383 16.892355841209692 2.2
      vertex 7.5786796564403565 34.82867965644036 2.2
      vertex 7.205591163092364 35.2832893009412 2.2
    endloop
  endfacet
  facet normal 0 0 1
    outer loop
      vertex 10.285270966048383 16.892355841209692 2.2
      vertex 8.033289300941192 34.455591163092365 2.2
      vertex 7.5786796564403565 34.82867965644036 2.2
    endloop
  endfacet
  facet normal 0 0 1
    outer loop
      vertex 10.285270966048383 16.892355841209692 2.2
      vertex 7.205591163092364 35.2832893009412 2.2
      vertex 6.928361402466139 35.801949702904736 2.2
    endloop
  endfacet
  facet normal 0 0 1
    outer loop
      vertex 10.285270966048383 16.892355841209692 2.2
      vertex 6.928361402466139 35.801949702904736 2.2
      vertex 6.757644158790308 36.36472903395162 2.2
    endloop
  endfacet
  facet normal 0 0 1
    outer loop
      vertex 10.285270966048383 16.892355841209692 2.2
      vertex 9.114729033951615 34.00764415879031 2.2
      vertex 8.55194970290473 34.178361402466145 2.2
    endloop
  endfacet
  facet normal 0 0 1
    outer loop
      vertex 10.285270966048383 16.892355841209692 2.2
      vertex 9.7 33.95 2.2
      vertex 9.114729033951615 34.00764415879031 2.2
    endloop
  endfacet
  facet normal 0 0 1
    outer loop
      vertex 2.206844110786915 2.895579044520855 2.2
      vertex 2.206844110786915 48.00442095547915 2.2
      vertex 2.2 47.900000002980235 2.2
    endloop
  endfacet
  facet normal 0 0 1
    outer loop
      vertex 2.2272593423724176 2.7929447636008264 2.2
      vertex 2.2272593423724176 48.10705523639918 2.2
      vertex 2.206844110786915 48.00442095547915 2.2
    endloop
  endfacet
  facet normal 0 0 1
    outer loop
      vertex 2.2608963742852213 2.693853256106377 2.2
      vertex 2.2608963742852213 48.206146743893626 2.2
      vertex 2.2272593423724176 48.10705523639918 2.2
    endloop
  endfacet
  facet normal 0 0 1
    outer loop
      vertex 2.307179678976536 2.599999998509884 2.2
      vertex 2.307179678976536 48.30000000149012 2.2
      vertex 2.2608963742852213 48.206146743893626 2.2
    endloop
  endfacet
  facet normal 0 0 1
    outer loop
      vertex 2.365317326784134 2.5129908591508867 2.2
      vertex 2.365317326784134 48.387009140849116 2.2
      vertex 2.307179678976536 48.30000000149012 2.2
    endloop
  endfacet
  facet normal 0 0 1
    outer loop
      vertex 2.434314575791359 2.434314575791359 2.2
      vertex 2.434314575791359 48.465685424208644 2.2
      vertex 2.365317326784134 48.387009140849116 2.2
    endloop
  endfacet
  facet normal 0 0 1
    outer loop
      vertex 2.5129908591508867 2.365317326784134 2.2
      vertex 2.5129908591508867 48.53468267321587 2.2
      vertex 2.434314575791359 48.465685424208644 2.2
    endloop
  endfacet
  facet normal 0 0 1
    outer loop
      vertex 2.599999998509884 2.307179678976536 2.2
      vertex 2.599999998509884 48.59282032102347 2.2
      vertex 2.5129908591508867 48.53468267321587 2.2
    endloop
  endfacet
  facet normal 0 0 1
    outer loop
      vertex 2.693853256106377 2.2608963742852213 2.2
      vertex 2.693853256106377 48.63910362571478 2.2
      vertex 2.599999998509884 48.59282032102347 2.2
    endloop
  endfacet
  facet normal 0 0 1
    outer loop
      vertex 2.7929447636008264 2.2272593423724176 2.2
      vertex 2.7929447636008264 48.672740657627585 2.2
      vertex 2.693853256106377 48.63910362571478 2.2
    endloop
  endfacet
  facet normal 0 0 1
    outer loop
      vertex 2.895579044520855 2.206844110786915 2.2
      vertex 2.895579044520855 48.69315588921309 2.2
      vertex 2.7929447636008264 48.672740657627585 2.2
    endloop
  endfacet
  facet normal 0 0 1
    outer loop
      vertex 2.999999997019768 2.2 2.2
      vertex 2.999999997019768 48.7 2.2
      vertex 2.895579044520855 48.69315588921309 2.2
    endloop
  endfacet
  facet normal 0 0 1
    outer loop
      vertex 10.285270966048383 16.892355841209692 2.2
      vertex 6.757644158790308 36.36472903395162 2.2
      vertex 2.999999997019768 48.7 2.2
    endloop
  endfacet
  facet normal 0 0 1
    outer loop
      vertex 6.757644158790308 36.36472903395162 2.2
      vertex 6.699999999999999 36.95 2.2
      vertex 2.999999997019768 48.7 2.2
    endloop
  endfacet
  facet normal 0 0 1
    outer loop
      vertex 6.699999999999999 36.95 2.2
      vertex 6.757644158790308 37.53527096604839 2.2
      vertex 2.999999997019768 48.7 2.2
    endloop
  endfacet
  facet normal 0 0 1
    outer loop
      vertex 6.757644158790308 37.53527096604839 2.2
      vertex 6.928361402466139 38.09805029709527 2.2
      vertex 2.999999997019768 48.7 2.2
    endloop
  endfacet
  facet normal 0 0 1
    outer loop
      vertex 6.928361402466139 38.09805029709527 2.2
      vertex 7.205591163092364 38.61671069905881 2.2
      vertex 2.999999997019768 48.7 2.2
    endloop
  endfacet
  facet normal 0 0 1
    outer loop
      vertex 7.205591163092364 38.61671069905881 2.2
      vertex 7.5786796564403565 39.07132034355965 2.2
      vertex 2.999999997019768 48.7 2.2
    endloop
  endfacet
  facet normal 0 0 1
    outer loop
      vertex 7.5786796564403565 39.07132034355965 2.2
      vertex 8.033289300941192 39.44440883690764 2.2
      vertex 2.999999997019768 48.7 2.2
    endloop
  endfacet
  facet normal 0 0 1
    outer loop
      vertex 8.033289300941192 39.44440883690764 2.2
      vertex 8.55194970290473 39.72163859753386 2.2
      vertex 2.999999997019768 48.7 2.2
    endloop
  endfacet
  facet normal 0 0 1
    outer loop
      vertex 8.55194970290473 39.72163859753386 2.2
      vertex 9.114729033951615 39.89235584120969 2.2
      vertex 2.999999997019768 48.7 2.2
    endloop
  endfacet
  facet normal 0 0 1
    outer loop
      vertex 9.114729033951615 39.89235584120969 2.2
      vertex 9.7 39.95 2.2
      vertex 2.999999997019768 48.7 2.2
    endloop
  endfacet
  facet normal 0 0 1
    outer loop
      vertex 9.7 39.95 2.2
      vertex 10.285270966048383 39.89235584120969 2.2
      vertex 2.999999997019768 48.7 2.2
    endloop
  endfacet
  facet normal 0 0 1
    outer loop
      vertex 11.821320343559641 39.07132034355965 2.2
      vertex 2.999999997019768 48.7 2.2
      vertex 11.366710699058807 39.44440883690764 2.2
    endloop
  endfacet
  facet normal 0 0 1
    outer loop
      vertex 10.848050297095268 39.72163859753386 2.2
      vertex 11.366710699058807 39.44440883690764 2.2
      vertex 2.999999997019768 48.7 2.2
    endloop
  endfacet
  facet normal 0 0 1
    outer loop
      vertex 10.848050297095268 39.72163859753386 2.2
      vertex 2.999999997019768 48.7 2.2
      vertex 10.285270966048383 39.89235584120969 2.2
    endloop
  endfacet
  facet normal 1 0 0
    outer loop
      vertex 2.2 33.45 2.2
      vertex 2.2 47.900000002980235 2.2
      vertex 2.2 33.45 10.2
    endloop
  endfacet
  facet normal 1 0 0
    outer loop
      vertex 2.2 33.45 10.2
      vertex 2.2 47.900000002980235 2.2
      vertex 2.2 40.038720540657195 26.7
    endloop
  endfacet
  facet normal 0.9978589232575189 -0.0654031289415513 0
    outer loop
      vertex 2.2 47.900000002980235 2.2
      vertex 2.206844110786915 48.00442095547915 2.2
      vertex 2.2 47.900000002980235 26.7
    endloop
  endfacet
  facet normal 0.9807852734670753 -0.1950903568865309 0
    outer loop
      vertex 2.206844110786915 48.00442095547915 2.2
      vertex 2.2272593423724176 48.10705523639918 2.2
      vertex 2.206844110786915 48.00442095547915 26.7
    endloop
  endfacet
  facet normal 0.9469301362531145 -0.32143944539470887 0
    outer loop
      vertex 2.2272593423724176 48.10705523639918 2.2
      vertex 2.2608963742852213 48.206146743893626 2.2
      vertex 2.2272593423724176 48.10705523639918 26.7
    endloop
  endfacet
  facet normal 0.8968727415726173 -0.4422886901380331 0
    outer loop
      vertex 2.2608963742852213 48.206146743893626 2.2
      vertex 2.307179678976536 48.30000000149012 2.2
      vertex 2.2608963742852213 48.206146743893626 26.7
    endloop
  endfacet
  facet normal 0.8314696141381523 -0.5555702302724219 0
    outer loop
      vertex 2.307179678976536 48.30000000149012 2.2
      vertex 2.365317326784134 48.387009140849116 2.2
      vertex 2.307179678976536 48.30000000149012 26.7
    endloop
  endfacet
  facet normal 0.7518398060333286 -0.6593458167485153 0
    outer loop
      vertex 2.365317326784134 48.387009140849116 2.2
      vertex 2.434314575791359 48.465685424208644 2.2
      vertex 2.365317326784134 48.387009140849116 26.7
    endloop
  endfacet
  facet normal 0.6593458167485153 -0.7518398060333286 0
    outer loop
      vertex 2.434314575791359 48.465685424208644 2.2
      vertex 2.5129908591508867 48.53468267321587 2.2
      vertex 2.434314575791359 48.465685424208644 26.7
    endloop
  endfacet
  facet normal 0.5555702302724219 -0.8314696141381523 0
    outer loop
      vertex 2.5129908591508867 48.53468267321587 2.2
      vertex 2.599999998509884 48.59282032102347 2.2
      vertex 2.5129908591508867 48.53468267321587 26.7
    endloop
  endfacet
  facet normal 0.4422886901380331 -0.8968727415726173 0
    outer loop
      vertex 2.599999998509884 48.59282032102347 2.2
      vertex 2.693853256106377 48.63910362571478 2.2
      vertex 2.599999998509884 48.59282032102347 26.7
    endloop
  endfacet
  facet normal 0.32143944539470887 -0.9469301362531145 0
    outer loop
      vertex 2.693853256106377 48.63910362571478 2.2
      vertex 2.7929447636008264 48.672740657627585 2.2
      vertex 2.693853256106377 48.63910362571478 26.7
    endloop
  endfacet
  facet normal 0.1950903568865309 -0.9807852734670753 0
    outer loop
      vertex 2.7929447636008264 48.672740657627585 2.2
      vertex 2.895579044520855 48.69315588921309 2.2
      vertex 2.7929447636008264 48.672740657627585 26.7
    endloop
  endfacet
  facet normal 0.0654031289415513 -0.9978589232575189 0
    outer loop
      vertex 2.895579044520855 48.69315588921309 2.2
      vertex 2.999999997019768 48.7 2.2
      vertex 2.895579044520855 48.69315588921309 26.7
    endloop
  endfacet
  facet normal 0 0 1
    outer loop
      vertex 9.7 33.95 2.2
      vertex 90.2 12.2 2.2
      vertex 10.285270966048383 34.00764415879031 2.2
    endloop
  endfacet
  facet normal 0 0 1
    outer loop
      vertex 10.285270966048383 34.00764415879031 2.2
      vertex 90.2 12.2 2.2
      vertex 10.848050297095268 34.178361402466145 2.2
    endloop
  endfacet
  facet normal 0 0 1
    outer loop
      vertex 10.848050297095268 34.178361402466145 2.2
      vertex 90.2 12.2 2.2
      vertex 11.366710699058807 34.455591163092365 2.2
    endloop
  endfacet
  facet normal 0 0 1
    outer loop
      vertex 11.366710699058807 34.455591163092365 2.2
      vertex 90.2 12.2 2.2
      vertex 11.821320343559641 34.82867965644036 2.2
    endloop
  endfacet
  facet normal 0 0 1
    outer loop
      vertex 11.821320343559641 34.82867965644036 2.2
      vertex 90.2 12.2 2.2
      vertex 12.194408836907634 35.2832893009412 2.2
    endloop
  endfacet
  facet normal 0 0 1
    outer loop
      vertex 12.194408836907634 35.2832893009412 2.2
      vertex 90.2 12.2 2.2
      vertex 12.47163859753386 35.801949702904736 2.2
    endloop
  endfacet
  facet normal 0 0 1
    outer loop
      vertex 12.47163859753386 35.801949702904736 2.2
      vertex 90.2 12.2 2.2
      vertex 12.64235584120969 36.36472903395162 2.2
    endloop
  endfacet
  facet normal 0 0 1
    outer loop
      vertex 12.64235584120969 36.36472903395162 2.2
      vertex 90.2 12.2 2.2
      vertex 12.7 36.95 2.2
    endloop
  endfacet
  facet normal 0 0 1
    outer loop
      vertex 11.821320343559641 39.07132034355965 2.2
      vertex 140.90000000298022 2.2 2.2
      vertex 2.999999997019768 48.7 2.2
    endloop
  endfacet
  facet normal 0 0 1
    outer loop
      vertex 12.7 36.95 2.2
      vertex 140.90000000298022 2.2 2.2
      vertex 12.64235584120969 37.53527096604839 2.2
    endloop
  endfacet
  facet normal 0 0 1
    outer loop
      vertex 12.64235584120969 37.53527096604839 2.2
      vertex 140.90000000298022 2.2 2.2
      vertex 12.47163859753386 38.09805029709527 2.2
    endloop
  endfacet
  facet normal 0 0 1
    outer loop
      vertex 12.194408836907634 38.61671069905881 2.2
      vertex 140.90000000298022 2.2 2.2
      vertex 11.821320343559641 39.07132034355965 2.2
    endloop
  endfacet
  facet normal 0 0 1
    outer loop
      vertex 12.47163859753386 38.09805029709527 2.2
      vertex 140.90000000298022 2.2 2.2
      vertex 12.194408836907634 38.61671069905881 2.2
    endloop
  endfacet
  facet normal 0 0 1
    outer loop
      vertex 2.999999997019768 48.7 2.2
      vertex 133.0332893009412 6.705591163092364 2.2
      vertex 67.11472903395162 34.00764415879031 2.2
    endloop
  endfacet
  facet normal 0 0 1
    outer loop
      vertex 2.999999997019768 48.7 2.2
      vertex 66.03328930094119 34.455591163092365 2.2
      vertex 65.57867965644036 34.82867965644036 2.2
    endloop
  endfacet
  facet normal 0 0 1
    outer loop
      vertex 2.999999997019768 48.7 2.2
      vertex 65.57867965644036 34.82867965644036 2.2
      vertex 65.20559116309236 35.2832893009412 2.2
    endloop
  endfacet
  facet normal 0 0 1
    outer loop
      vertex 2.999999997019768 48.7 2.2
      vertex 65.20559116309236 35.2832893009412 2.2
      vertex 64.92836140246614 35.801949702904736 2.2
    endloop
  endfacet
  facet normal 0 0 1
    outer loop
      vertex 2.999999997019768 48.7 2.2
      vertex 64.92836140246614 35.801949702904736 2.2
      vertex 64.75764415879031 36.36472903395162 2.2
    endloop
  endfacet
  facet normal 0 0 1
    outer loop
      vertex 2.999999997019768 48.7 2.2
      vertex 64.75764415879031 36.36472903395162 2.2
      vertex 64.7 36.95 2.2
    endloop
  endfacet
  facet normal 0 0 1
    outer loop
      vertex 2.999999997019768 48.7 2.2
      vertex 64.7 36.95 2.2
      vertex 64.75764415879031 37.53527096604839 2.2
    endloop
  endfacet
  facet normal 0 0 1
    outer loop
      vertex 2.999999997019768 48.7 2.2
      vertex 64.75764415879031 37.53527096604839 2.2
      vertex 64.92836140246614 38.09805029709527 2.2
    endloop
  endfacet
  facet normal 0 0 1
    outer loop
      vertex 2.999999997019768 48.7 2.2
      vertex 64.92836140246614 38.09805029709527 2.2
      vertex 65.20559116309236 38.61671069905881 2.2
    endloop
  endfacet
  facet normal 0 0 1
    outer loop
      vertex 2.999999997019768 48.7 2.2
      vertex 65.20559116309236 38.61671069905881 2.2
      vertex 65.57867965644036 39.07132034355965 2.2
    endloop
  endfacet
  facet normal 0 0 1
    outer loop
      vertex 2.999999997019768 48.7 2.2
      vertex 65.57867965644036 39.07132034355965 2.2
      vertex 66.03328930094119 39.44440883690764 2.2
    endloop
  endfacet
  facet normal 0 0 1
    outer loop
      vertex 2.999999997019768 48.7 2.2
      vertex 67.11472903395162 34.00764415879031 2.2
      vertex 66.55194970290474 34.178361402466145 2.2
    endloop
  endfacet
  facet normal 0 0 1
    outer loop
      vertex 2.999999997019768 48.7 2.2
      vertex 66.55194970290474 34.178361402466145 2.2
      vertex 66.03328930094119 34.455591163092365 2.2
    endloop
  endfacet
  facet normal 0 0 1
    outer loop
      vertex 2.999999997019768 48.7 2.2
      vertex 66.03328930094119 39.44440883690764 2.2
      vertex 66.55194970290474 39.72163859753386 2.2
    endloop
  endfacet
  facet normal 0 0 1
    outer loop
      vertex 2.999999997019768 48.7 2.2
      vertex 66.55194970290474 39.72163859753386 2.2
      vertex 67.11472903395162 39.89235584120969 2.2
    endloop
  endfacet
  facet normal 0 0 1
    outer loop
      vertex 2.999999997019768 48.7 2.2
      vertex 67.11472903395162 39.89235584120969 2.2
      vertex 67.7 39.95 2.2
    endloop
  endfacet
  facet normal 0 0 1
    outer loop
      vertex 2.999999997019768 48.7 2.2
      vertex 67.7 39.95 2.2
      vertex 89.61472903395162 38.75764415879031 2.2
    endloop
  endfacet
  facet normal 0 -1 0
    outer loop
      vertex 2.999999997019768 48.7 2.2
      vertex 78.95 48.7 4.2
      vertex 64.95 48.7 4.2
    endloop
  endfacet
  facet normal 0 0 1
    outer loop
      vertex 2.999999997019768 48.7 2.2
      vertex 89.61472903395162 38.75764415879031 2.2
      vertex 89.05194970290474 38.928361402466145 2.2
    endloop
  endfacet
  facet normal 0 0 1
    outer loop
      vertex 2.999999997019768 48.7 2.2
      vertex 88.53328930094119 39.205591163092365 2.2
      vertex 88.07867965644036 39.57867965644036 2.2
    endloop
  endfacet
  facet normal 0 0 1
    outer loop
      vertex 2.999999997019768 48.7 2.2
      vertex 89.05194970290474 38.928361402466145 2.2
      vertex 88.53328930094119 39.205591163092365 2.2
    endloop
  endfacet
  facet normal 0 0 1
    outer loop
      vertex 2.999999997019768 48.7 2.2
      vertex 88.07867965644036 39.57867965644036 2.2
      vertex 87.70559116309236 40.0332893009412 2.2
    endloop
  endfacet
  facet normal 0 0 1
    outer loop
      vertex 2.999999997019768 48.7 2.2
      vertex 87.70559116309236 40.0332893009412 2.2
      vertex 87.42836140246614 40.551949702904736 2.2
    endloop
  endfacet
  facet normal 0 0 1
    outer loop
      vertex 2.999999997019768 48.7 2.2
      vertex 87.42836140246614 40.551949702904736 2.2
      vertex 87.25764415879031 41.11472903395162 2.2
    endloop
  endfacet
  facet normal 0 0 1
    outer loop
      vertex 2.999999997019768 48.7 2.2
      vertex 87.25764415879031 41.11472903395162 2.2
      vertex 87.2 41.7 2.2
    endloop
  endfacet
  facet normal 0 0 1
    outer loop
      vertex 2.999999997019768 48.7 2.2
      vertex 87.2 41.7 2.2
      vertex 87.25764415879031 42.28527096604839 2.2
    endloop
  endfacet
  facet normal 0 0 1
    outer loop
      vertex 2.999999997019768 48.7 2.2
      vertex 87.25764415879031 42.28527096604839 2.2
      vertex 87.42836140246614 42.84805029709527 2.2
    endloop
  endfacet
  facet normal 0 0 1
    outer loop
      vertex 2.999999997019768 48.7 2.2
      vertex 87.42836140246614 42.84805029709527 2.2
      vertex 87.70559116309236 43.36671069905881 2.2
    endloop
  endfacet
  facet normal 0 0 1
    outer loop
      vertex 2.999999997019768 48.7 2.2
      vertex 87.70559116309236 43.36671069905881 2.2
      vertex 88.07867965644036 43.82132034355965 2.2
    endloop
  endfacet
  facet normal 0 0 1
    outer loop
      vertex 2.999999997019768 48.7 2.2
      vertex 88.07867965644036 43.82132034355965 2.2
      vertex 88.53328930094119 44.19440883690764 2.2
    endloop
  endfacet
  facet normal 0 0 1
    outer loop
      vertex 2.999999997019768 48.7 2.2
      vertex 88.53328930094119 44.19440883690764 2.2
      vertex 89.05194970290474 44.47163859753386 2.2
    endloop
  endfacet
  facet normal 0 0 1
    outer loop
      vertex 2.999999997019768 48.7 2.2
      vertex 89.05194970290474 44.47163859753386 2.2
      vertex 89.61472903395162 44.64235584120969 2.2
    endloop
  endfacet
  facet normal 0 0 1
    outer loop
      vertex 2.999999997019768 48.7 2.2
      vertex 89.61472903395162 44.64235584120969 2.2
      vertex 90.2 44.7 2.2
    endloop
  endfacet
  facet normal 0 -1 0
    outer loop
      vertex 2.999999997019768 48.7 2.2
      vertex 64.95 48.7 4.2
      vertex 64.95 48.7 20.2
    endloop
  endfacet
  facet normal 1 0 0
    outer loop
      vertex 2.2 17.45 10.2
      vertex 2.2 33.45 10.2
      vertex 2.2 40.038720540657195 26.7
    endloop
  endfacet
  facet normal 1 0 0
    outer loop
      vertex 2.2 47.900000002980235 2.2
      vertex 2.2 47.900000002980235 26.7
      vertex 2.2 40.038720540657195 26.7
    endloop
  endfacet
  facet normal 0.9978589232575189 -0.0654031289415513 0
    outer loop
      vertex 2.206844110786915 48.00442095547915 2.2
      vertex 2.206844110786915 48.00442095547915 26.7
      vertex 2.2 47.900000002980235 26.7
    endloop
  endfacet
  facet normal 0.9807852734670753 -0.1950903568865309 0
    outer loop
      vertex 2.2272593423724176 48.10705523639918 2.2
      vertex 2.2272593423724176 48.10705523639918 26.7
      vertex 2.206844110786915 48.00442095547915 26.7
    endloop
  endfacet
  facet normal 0.9469301362531145 -0.32143944539470887 0
    outer loop
      vertex 2.2608963742852213 48.206146743893626 2.2
      vertex 2.2608963742852213 48.206146743893626 26.7
      vertex 2.2272593423724176 48.10705523639918 26.7
    endloop
  endfacet
  facet normal 0.8968727415726173 -0.4422886901380331 0
    outer loop
      vertex 2.307179678976536 48.30000000149012 2.2
      vertex 2.307179678976536 48.30000000149012 26.7
      vertex 2.2608963742852213 48.206146743893626 26.7
    endloop
  endfacet
  facet normal 0.8314696141381523 -0.5555702302724219 0
    outer loop
      vertex 2.365317326784134 48.387009140849116 2.2
      vertex 2.365317326784134 48.387009140849116 26.7
      vertex 2.307179678976536 48.30000000149012 26.7
    endloop
  endfacet
  facet normal 0.7518398060333286 -0.6593458167485153 0
    outer loop
      vertex 2.434314575791359 48.465685424208644 2.2
      vertex 2.434314575791359 48.465685424208644 26.7
      vertex 2.365317326784134 48.387009140849116 26.7
    endloop
  endfacet
  facet normal 0.6593458167485153 -0.7518398060333286 0
    outer loop
      vertex 2.5129908591508867 48.53468267321587 2.2
      vertex 2.5129908591508867 48.53468267321587 26.7
      vertex 2.434314575791359 48.465685424208644 26.7
    endloop
  endfacet
  facet normal 0.5555702302724219 -0.8314696141381523 0
    outer loop
      vertex 2.599999998509884 48.59282032102347 2.2
      vertex 2.599999998509884 48.59282032102347 26.7
      vertex 2.5129908591508867 48.53468267321587 26.7
    endloop
  endfacet
  facet normal 0.4422886901380331 -0.8968727415726173 0
    outer loop
      vertex 2.693853256106377 48.63910362571478 2.2
      vertex 2.693853256106377 48.63910362571478 26.7
      vertex 2.599999998509884 48.59282032102347 26.7
    endloop
  endfacet
  facet normal 0.32143944539470887 -0.9469301362531145 0
    outer loop
      vertex 2.7929447636008264 48.672740657627585 2.2
      vertex 2.7929447636008264 48.672740657627585 26.7
      vertex 2.693853256106377 48.63910362571478 26.7
    endloop
  endfacet
  facet normal 0.1950903568865309 -0.9807852734670753 0
    outer loop
      vertex 2.895579044520855 48.69315588921309 2.2
      vertex 2.895579044520855 48.69315588921309 26.7
      vertex 2.7929447636008264 48.672740657627585 26.7
    endloop
  endfacet
  facet normal 0.0654031289415513 -0.9978589232575189 0
    outer loop
      vertex 2.999999997019768 48.7 2.2
      vertex 2.999999997019768 48.7 26.7
      vertex 2.895579044520855 48.69315588921309 26.7
    endloop
  endfacet
  facet normal 0 -1 0
    outer loop
      vertex 2.999999997019768 48.7 2.2
      vertex 64.95 48.7 20.2
      vertex 2.999999997019768 48.7 26.7
    endloop
  endfacet
  facet normal 0 -1 0
    outer loop
      vertex 2.999999997019768 48.7 26.7
      vertex 64.95 48.7 20.2
      vertex 78.95 48.7 20.2
    endloop
  endfacet
  facet normal 0 0 1
    outer loop
      vertex 2.999999997019768 2.2 2.2
      vertex 140.90000000298022 2.2 2.2
      vertex 90.2 6.199999999999999 2.2
    endloop
  endfacet
  facet normal 0 0 1
    outer loop
      vertex 67.7 10.95 2.2
      vertex 88.53328930094119 6.705591163092364 2.2
      vertex 68.28527096604839 11.007644158790308 2.2
    endloop
  endfacet
  facet normal 0 0 1
    outer loop
      vertex 68.28527096604839 11.007644158790308 2.2
      vertex 88.07867965644036 7.0786796564403565 2.2
      vertex 68.84805029709527 11.17836140246614 2.2
    endloop
  endfacet
  facet normal 0 0 1
    outer loop
      vertex 68.84805029709527 11.17836140246614 2.2
      vertex 87.70559116309236 7.533289300941193 2.2
      vertex 69.36671069905881 11.455591163092365 2.2
    endloop
  endfacet
  facet normal 0 0 1
    outer loop
      vertex 69.36671069905881 11.455591163092365 2.2
      vertex 87.42836140246614 8.05194970290473 2.2
      vertex 69.82132034355965 11.828679656440357 2.2
    endloop
  endfacet
  facet normal 0 0 1
    outer loop
      vertex 69.82132034355965 11.828679656440357 2.2
      vertex 87.25764415879031 8.614729033951615 2.2
      vertex 70.19440883690764 12.283289300941192 2.2
    endloop
  endfacet
  facet normal 0 0 1
    outer loop
      vertex 70.19440883690764 12.283289300941192 2.2
      vertex 87.2 9.2 2.2
      vertex 70.47163859753387 12.80194970290473 2.2
    endloop
  endfacet
  facet normal 0 0 1
    outer loop
      vertex 70.47163859753387 12.80194970290473 2.2
      vertex 87.25764415879031 9.785270966048383 2.2
      vertex 70.64235584120969 13.364729033951615 2.2
    endloop
  endfacet
  facet normal 0 0 1
    outer loop
      vertex 70.64235584120969 13.364729033951615 2.2
      vertex 87.42836140246614 10.348050297095268 2.2
      vertex 70.7 13.95 2.2
    endloop
  endfacet
  facet normal 0 0 1
    outer loop
      vertex 67.7 10.95 2.2
      vertex 89.05194970290474 6.428361402466139 2.2
      vertex 88.53328930094119 6.705591163092364 2.2
    endloop
  endfacet
  facet normal 0 0 1
    outer loop
      vertex 68.28527096604839 11.007644158790308 2.2
      vertex 88.53328930094119 6.705591163092364 2.2
      vertex 88.07867965644036 7.0786796564403565 2.2
    endloop
  endfacet
  facet normal 0 0 1
    outer loop
      vertex 68.84805029709527 11.17836140246614 2.2
      vertex 88.07867965644036 7.0786796564403565 2.2
      vertex 87.70559116309236 7.533289300941193 2.2
    endloop
  endfacet
  facet normal 0 0 1
    outer loop
      vertex 69.36671069905881 11.455591163092365 2.2
      vertex 87.70559116309236 7.533289300941193 2.2
      vertex 87.42836140246614 8.05194970290473 2.2
    endloop
  endfacet
  facet normal 0 0 1
    outer loop
      vertex 69.82132034355965 11.828679656440357 2.2
      vertex 87.42836140246614 8.05194970290473 2.2
      vertex 87.25764415879031 8.614729033951615 2.2
    endloop
  endfacet
  facet normal 0 0 1
    outer loop
      vertex 70.19440883690764 12.283289300941192 2.2
      vertex 87.25764415879031 8.614729033951615 2.2
      vertex 87.2 9.2 2.2
    endloop
  endfacet
  facet normal 0 0 1
    outer loop
      vertex 70.47163859753387 12.80194970290473 2.2
      vertex 87.2 9.2 2.2
      vertex 87.25764415879031 9.785270966048383 2.2
    endloop
  endfacet
  facet normal 0 0 1
    outer loop
      vertex 70.64235584120969 13.364729033951615 2.2
      vertex 87.25764415879031 9.785270966048383 2.2
      vertex 87.42836140246614 10.348050297095268 2.2
    endloop
  endfacet
  facet normal 0 0 1
    outer loop
      vertex 70.7 13.95 2.2
      vertex 87.42836140246614 10.348050297095268 2.2
      vertex 87.70559116309236 10.866710699058807 2.2
    endloop
  endfacet
  facet normal 0 0 1
    outer loop
      vertex 70.7 13.95 2.2
      vertex 87.70559116309236 10.866710699058807 2.2
      vertex 88.07867965644036 11.321320343559641 2.2
    endloop
  endfacet
  facet normal 0 0 1
    outer loop
      vertex 70.7 13.95 2.2
      vertex 88.07867965644036 11.321320343559641 2.2
      vertex 88.53328930094119 11.694408836907634 2.2
    endloop
  endfacet
  facet normal 0 0 1
    outer loop
      vertex 70.7 13.95 2.2
      vertex 88.53328930094119 11.694408836907634 2.2
      vertex 89.05194970290474 11.97163859753386 2.2
    endloop
  endfacet
  facet normal 0 0 1
    outer loop
      vertex 70.7 13.95 2.2
      vertex 89.05194970290474 11.97163859753386 2.2
      vertex 89.61472903395162 12.14235584120969 2.2
    endloop
  endfacet
  facet normal 0 0 1
    outer loop
      vertex 90.2 6.199999999999999 2.2
      vertex 140.90000000298022 2.2 2.2
      vertex 90.78527096604839 6.257644158790308 2.2
    endloop
  endfacet
  facet normal 0 0 1
    outer loop
      vertex 90.78527096604839 6.257644158790308 2.2
      vertex 140.90000000298022 2.2 2.2
      vertex 91.34805029709527 6.428361402466139 2.2
    endloop
  endfacet
  facet normal 0 1 0
    outer loop
      vertex 67.2 2.2 3
      vertex 67.2 2.2 12
      vertex 140.90000000298022 2.2 2.2
    endloop
  endfacet
  facet normal 0 0 1
    outer loop
      vertex 68.28527096604839 16.892355841209692 2.2
      vertex 68.84805029709527 16.72163859753386 2.2
      vertex 90.2 12.2 2.2
    endloop
  endfacet
  facet normal 0 0 1
    outer loop
      vertex 69.36671069905881 16.444408836907634 2.2
      vertex 90.2 12.2 2.2
      vertex 68.84805029709527 16.72163859753386 2.2
    endloop
  endfacet
  facet normal 0 0 1
    outer loop
      vertex 70.7 13.95 2.2
      vertex 90.2 12.2 2.2
      vertex 70.64235584120969 14.535270966048383 2.2
    endloop
  endfacet
  facet normal 0 0 1
    outer loop
      vertex 70.47163859753387 15.098050297095268 2.2
      vertex 90.2 12.2 2.2
      vertex 70.19440883690764 15.616710699058807 2.2
    endloop
  endfacet
  facet normal 0 0 1
    outer loop
      vertex 70.64235584120969 14.535270966048383 2.2
      vertex 90.2 12.2 2.2
      vertex 70.47163859753387 15.098050297095268 2.2
    endloop
  endfacet
  facet normal 0 0 1
    outer loop
      vertex 70.19440883690764 15.616710699058807 2.2
      vertex 90.2 12.2 2.2
      vertex 69.82132034355965 16.07132034355964 2.2
    endloop
  endfacet
  facet normal 0 0 1
    outer loop
      vertex 69.36671069905881 16.444408836907634 2.2
      vertex 69.82132034355965 16.07132034355964 2.2
      vertex 90.2 12.2 2.2
    endloop
  endfacet
  facet normal 0 0 1
    outer loop
      vertex 70.7 13.95 2.2
      vertex 89.61472903395162 12.14235584120969 2.2
      vertex 90.2 12.2 2.2
    endloop
  endfacet
  facet normal 0 0 1
    outer loop
      vertex 12.7 36.95 2.2
      vertex 91.34805029709527 11.97163859753386 2.2
      vertex 140.90000000298022 2.2 2.2
    endloop
  endfacet
  facet normal 0 0 1
    outer loop
      vertex 2.999999997019768 48.7 2.2
      vertex 133.55194970290472 6.428361402466139 2.2
      vertex 133.0332893009412 6.705591163092364 2.2
    endloop
  endfacet
  facet normal 0 0 1
    outer loop
      vertex 67.11472903395162 34.00764415879031 2.2
      vertex 133.0332893009412 6.705591163092364 2.2
      vertex 67.7 33.95 2.2
    endloop
  endfacet
  facet normal 0 0 1
    outer loop
      vertex 67.7 33.95 2.2
      vertex 132.57867965644036 7.0786796564403565 2.2
      vertex 68.28527096604839 34.00764415879031 2.2
    endloop
  endfacet
  facet normal 0 0 1
    outer loop
      vertex 68.28527096604839 34.00764415879031 2.2
      vertex 132.20559116309235 7.533289300941193 2.2
      vertex 68.84805029709527 34.178361402466145 2.2
    endloop
  endfacet
  facet normal 0 0 1
    outer loop
      vertex 2.999999997019768 48.7 2.2
      vertex 140.90000000298022 2.2 2.2
      vertex 133.55194970290472 6.428361402466139 2.2
    endloop
  endfacet
  facet normal 0 0 1
    outer loop
      vertex 91.34805029709527 6.428361402466139 2.2
      vertex 140.90000000298022 2.2 2.2
      vertex 91.86671069905881 6.705591163092364 2.2
    endloop
  endfacet
  facet normal 0 0 1
    outer loop
      vertex 91.86671069905881 6.705591163092364 2.2
      vertex 140.90000000298022 2.2 2.2
      vertex 92.32132034355965 7.0786796564403565 2.2
    endloop
  endfacet
  facet normal 0 0 1
    outer loop
      vertex 92.32132034355965 7.0786796564403565 2.2
      vertex 140.90000000298022 2.2 2.2
      vertex 92.69440883690764 7.533289300941193 2.2
    endloop
  endfacet
  facet normal 0 0 1
    outer loop
      vertex 92.69440883690764 7.533289300941193 2.2
      vertex 140.90000000298022 2.2 2.2
      vertex 92.97163859753387 8.05194970290473 2.2
    endloop
  endfacet
  facet normal 0 0 1
    outer loop
      vertex 92.97163859753387 8.05194970290473 2.2
      vertex 140.90000000298022 2.2 2.2
      vertex 93.14235584120969 8.614729033951615 2.2
    endloop
  endfacet
  facet normal 0 0 1
    outer loop
      vertex 93.14235584120969 8.614729033951615 2.2
      vertex 140.90000000298022 2.2 2.2
      vertex 93.2 9.2 2.2
    endloop
  endfacet
  facet normal 0 0 1
    outer loop
      vertex 93.2 9.2 2.2
      vertex 140.90000000298022 2.2 2.2
      vertex 93.14235584120969 9.785270966048383 2.2
    endloop
  endfacet
  facet normal 0 0 1
    outer loop
      vertex 93.14235584120969 9.785270966048383 2.2
      vertex 140.90000000298022 2.2 2.2
      vertex 92.97163859753387 10.348050297095268 2.2
    endloop
  endfacet
  facet normal 0 0 1
    outer loop
      vertex 92.97163859753387 10.348050297095268 2.2
      vertex 140.90000000298022 2.2 2.2
      vertex 92.69440883690764 10.866710699058807 2.2
    endloop
  endfacet
  facet normal 0 0 1
    outer loop
      vertex 92.69440883690764 10.866710699058807 2.2
      vertex 140.90000000298022 2.2 2.2
      vertex 92.32132034355965 11.321320343559641 2.2
    endloop
  endfacet
  facet normal 0 0 1
    outer loop
      vertex 91.86671069905881 11.694408836907634 2.2
      vertex 92.32132034355965 11.321320343559641 2.2
      vertex 140.90000000298022 2.2 2.2
    endloop
  endfacet
  facet normal 0 0 1
    outer loop
      vertex 91.86671069905881 11.694408836907634 2.2
      vertex 140.90000000298022 2.2 2.2
      vertex 91.34805029709527 11.97163859753386 2.2
    endloop
  endfacet
  facet normal 0 0 1
    outer loop
      vertex 134.1147290339516 6.257644158790308 2.2
      vertex 133.55194970290472 6.428361402466139 2.2
      vertex 140.90000000298022 2.2 2.2
    endloop
  endfacet
  facet normal 0 0 1
    outer loop
      vertex 134.1147290339516 6.257644158790308 2.2
      vertex 140.90000000298022 2.2 2.2
      vertex 134.7 6.199999999999999 2.2
    endloop
  endfacet
  facet normal 0 0 1
    outer loop
      vertex 134.7 6.199999999999999 2.2
      vertex 140.90000000298022 2.2 2.2
      vertex 135.2852709660484 6.257644158790308 2.2
    endloop
  endfacet
  facet normal 0 0 1
    outer loop
      vertex 140.90000000298022 2.2 2.2
      vertex 135.84805029709526 6.428361402466139 2.2
      vertex 135.2852709660484 6.257644158790308 2.2
    endloop
  endfacet
  facet normal 0 0 1
    outer loop
      vertex 140.90000000298022 2.2 2.2
      vertex 136.36671069905879 6.705591163092364 2.2
      vertex 135.84805029709526 6.428361402466139 2.2
    endloop
  endfacet
  facet normal 0 0 1
    outer loop
      vertex 140.90000000298022 2.2 2.2
      vertex 136.82132034355962 7.0786796564403565 2.2
      vertex 136.36671069905879 6.705591163092364 2.2
    endloop
  endfacet
  facet normal 0 0 1
    outer loop
      vertex 140.90000000298022 2.2 2.2
      vertex 137.19440883690763 7.533289300941193 2.2
      vertex 136.82132034355962 7.0786796564403565 2.2
    endloop
  endfacet
  facet normal 0 0 1
    outer loop
      vertex 140.90000000298022 2.2 2.2
      vertex 137.47163859753385 8.05194970290473 2.2
      vertex 137.19440883690763 7.533289300941193 2.2
    endloop
  endfacet
  facet normal 0 0 1
    outer loop
      vertex 140.90000000298022 2.2 2.2
      vertex 137.64235584120968 8.614729033951615 2.2
      vertex 137.47163859753385 8.05194970290473 2.2
    endloop
  endfacet
  facet normal 0 0 1
    outer loop
      vertex 140.90000000298022 2.2 2.2
      vertex 137.7 9.2 2.2
      vertex 137.64235584120968 8.614729033951615 2.2
    endloop
  endfacet
  facet normal 0 1 0
    outer loop
      vertex 67.2 2.2 12
      vertex 140.90000000298022 2.2 26.7
      vertex 140.90000000298022 2.2 2.2
    endloop
  endfacet
  facet normal -0.0654031289415513 0.9978589232575189 0
    outer loop
      vertex 140.90000000298022 2.2 2.2
      vertex 141.00442095547913 2.206844110786915 26.7
      vertex 141.00442095547913 2.206844110786915 2.2
    endloop
  endfacet
  facet normal -0.1950903568865309 0.9807852734670753 0
    outer loop
      vertex 141.00442095547913 2.206844110786915 2.2
      vertex 141.10705523639916 2.2272593423724176 26.7
      vertex 141.10705523639916 2.2272593423724176 2.2
    endloop
  endfacet
  facet normal -0.32143944539470887 0.9469301362531145 0
    outer loop
      vertex 141.10705523639916 2.2272593423724176 2.2
      vertex 141.2061467438936 2.2608963742852213 26.7
      vertex 141.2061467438936 2.2608963742852213 2.2
    endloop
  endfacet
  facet normal -0.4422886901380331 0.8968727415726173 0
    outer loop
      vertex 141.2061467438936 2.2608963742852213 2.2
      vertex 141.3000000014901 2.307179678976536 26.7
      vertex 141.3000000014901 2.307179678976536 2.2
    endloop
  endfacet
  facet normal -0.5555702302724219 0.8314696141381523 0
    outer loop
      vertex 141.3000000014901 2.307179678976536 2.2
      vertex 141.3870091408491 2.365317326784134 26.7
      vertex 141.3870091408491 2.365317326784134 2.2
    endloop
  endfacet
  facet normal -0.6593458167485153 0.7518398060333286 0
    outer loop
      vertex 141.3870091408491 2.365317326784134 2.2
      vertex 141.46568542420863 2.434314575791359 26.7
      vertex 141.46568542420863 2.434314575791359 2.2
    endloop
  endfacet
  facet normal -0.7518398060333286 0.6593458167485153 0
    outer loop
      vertex 141.46568542420863 2.434314575791359 2.2
      vertex 141.53468267321585 2.5129908591508867 26.7
      vertex 141.53468267321585 2.5129908591508867 2.2
    endloop
  endfacet
  facet normal -0.8314696141381523 0.5555702302724219 0
    outer loop
      vertex 141.53468267321585 2.5129908591508867 2.2
      vertex 141.59282032102345 2.599999998509884 26.7
      vertex 141.59282032102345 2.599999998509884 2.2
    endloop
  endfacet
  facet normal -0.8968727415726173 0.4422886901380331 0
    outer loop
      vertex 141.59282032102345 2.599999998509884 2.2
      vertex 141.63910362571477 2.693853256106377 26.7
      vertex 141.63910362571477 2.693853256106377 2.2
    endloop
  endfacet
  facet normal -0.9469301362531145 0.32143944539470887 0
    outer loop
      vertex 141.63910362571477 2.693853256106377 2.2
      vertex 141.67274065762757 2.7929447636008264 26.7
      vertex 141.67274065762757 2.7929447636008264 2.2
    endloop
  endfacet
  facet normal -0.9807852734670753 0.1950903568865309 0
    outer loop
      vertex 141.67274065762757 2.7929447636008264 2.2
      vertex 141.69315588921307 2.895579044520855 26.7
      vertex 141.69315588921307 2.895579044520855 2.2
    endloop
  endfacet
  facet normal -0.9978589232575189 0.0654031289415513 0
    outer loop
      vertex 141.69315588921307 2.895579044520855 2.2
      vertex 141.7 2.999999997019768 26.7
      vertex 141.7 2.999999997019768 2.2
    endloop
  endfacet
  facet normal 0 0 1
    outer loop
      vertex 67.7 33.95 2.2
      vertex 133.0332893009412 6.705591163092364 2.2
      vertex 132.57867965644036 7.0786796564403565 2.2
    endloop
  endfacet
  facet normal 0 0 1
    outer loop
      vertex 68.28527096604839 34.00764415879031 2.2
      vertex 132.57867965644036 7.0786796564403565 2.2
      vertex 132.20559116309235 7.533289300941193 2.2
    endloop
  endfacet
  facet normal 0 0 1
    outer loop
      vertex 68.84805029709527 34.178361402466145 2.2
      vertex 132.20559116309235 7.533289300941193 2.2
      vertex 131.92836140246612 8.05194970290473 2.2
    endloop
  endfacet
  facet normal 0 0 1
    outer loop
      vertex 70.47163859753387 35.801949702904736 2.2
      vertex 131.92836140246612 8.05194970290473 2.2
      vertex 131.7576441587903 8.614729033951615 2.2
    endloop
  endfacet
  facet normal 0 0 1
    outer loop
      vertex 70.47163859753387 35.801949702904736 2.2
      vertex 131.7576441587903 8.614729033951615 2.2
      vertex 131.7 9.2 2.2
    endloop
  endfacet
  facet normal 0 0 1
    outer loop
      vertex 70.47163859753387 35.801949702904736 2.2
      vertex 131.7 9.2 2.2
      vertex 131.7576441587903 9.785270966048383 2.2
    endloop
  endfacet
  facet normal 0 0 1
    outer loop
      vertex 70.47163859753387 35.801949702904736 2.2
      vertex 131.7576441587903 9.785270966048383 2.2
      vertex 131.92836140246612 10.348050297095268 2.2
    endloop
  endfacet
  facet normal 0 0 1
    outer loop
      vertex 70.47163859753387 35.801949702904736 2.2
      vertex 131.92836140246612 10.348050297095268 2.2
      vertex 132.20559116309235 10.866710699058807 2.2
    endloop
  endfacet
  facet normal 0 0 1
    outer loop
      vertex 70.47163859753387 35.801949702904736 2.2
      vertex 132.20559116309235 10.866710699058807 2.2
      vertex 132.57867965644036 11.321320343559641 2.2
    endloop
  endfacet
  facet normal 0 0 1
    outer loop
      vertex 140.90000000298022 2.2 2.2
      vertex 137.7 41.7 2.2
      vertex 137.7 9.2 2.2
    endloop
  endfacet
  facet normal 0 0 1
    outer loop
      vertex 140.90000000298022 2.2 2.2
      vertex 141.00442095547913 2.206844110786915 2.2
      vertex 140.90000000298022 48.7 2.2
    endloop
  endfacet
  facet normal 0 0 1
    outer loop
      vertex 141.00442095547913 2.206844110786915 2.2
      vertex 141.10705523639916 2.2272593423724176 2.2
      vertex 141.00442095547913 48.69315588921309 2.2
    endloop
  endfacet
  facet normal 0 0 1
    outer loop
      vertex 141.10705523639916 2.2272593423724176 2.2
      vertex 141.2061467438936 2.2608963742852213 2.2
      vertex 141.10705523639916 48.672740657627585 2.2
    endloop
  endfacet
  facet normal 0 0 1
    outer loop
      vertex 141.2061467438936 2.2608963742852213 2.2
      vertex 141.3000000014901 2.307179678976536 2.2
      vertex 141.2061467438936 48.63910362571478 2.2
    endloop
  endfacet
  facet normal 0 0 1
    outer loop
      vertex 141.3000000014901 2.307179678976536 2.2
      vertex 141.3870091408491 2.365317326784134 2.2
      vertex 141.3000000014901 48.59282032102347 2.2
    endloop
  endfacet
  facet normal 0 0 1
    outer loop
      vertex 141.3870091408491 2.365317326784134 2.2
      vertex 141.46568542420863 2.434314575791359 2.2
      vertex 141.3870091408491 48.53468267321587 2.2
    endloop
  endfacet
  facet normal 0 0 1
    outer loop
      vertex 141.46568542420863 2.434314575791359 2.2
      vertex 141.53468267321585 2.5129908591508867 2.2
      vertex 141.46568542420863 48.465685424208644 2.2
    endloop
  endfacet
  facet normal 0 0 1
    outer loop
      vertex 141.53468267321585 2.5129908591508867 2.2
      vertex 141.59282032102345 2.599999998509884 2.2
      vertex 141.53468267321585 48.387009140849116 2.2
    endloop
  endfacet
  facet normal 0 0 1
    outer loop
      vertex 141.59282032102345 2.599999998509884 2.2
      vertex 141.63910362571477 2.693853256106377 2.2
      vertex 141.59282032102345 48.30000000149012 2.2
    endloop
  endfacet
  facet normal 0 0 1
    outer loop
      vertex 141.63910362571477 2.693853256106377 2.2
      vertex 141.67274065762757 2.7929447636008264 2.2
      vertex 141.63910362571477 48.206146743893626 2.2
    endloop
  endfacet
  facet normal 0 0 1
    outer loop
      vertex 141.67274065762757 2.7929447636008264 2.2
      vertex 141.69315588921307 2.895579044520855 2.2
      vertex 141.67274065762757 48.10705523639918 2.2
    endloop
  endfacet
  facet normal 0 0 1
    outer loop
      vertex 141.69315588921307 2.895579044520855 2.2
      vertex 141.7 2.999999997019768 2.2
      vertex 141.69315588921307 48.00442095547915 2.2
    endloop
  endfacet
  facet normal -1 0 0
    outer loop
      vertex 141.7 2.999999997019768 2.2
      vertex 141.7 18.45 4.2
      vertex 141.7 32.45 4.2
    endloop
  endfacet
  facet normal -1 0 0
    outer loop
      vertex 141.7 2.999999997019768 2.2
      vertex 141.7 18.45 10.2
      vertex 141.7 18.45 4.2
    endloop
  endfacet
  facet normal 0 0 1
    outer loop
      vertex 132.57867965644036 11.321320343559641 2.2
      vertex 133.0332893009412 11.694408836907634 2.2
      vertex 134.7 38.7 2.2
    endloop
  endfacet
  facet normal 0 0 1
    outer loop
      vertex 133.0332893009412 11.694408836907634 2.2
      vertex 133.55194970290472 11.97163859753386 2.2
      vertex 134.7 38.7 2.2
    endloop
  endfacet
  facet normal 0 0 1
    outer loop
      vertex 133.55194970290472 11.97163859753386 2.2
      vertex 134.1147290339516 12.14235584120969 2.2
      vertex 134.7 38.7 2.2
    endloop
  endfacet
  facet normal 0 0 1
    outer loop
      vertex 134.1147290339516 12.14235584120969 2.2
      vertex 134.7 12.2 2.2
      vertex 134.7 38.7 2.2
    endloop
  endfacet
  facet normal 0 0 1
    outer loop
      vertex 134.7 12.2 2.2
      vertex 135.2852709660484 12.14235584120969 2.2
      vertex 134.7 38.7 2.2
    endloop
  endfacet
  facet normal 0 0 1
    outer loop
      vertex 137.19440883690763 10.866710699058807 2.2
      vertex 136.82132034355962 39.57867965644036 2.2
      vertex 136.82132034355962 11.321320343559641 2.2
    endloop
  endfacet
  facet normal 0 0 1
    outer loop
      vertex 137.7 9.2 2.2
      vertex 137.64235584120968 41.11472903395162 2.2
      vertex 137.64235584120968 9.785270966048383 2.2
    endloop
  endfacet
  facet normal 0 0 1
    outer loop
      vertex 137.64235584120968 9.785270966048383 2.2
      vertex 137.47163859753385 40.551949702904736 2.2
      vertex 137.47163859753385 10.348050297095268 2.2
    endloop
  endfacet
  facet normal 0 0 1
    outer loop
      vertex 137.47163859753385 10.348050297095268 2.2
      vertex 137.19440883690763 40.0332893009412 2.2
      vertex 137.19440883690763 10.866710699058807 2.2
    endloop
  endfacet
  facet normal 0 0 1
    outer loop
      vertex 135.2852709660484 12.14235584120969 2.2
      vertex 135.84805029709526 11.97163859753386 2.2
      vertex 135.2852709660484 38.75764415879031 2.2
    endloop
  endfacet
  facet normal 0 0 1
    outer loop
      vertex 136.36671069905879 11.694408836907634 2.2
      vertex 136.36671069905879 39.205591163092365 2.2
      vertex 135.84805029709526 11.97163859753386 2.2
    endloop
  endfacet
  facet normal 0 0 1
    outer loop
      vertex 136.82132034355962 11.321320343559641 2.2
      vertex 136.82132034355962 39.57867965644036 2.2
      vertex 136.36671069905879 11.694408836907634 2.2
    endloop
  endfacet
  facet normal -1 0 0
    outer loop
      vertex 141.7 2.999999997019768 2.2
      vertex 141.7 47.900000002980235 26.7
      vertex 141.7 18.45 10.2
    endloop
  endfacet
  facet normal 0 1 0
    outer loop
      vertex 10.2 2.2 12
      vertex 140.90000000298022 2.2 26.7
      vertex 67.2 2.2 12
    endloop
  endfacet
  facet normal -0.0654031289415513 0.9978589232575189 0
    outer loop
      vertex 140.90000000298022 2.2 2.2
      vertex 140.90000000298022 2.2 26.7
      vertex 141.00442095547913 2.206844110786915 26.7
    endloop
  endfacet
  facet normal -0.1950903568865309 0.9807852734670753 0
    outer loop
      vertex 141.00442095547913 2.206844110786915 2.2
      vertex 141.00442095547913 2.206844110786915 26.7
      vertex 141.10705523639916 2.2272593423724176 26.7
    endloop
  endfacet
  facet normal -0.32143944539470887 0.9469301362531145 0
    outer loop
      vertex 141.10705523639916 2.2272593423724176 2.2
      vertex 141.10705523639916 2.2272593423724176 26.7
      vertex 141.2061467438936 2.2608963742852213 26.7
    endloop
  endfacet
  facet normal -0.4422886901380331 0.8968727415726173 0
    outer loop
      vertex 141.2061467438936 2.2608963742852213 2.2
      vertex 141.2061467438936 2.2608963742852213 26.7
      vertex 141.3000000014901 2.307179678976536 26.7
    endloop
  endfacet
  facet normal -0.5555702302724219 0.8314696141381523 0
    outer loop
      vertex 141.3000000014901 2.307179678976536 2.2
      vertex 141.3000000014901 2.307179678976536 26.7
      vertex 141.3870091408491 2.365317326784134 26.7
    endloop
  endfacet
  facet normal -0.6593458167485153 0.7518398060333286 0
    outer loop
      vertex 141.3870091408491 2.365317326784134 2.2
      vertex 141.3870091408491 2.365317326784134 26.7
      vertex 141.46568542420863 2.434314575791359 26.7
    endloop
  endfacet
  facet normal -0.7518398060333286 0.6593458167485153 0
    outer loop
      vertex 141.46568542420863 2.434314575791359 2.2
      vertex 141.46568542420863 2.434314575791359 26.7
      vertex 141.53468267321585 2.5129908591508867 26.7
    endloop
  endfacet
  facet normal -0.8314696141381523 0.5555702302724219 0
    outer loop
      vertex 141.53468267321585 2.5129908591508867 2.2
      vertex 141.53468267321585 2.5129908591508867 26.7
      vertex 141.59282032102345 2.599999998509884 26.7
    endloop
  endfacet
  facet normal -0.8968727415726173 0.4422886901380331 0
    outer loop
      vertex 141.59282032102345 2.599999998509884 2.2
      vertex 141.59282032102345 2.599999998509884 26.7
      vertex 141.63910362571477 2.693853256106377 26.7
    endloop
  endfacet
  facet normal -0.9469301362531145 0.32143944539470887 0
    outer loop
      vertex 141.63910362571477 2.693853256106377 2.2
      vertex 141.63910362571477 2.693853256106377 26.7
      vertex 141.67274065762757 2.7929447636008264 26.7
    endloop
  endfacet
  facet normal -0.9807852734670753 0.1950903568865309 0
    outer loop
      vertex 141.67274065762757 2.7929447636008264 2.2
      vertex 141.67274065762757 2.7929447636008264 26.7
      vertex 141.69315588921307 2.895579044520855 26.7
    endloop
  endfacet
  facet normal -0.9978589232575189 0.0654031289415513 0
    outer loop
      vertex 141.69315588921307 2.895579044520855 2.2
      vertex 141.69315588921307 2.895579044520855 26.7
      vertex 141.7 2.999999997019768 26.7
    endloop
  endfacet
  facet normal -1 0 0
    outer loop
      vertex 141.7 2.999999997019768 2.2
      vertex 141.7 2.999999997019768 26.7
      vertex 141.7 47.900000002980235 26.7
    endloop
  endfacet
  facet normal 0 0 1
    outer loop
      vertex 68.84805029709527 34.178361402466145 2.2
      vertex 131.92836140246612 8.05194970290473 2.2
      vertex 69.36671069905881 34.455591163092365 2.2
    endloop
  endfacet
  facet normal 0 0 1
    outer loop
      vertex 69.36671069905881 34.455591163092365 2.2
      vertex 131.92836140246612 8.05194970290473 2.2
      vertex 69.82132034355965 34.82867965644036 2.2
    endloop
  endfacet
  facet normal 0 0 1
    outer loop
      vertex 69.82132034355965 34.82867965644036 2.2
      vertex 131.92836140246612 8.05194970290473 2.2
      vertex 70.19440883690764 35.2832893009412 2.2
    endloop
  endfacet
  facet normal 0 0 1
    outer loop
      vertex 70.19440883690764 35.2832893009412 2.2
      vertex 131.92836140246612 8.05194970290473 2.2
      vertex 70.47163859753387 35.801949702904736 2.2
    endloop
  endfacet
  facet normal 0 0 1
    outer loop
      vertex 70.47163859753387 35.801949702904736 2.2
      vertex 132.57867965644036 11.321320343559641 2.2
      vertex 70.64235584120969 36.36472903395162 2.2
    endloop
  endfacet
  facet normal 0 0 1
    outer loop
      vertex 70.64235584120969 36.36472903395162 2.2
      vertex 132.57867965644036 11.321320343559641 2.2
      vertex 70.7 36.95 2.2
    endloop
  endfacet
  facet normal 0 0 1
    outer loop
      vertex 70.7 36.95 2.2
      vertex 134.7 38.7 2.2
      vertex 70.64235584120969 37.53527096604839 2.2
    endloop
  endfacet
  facet normal 0 0 1
    outer loop
      vertex 70.64235584120969 37.53527096604839 2.2
      vertex 134.7 38.7 2.2
      vertex 70.47163859753387 38.09805029709527 2.2
    endloop
  endfacet
  facet normal 0 0 1
    outer loop
      vertex 67.7 39.95 2.2
      vertex 68.28527096604839 39.89235584120969 2.2
      vertex 89.61472903395162 38.75764415879031 2.2
    endloop
  endfacet
  facet normal 0 0 1
    outer loop
      vertex 69.36671069905881 39.44440883690764 2.2
      vertex 69.82132034355965 39.07132034355965 2.2
      vertex 89.61472903395162 38.75764415879031 2.2
    endloop
  endfacet
  facet normal 0 0 1
    outer loop
      vertex 68.84805029709527 39.72163859753386 2.2
      vertex 69.36671069905881 39.44440883690764 2.2
      vertex 89.61472903395162 38.75764415879031 2.2
    endloop
  endfacet
  facet normal 0 0 1
    outer loop
      vertex 68.84805029709527 39.72163859753386 2.2
      vertex 89.61472903395162 38.75764415879031 2.2
      vertex 68.28527096604839 39.89235584120969 2.2
    endloop
  endfacet
  facet normal 0 0 1
    outer loop
      vertex 70.47163859753387 38.09805029709527 2.2
      vertex 89.61472903395162 38.75764415879031 2.2
      vertex 70.19440883690764 38.61671069905881 2.2
    endloop
  endfacet
  facet normal 0 0 1
    outer loop
      vertex 70.19440883690764 38.61671069905881 2.2
      vertex 89.61472903395162 38.75764415879031 2.2
      vertex 69.82132034355965 39.07132034355965 2.2
    endloop
  endfacet
  facet normal 0 0 1
    outer loop
      vertex 70.47163859753387 38.09805029709527 2.2
      vertex 90.2 38.7 2.2
      vertex 89.61472903395162 38.75764415879031 2.2
    endloop
  endfacet
  facet normal 0 0 1
    outer loop
      vertex 2.999999997019768 48.7 2.2
      vertex 90.2 44.7 2.2
      vertex 140.90000000298022 48.7 2.2
    endloop
  endfacet
  facet normal 0 -1 0
    outer loop
      vertex 2.999999997019768 48.7 2.2
      vertex 140.90000000298022 48.7 2.2
      vertex 78.95 48.7 4.2
    endloop
  endfacet
  facet normal 0 0 1
    outer loop
      vertex 70.47163859753387 38.09805029709527 2.2
      vertex 133.55194970290472 38.928361402466145 2.2
      vertex 90.2 38.7 2.2
    endloop
  endfacet
  facet normal 0 0 1
    outer loop
      vertex 90.2 38.7 2.2
      vertex 133.55194970290472 38.928361402466145 2.2
      vertex 90.78527096604839 38.75764415879031 2.2
    endloop
  endfacet
  facet normal 0 0 1
    outer loop
      vertex 90.78527096604839 38.75764415879031 2.2
      vertex 133.55194970290472 38.928361402466145 2.2
      vertex 91.34805029709527 38.928361402466145 2.2
    endloop
  endfacet
  facet normal 0 0 1
    outer loop
      vertex 91.34805029709527 38.928361402466145 2.2
      vertex 133.55194970290472 38.928361402466145 2.2
      vertex 91.86671069905881 39.205591163092365 2.2
    endloop
  endfacet
  facet normal 0 0 1
    outer loop
      vertex 91.86671069905881 39.205591163092365 2.2
      vertex 133.0332893009412 39.205591163092365 2.2
      vertex 92.32132034355965 39.57867965644036 2.2
    endloop
  endfacet
  facet normal 0 0 1
    outer loop
      vertex 92.32132034355965 39.57867965644036 2.2
      vertex 132.20559116309235 40.0332893009412 2.2
      vertex 92.69440883690764 40.0332893009412 2.2
    endloop
  endfacet
  facet normal 0 0 1
    outer loop
      vertex 92.69440883690764 40.0332893009412 2.2
      vertex 132.20559116309235 40.0332893009412 2.2
      vertex 92.97163859753387 40.551949702904736 2.2
    endloop
  endfacet
  facet normal 0 0 1
    outer loop
      vertex 92.97163859753387 40.551949702904736 2.2
      vertex 131.92836140246612 40.551949702904736 2.2
      vertex 93.14235584120969 41.11472903395162 2.2
    endloop
  endfacet
  facet normal 0 0 1
    outer loop
      vertex 93.14235584120969 41.11472903395162 2.2
      vertex 131.7576441587903 41.11472903395162 2.2
      vertex 93.2 41.7 2.2
    endloop
  endfacet
  facet normal 0 0 1
    outer loop
      vertex 93.2 41.7 2.2
      vertex 131.7 41.7 2.2
      vertex 93.14235584120969 42.28527096604839 2.2
    endloop
  endfacet
  facet normal 0 0 1
    outer loop
      vertex 93.14235584120969 42.28527096604839 2.2
      vertex 131.7576441587903 42.28527096604839 2.2
      vertex 92.97163859753387 42.84805029709527 2.2
    endloop
  endfacet
  facet normal 0 0 1
    outer loop
      vertex 91.86671069905881 44.19440883690764 2.2
      vertex 92.32132034355965 43.82132034355965 2.2
      vertex 132.57867965644036 43.82132034355965 2.2
    endloop
  endfacet
  facet normal 0 0 1
    outer loop
      vertex 91.34805029709527 44.47163859753386 2.2
      vertex 91.86671069905881 44.19440883690764 2.2
      vertex 133.55194970290472 44.47163859753386 2.2
    endloop
  endfacet
  facet normal 0 0 1
    outer loop
      vertex 92.97163859753387 42.84805029709527 2.2
      vertex 131.92836140246612 42.84805029709527 2.2
      vertex 92.69440883690764 43.36671069905881 2.2
    endloop
  endfacet
  facet normal 0 0 1
    outer loop
      vertex 92.69440883690764 43.36671069905881 2.2
      vertex 132.20559116309235 43.36671069905881 2.2
      vertex 92.32132034355965 43.82132034355965 2.2
    endloop
  endfacet
  facet normal 0 0 1
    outer loop
      vertex 90.2 44.7 2.2
      vertex 90.78527096604839 44.64235584120969 2.2
      vertex 140.90000000298022 48.7 2.2
    endloop
  endfacet
  facet normal 0 0 1
    outer loop
      vertex 91.34805029709527 44.47163859753386 2.2
      vertex 140.90000000298022 48.7 2.2
      vertex 90.78527096604839 44.64235584120969 2.2
    endloop
  endfacet
  facet normal 0 0 1
    outer loop
      vertex 70.7 36.95 2.2
      vertex 132.57867965644036 11.321320343559641 2.2
      vertex 134.7 38.7 2.2
    endloop
  endfacet
  facet normal -1 0 0
    outer loop
      vertex 141.7 2.999999997019768 2.2
      vertex 141.7 32.45 4.2
      vertex 141.7 47.900000002980235 2.2
    endloop
  endfacet
  facet normal 0 0 1
    outer loop
      vertex 135.2852709660484 12.14235584120969 2.2
      vertex 135.2852709660484 38.75764415879031 2.2
      vertex 134.7 38.7 2.2
    endloop
  endfacet
  facet normal 0 0 1
    outer loop
      vertex 135.84805029709526 11.97163859753386 2.2
      vertex 135.84805029709526 38.928361402466145 2.2
      vertex 135.2852709660484 38.75764415879031 2.2
    endloop
  endfacet
  facet normal 0 0 1
    outer loop
      vertex 135.84805029709526 11.97163859753386 2.2
      vertex 136.36671069905879 39.205591163092365 2.2
      vertex 135.84805029709526 38.928361402466145 2.2
    endloop
  endfacet
  facet normal 0 0 1
    outer loop
      vertex 136.36671069905879 11.694408836907634 2.2
      vertex 136.82132034355962 39.57867965644036 2.2
      vertex 136.36671069905879 39.205591163092365 2.2
    endloop
  endfacet
  facet normal 0 0 1
    outer loop
      vertex 137.19440883690763 10.866710699058807 2.2
      vertex 137.19440883690763 40.0332893009412 2.2
      vertex 136.82132034355962 39.57867965644036 2.2
    endloop
  endfacet
  facet normal 0 0 1
    outer loop
      vertex 137.47163859753385 10.348050297095268 2.2
      vertex 137.47163859753385 40.551949702904736 2.2
      vertex 137.19440883690763 40.0332893009412 2.2
    endloop
  endfacet
  facet normal 0 0 1
    outer loop
      vertex 137.64235584120968 9.785270966048383 2.2
      vertex 137.64235584120968 41.11472903395162 2.2
      vertex 137.47163859753385 40.551949702904736 2.2
    endloop
  endfacet
  facet normal 0 0 1
    outer loop
      vertex 137.7 9.2 2.2
      vertex 137.7 41.7 2.2
      vertex 137.64235584120968 41.11472903395162 2.2
    endloop
  endfacet
  facet normal 0 0 1
    outer loop
      vertex 140.90000000298022 2.2 2.2
      vertex 140.90000000298022 48.7 2.2
      vertex 137.7 41.7 2.2
    endloop
  endfacet
  facet normal 0 0 1
    outer loop
      vertex 141.10705523639916 2.2272593423724176 2.2
      vertex 141.10705523639916 48.672740657627585 2.2
      vertex 141.00442095547913 48.69315588921309 2.2
    endloop
  endfacet
  facet normal 0 0 1
    outer loop
      vertex 141.00442095547913 2.206844110786915 2.2
      vertex 141.00442095547913 48.69315588921309 2.2
      vertex 140.90000000298022 48.7 2.2
    endloop
  endfacet
  facet normal 0 0 1
    outer loop
      vertex 141.2061467438936 2.2608963742852213 2.2
      vertex 141.2061467438936 48.63910362571478 2.2
      vertex 141.10705523639916 48.672740657627585 2.2
    endloop
  endfacet
  facet normal 0 0 1
    outer loop
      vertex 141.3000000014901 2.307179678976536 2.2
      vertex 141.3000000014901 48.59282032102347 2.2
      vertex 141.2061467438936 48.63910362571478 2.2
    endloop
  endfacet
  facet normal 0 0 1
    outer loop
      vertex 141.3870091408491 2.365317326784134 2.2
      vertex 141.3870091408491 48.53468267321587 2.2
      vertex 141.3000000014901 48.59282032102347 2.2
    endloop
  endfacet
  facet normal 0 0 1
    outer loop
      vertex 141.59282032102345 2.599999998509884 2.2
      vertex 141.59282032102345 48.30000000149012 2.2
      vertex 141.53468267321585 48.387009140849116 2.2
    endloop
  endfacet
  facet normal 0 0 1
    outer loop
      vertex 141.63910362571477 2.693853256106377 2.2
      vertex 141.63910362571477 48.206146743893626 2.2
      vertex 141.59282032102345 48.30000000149012 2.2
    endloop
  endfacet
  facet normal 0 0 1
    outer loop
      vertex 141.46568542420863 2.434314575791359 2.2
      vertex 141.46568542420863 48.465685424208644 2.2
      vertex 141.3870091408491 48.53468267321587 2.2
    endloop
  endfacet
  facet normal 0 0 1
    outer loop
      vertex 141.53468267321585 2.5129908591508867 2.2
      vertex 141.53468267321585 48.387009140849116 2.2
      vertex 141.46568542420863 48.465685424208644 2.2
    endloop
  endfacet
  facet normal 0 0 1
    outer loop
      vertex 141.7 2.999999997019768 2.2
      vertex 141.7 47.900000002980235 2.2
      vertex 141.69315588921307 48.00442095547915 2.2
    endloop
  endfacet
  facet normal 0 0 1
    outer loop
      vertex 141.69315588921307 2.895579044520855 2.2
      vertex 141.69315588921307 48.00442095547915 2.2
      vertex 141.67274065762757 48.10705523639918 2.2
    endloop
  endfacet
  facet normal 0 0 1
    outer loop
      vertex 141.67274065762757 2.7929447636008264 2.2
      vertex 141.67274065762757 48.10705523639918 2.2
      vertex 141.63910362571477 48.206146743893626 2.2
    endloop
  endfacet
  facet normal -1 0 0
    outer loop
      vertex 141.7 32.45 4.2
      vertex 141.7 32.45 10.2
      vertex 141.7 47.900000002980235 2.2
    endloop
  endfacet
  facet normal 0 0 1
    outer loop
      vertex 70.47163859753387 38.09805029709527 2.2
      vertex 134.7 38.7 2.2
      vertex 134.1147290339516 38.75764415879031 2.2
    endloop
  endfacet
  facet normal 0 0 1
    outer loop
      vertex 70.47163859753387 38.09805029709527 2.2
      vertex 134.1147290339516 38.75764415879031 2.2
      vertex 133.55194970290472 38.928361402466145 2.2
    endloop
  endfacet
  facet normal 0 0 1
    outer loop
      vertex 92.32132034355965 39.57867965644036 2.2
      vertex 132.57867965644036 39.57867965644036 2.2
      vertex 132.20559116309235 40.0332893009412 2.2
    endloop
  endfacet
  facet normal 0 0 1
    outer loop
      vertex 91.86671069905881 39.205591163092365 2.2
      vertex 133.55194970290472 38.928361402466145 2.2
      vertex 133.0332893009412 39.205591163092365 2.2
    endloop
  endfacet
  facet normal 0 0 1
    outer loop
      vertex 92.32132034355965 39.57867965644036 2.2
      vertex 133.0332893009412 39.205591163092365 2.2
      vertex 132.57867965644036 39.57867965644036 2.2
    endloop
  endfacet
  facet normal 0 0 1
    outer loop
      vertex 92.97163859753387 40.551949702904736 2.2
      vertex 132.20559116309235 40.0332893009412 2.2
      vertex 131.92836140246612 40.551949702904736 2.2
    endloop
  endfacet
  facet normal 0 0 1
    outer loop
      vertex 93.14235584120969 41.11472903395162 2.2
      vertex 131.92836140246612 40.551949702904736 2.2
      vertex 131.7576441587903 41.11472903395162 2.2
    endloop
  endfacet
  facet normal 0 0 1
    outer loop
      vertex 93.2 41.7 2.2
      vertex 131.7576441587903 41.11472903395162 2.2
      vertex 131.7 41.7 2.2
    endloop
  endfacet
  facet normal 0 0 1
    outer loop
      vertex 93.14235584120969 42.28527096604839 2.2
      vertex 131.7 41.7 2.2
      vertex 131.7576441587903 42.28527096604839 2.2
    endloop
  endfacet
  facet normal 0 0 1
    outer loop
      vertex 92.97163859753387 42.84805029709527 2.2
      vertex 131.7576441587903 42.28527096604839 2.2
      vertex 131.92836140246612 42.84805029709527 2.2
    endloop
  endfacet
  facet normal 0 0 1
    outer loop
      vertex 92.69440883690764 43.36671069905881 2.2
      vertex 131.92836140246612 42.84805029709527 2.2
      vertex 132.20559116309235 43.36671069905881 2.2
    endloop
  endfacet
  facet normal 0 0 1
    outer loop
      vertex 92.32132034355965 43.82132034355965 2.2
      vertex 132.20559116309235 43.36671069905881 2.2
      vertex 132.57867965644036 43.82132034355965 2.2
    endloop
  endfacet
  facet normal 0 0 1
    outer loop
      vertex 91.86671069905881 44.19440883690764 2.2
      vertex 132.57867965644036 43.82132034355965 2.2
      vertex 133.0332893009412 44.19440883690764 2.2
    endloop
  endfacet
  facet normal 0 0 1
    outer loop
      vertex 91.86671069905881 44.19440883690764 2.2
      vertex 133.0332893009412 44.19440883690764 2.2
      vertex 133.55194970290472 44.47163859753386 2.2
    endloop
  endfacet
  facet normal 0 0 1
    outer loop
      vertex 91.34805029709527 44.47163859753386 2.2
      vertex 133.55194970290472 44.47163859753386 2.2
      vertex 134.1147290339516 44.64235584120969 2.2
    endloop
  endfacet
  facet normal 0 0 1
    outer loop
      vertex 91.34805029709527 44.47163859753386 2.2
      vertex 134.1147290339516 44.64235584120969 2.2
      vertex 140.90000000298022 48.7 2.2
    endloop
  endfacet
  facet normal 0 0 1
    outer loop
      vertex 137.7 41.7 2.2
      vertex 140.90000000298022 48.7 2.2
      vertex 137.64235584120968 42.28527096604839 2.2
    endloop
  endfacet
  facet normal 0 0 1
    outer loop
      vertex 134.1147290339516 44.64235584120969 2.2
      vertex 134.7 44.7 2.2
      vertex 140.90000000298022 48.7 2.2
    endloop
  endfacet
  facet normal 0 0 1
    outer loop
      vertex 134.7 44.7 2.2
      vertex 135.2852709660484 44.64235584120969 2.2
      vertex 140.90000000298022 48.7 2.2
    endloop
  endfacet
  facet normal 0 0 1
    outer loop
      vertex 137.64235584120968 42.28527096604839 2.2
      vertex 140.90000000298022 48.7 2.2
      vertex 137.47163859753385 42.84805029709527 2.2
    endloop
  endfacet
  facet normal 0 0 1
    outer loop
      vertex 137.47163859753385 42.84805029709527 2.2
      vertex 140.90000000298022 48.7 2.2
      vertex 137.19440883690763 43.36671069905881 2.2
    endloop
  endfacet
  facet normal 0 0 1
    outer loop
      vertex 136.82132034355962 43.82132034355965 2.2
      vertex 137.19440883690763 43.36671069905881 2.2
      vertex 140.90000000298022 48.7 2.2
    endloop
  endfacet
  facet normal 0 0 1
    outer loop
      vertex 136.82132034355962 43.82132034355965 2.2
      vertex 140.90000000298022 48.7 2.2
      vertex 136.36671069905879 44.19440883690764 2.2
    endloop
  endfacet
  facet normal 0 0 1
    outer loop
      vertex 135.84805029709526 44.47163859753386 2.2
      vertex 136.36671069905879 44.19440883690764 2.2
      vertex 140.90000000298022 48.7 2.2
    endloop
  endfacet
  facet normal 0 0 1
    outer loop
      vertex 135.84805029709526 44.47163859753386 2.2
      vertex 140.90000000298022 48.7 2.2
      vertex 135.2852709660484 44.64235584120969 2.2
    endloop
  endfacet
  facet normal 0 -1 0
    outer loop
      vertex 78.95 48.7 4.2
      vertex 140.90000000298022 48.7 2.2
      vertex 140.90000000298022 48.7 26.7
    endloop
  endfacet
  facet normal -1 0 0
    outer loop
      vertex 141.7 32.45 10.2
      vertex 141.7 47.900000002980235 26.7
      vertex 141.7 47.900000002980235 2.2
    endloop
  endfacet
  facet normal -0.9469301362531145 -0.32143944539470887 0
    outer loop
      vertex 141.63910362571477 48.206146743893626 2.2
      vertex 141.67274065762757 48.10705523639918 2.2
      vertex 141.63910362571477 48.206146743893626 26.7
    endloop
  endfacet
  facet normal -0.8968727415726173 -0.4422886901380331 0
    outer loop
      vertex 141.63910362571477 48.206146743893626 2.2
      vertex 141.59282032102345 48.30000000149012 26.7
      vertex 141.59282032102345 48.30000000149012 2.2
    endloop
  endfacet
  facet normal -0.8314696141381523 -0.5555702302724219 0
    outer loop
      vertex 141.59282032102345 48.30000000149012 2.2
      vertex 141.53468267321585 48.387009140849116 26.7
      vertex 141.53468267321585 48.387009140849116 2.2
    endloop
  endfacet
  facet normal -0.7518398060333286 -0.6593458167485153 0
    outer loop
      vertex 141.53468267321585 48.387009140849116 2.2
      vertex 141.46568542420863 48.465685424208644 26.7
      vertex 141.46568542420863 48.465685424208644 2.2
    endloop
  endfacet
  facet normal -0.6593458167485153 -0.7518398060333286 0
    outer loop
      vertex 141.46568542420863 48.465685424208644 2.2
      vertex 141.3870091408491 48.53468267321587 26.7
      vertex 141.3870091408491 48.53468267321587 2.2
    endloop
  endfacet
  facet normal -0.0654031289415513 -0.9978589232575189 0
    outer loop
      vertex 140.90000000298022 48.7 2.2
      vertex 141.00442095547913 48.69315588921309 2.2
      vertex 140.90000000298022 48.7 26.7
    endloop
  endfacet
  facet normal -0.1950903568865309 -0.9807852734670753 0
    outer loop
      vertex 141.00442095547913 48.69315588921309 2.2
      vertex 141.10705523639916 48.672740657627585 2.2
      vertex 141.00442095547913 48.69315588921309 26.7
    endloop
  endfacet
  facet normal -0.5555702302724219 -0.8314696141381523 0
    outer loop
      vertex 141.3000000014901 48.59282032102347 2.2
      vertex 141.3870091408491 48.53468267321587 2.2
      vertex 141.3000000014901 48.59282032102347 26.7
    endloop
  endfacet
  facet normal -0.32143944539470887 -0.9469301362531145 0
    outer loop
      vertex 141.2061467438936 48.63910362571478 2.2
      vertex 141.10705523639916 48.672740657627585 26.7
      vertex 141.10705523639916 48.672740657627585 2.2
    endloop
  endfacet
  facet normal -0.4422886901380331 -0.8968727415726173 0
    outer loop
      vertex 141.3000000014901 48.59282032102347 2.2
      vertex 141.2061467438936 48.63910362571478 26.7
      vertex 141.2061467438936 48.63910362571478 2.2
    endloop
  endfacet
  facet normal -0.9978589232575189 -0.0654031289415513 0
    outer loop
      vertex 141.7 47.900000002980235 2.2
      vertex 141.69315588921307 48.00442095547915 26.7
      vertex 141.69315588921307 48.00442095547915 2.2
    endloop
  endfacet
  facet normal -0.9807852734670753 -0.1950903568865309 0
    outer loop
      vertex 141.69315588921307 48.00442095547915 2.2
      vertex 141.67274065762757 48.10705523639918 26.7
      vertex 141.67274065762757 48.10705523639918 2.2
    endloop
  endfacet
  facet normal 0 -1 0
    outer loop
      vertex 78.95 48.7 4.2
      vertex 140.90000000298022 48.7 26.7
      vertex 78.95 48.7 20.2
    endloop
  endfacet
  facet normal 0 -1 0
    outer loop
      vertex 2.999999997019768 48.7 26.7
      vertex 78.95 48.7 20.2
      vertex 140.90000000298022 48.7 26.7
    endloop
  endfacet
  facet normal -1 0 0
    outer loop
      vertex 141.7 18.45 10.2
      vertex 141.7 47.900000002980235 26.7
      vertex 141.7 32.45 10.2
    endloop
  endfacet
  facet normal -0.8968727415726173 -0.4422886901380331 0
    outer loop
      vertex 141.63910362571477 48.206146743893626 2.2
      vertex 141.63910362571477 48.206146743893626 26.7
      vertex 141.59282032102345 48.30000000149012 26.7
    endloop
  endfacet
  facet normal -0.8314696141381523 -0.5555702302724219 0
    outer loop
      vertex 141.59282032102345 48.30000000149012 2.2
      vertex 141.59282032102345 48.30000000149012 26.7
      vertex 141.53468267321585 48.387009140849116 26.7
    endloop
  endfacet
  facet normal -0.7518398060333286 -0.6593458167485153 0
    outer loop
      vertex 141.53468267321585 48.387009140849116 2.2
      vertex 141.53468267321585 48.387009140849116 26.7
      vertex 141.46568542420863 48.465685424208644 26.7
    endloop
  endfacet
  facet normal -0.6593458167485153 -0.7518398060333286 0
    outer loop
      vertex 141.46568542420863 48.465685424208644 2.2
      vertex 141.46568542420863 48.465685424208644 26.7
      vertex 141.3870091408491 48.53468267321587 26.7
    endloop
  endfacet
  facet normal -0.0654031289415513 -0.9978589232575189 0
    outer loop
      vertex 141.00442095547913 48.69315588921309 2.2
      vertex 141.00442095547913 48.69315588921309 26.7
      vertex 140.90000000298022 48.7 26.7
    endloop
  endfacet
  facet normal -0.1950903568865309 -0.9807852734670753 0
    outer loop
      vertex 141.10705523639916 48.672740657627585 2.2
      vertex 141.10705523639916 48.672740657627585 26.7
      vertex 141.00442095547913 48.69315588921309 26.7
    endloop
  endfacet
  facet normal -0.5555702302724219 -0.8314696141381523 0
    outer loop
      vertex 141.3870091408491 48.53468267321587 2.2
      vertex 141.3870091408491 48.53468267321587 26.7
      vertex 141.3000000014901 48.59282032102347 26.7
    endloop
  endfacet
  facet normal -0.4422886901380331 -0.8968727415726173 0
    outer loop
      vertex 141.3000000014901 48.59282032102347 2.2
      vertex 141.3000000014901 48.59282032102347 26.7
      vertex 141.2061467438936 48.63910362571478 26.7
    endloop
  endfacet
  facet normal -0.32143944539470887 -0.9469301362531145 0
    outer loop
      vertex 141.2061467438936 48.63910362571478 2.2
      vertex 141.2061467438936 48.63910362571478 26.7
      vertex 141.10705523639916 48.672740657627585 26.7
    endloop
  endfacet
  facet normal -0.9978589232575189 -0.0654031289415513 0
    outer loop
      vertex 141.7 47.900000002980235 2.2
      vertex 141.7 47.900000002980235 26.7
      vertex 141.69315588921307 48.00442095547915 26.7
    endloop
  endfacet
  facet normal -0.9807852734670753 -0.1950903568865309 0
    outer loop
      vertex 141.69315588921307 48.00442095547915 2.2
      vertex 141.69315588921307 48.00442095547915 26.7
      vertex 141.67274065762757 48.10705523639918 26.7
    endloop
  endfacet
  facet normal -0.9469301362531145 -0.32143944539470887 0
    outer loop
      vertex 141.67274065762757 48.10705523639918 2.2
      vertex 141.67274065762757 48.10705523639918 26.7
      vertex 141.63910362571477 48.206146743893626 26.7
    endloop
  endfacet
  facet normal 0 0 1
    outer loop
      vertex 2.456480005383492 0.9715557634830476 26.7
      vertex 2.7258949965238575 0.9179657936096193 26.7
      vertex 2.7929447636008264 2.2272593423724176 26.7
    endloop
  endfacet
  facet normal 0 0 1
    outer loop
      vertex 2.1963647916913036 1.059852981567383 26.7
      vertex 2.456480005383492 0.9715557634830476 26.7
      vertex 2.5129908591508867 2.365317326784134 26.7
    endloop
  endfacet
  facet normal 0 0 1
    outer loop
      vertex 2.7258949965238575 0.9179657936096193 26.7
      vertex 3.0000000014901165 0.9000000000000001 26.7
      vertex 2.999999997019768 2.2 26.7
    endloop
  endfacet
  facet normal 0.44228867773486275 0.896872747689184 0
    outer loop
      vertex 1.949999997019768 1.1813466489315034 26.7
      vertex 1.949999997019768 1.1813466489315034 29.7
      vertex 2.1963647916913036 1.059852981567383 26.7
    endloop
  endfacet
  facet normal 0.6593458186952922 0.7518398043260511 0
    outer loop
      vertex 1.5150757595896722 1.5150757595896722 26.7
      vertex 1.5150757595896722 1.5150757595896722 29.7
      vertex 1.7216009959578515 1.333957986533642 26.7
    endloop
  endfacet
  facet normal 0.5555702435157218 0.8314696052892623 0
    outer loop
      vertex 1.949999997019768 1.1813466489315034 26.7
      vertex 1.7216009959578515 1.333957986533642 26.7
      vertex 1.7216009959578515 1.333957986533642 29.7
    endloop
  endfacet
  facet normal 0.1950903086324303 0.9807852830654135 0
    outer loop
      vertex 2.456480005383492 0.9715557634830476 26.7
      vertex 2.456480005383492 0.9715557634830476 29.7
      vertex 2.7258949965238575 0.9179657936096193 26.7
    endloop
  endfacet
  facet normal 0.321439468571902 0.9469301283855178 0
    outer loop
      vertex 2.1963647916913036 1.059852981567383 26.7
      vertex 2.1963647916913036 1.059852981567383 29.7
      vertex 2.456480005383492 0.9715557634830476 26.7
    endloop
  endfacet
  facet normal 0.06540313796293175 0.9978589226662263 0
    outer loop
      vertex 2.7258949965238575 0.9179657936096193 26.7
      vertex 2.7258949965238575 0.9179657936096193 29.7
      vertex 3.0000000014901165 0.9000000000000001 26.7
    endloop
  endfacet
  facet normal 0 0 1
    outer loop
      vertex 2.1963647916913036 1.059852981567383 26.7
      vertex 2.2608963742852213 2.693853256106377 26.7
      vertex 2.2272593423724176 2.7929447636008264 26.7
    endloop
  endfacet
  facet normal 0 0 1
    outer loop
      vertex 2.1963647916913036 1.059852981567383 26.7
      vertex 2.2272593423724176 2.7929447636008264 26.7
      vertex 2.206844110786915 2.895579044520855 26.7
    endloop
  endfacet
  facet normal 0 0 1
    outer loop
      vertex 2.1963647916913036 1.059852981567383 26.7
      vertex 2.206844110786915 2.895579044520855 26.7
      vertex 2.2 2.999999997019768 26.7
    endloop
  endfacet
  facet normal 0 0 1
    outer loop
      vertex 2.7258949965238575 0.9179657936096193 26.7
      vertex 2.895579044520855 2.206844110786915 26.7
      vertex 2.7929447636008264 2.2272593423724176 26.7
    endloop
  endfacet
  facet normal 0 0 1
    outer loop
      vertex 2.456480005383492 0.9715557634830476 26.7
      vertex 2.599999998509884 2.307179678976536 26.7
      vertex 2.5129908591508867 2.365317326784134 26.7
    endloop
  endfacet
  facet normal 0 0 1
    outer loop
      vertex 2.1963647916913036 1.059852981567383 26.7
      vertex 2.5129908591508867 2.365317326784134 26.7
      vertex 2.434314575791359 2.434314575791359 26.7
    endloop
  endfacet
  facet normal 0 0 1
    outer loop
      vertex 2.456480005383492 0.9715557634830476 26.7
      vertex 2.7929447636008264 2.2272593423724176 26.7
      vertex 2.693853256106377 2.2608963742852213 26.7
    endloop
  endfacet
  facet normal 0 0 1
    outer loop
      vertex 2.456480005383492 0.9715557634830476 26.7
      vertex 2.693853256106377 2.2608963742852213 26.7
      vertex 2.599999998509884 2.307179678976536 26.7
    endloop
  endfacet
  facet normal 0 0 1
    outer loop
      vertex 2.7258949965238575 0.9179657936096193 26.7
      vertex 2.999999997019768 2.2 26.7
      vertex 2.895579044520855 2.206844110786915 26.7
    endloop
  endfacet
  facet normal 0 0 1
    outer loop
      vertex 2.1963647916913036 1.059852981567383 26.7
      vertex 2.434314575791359 2.434314575791359 26.7
      vertex 2.365317326784134 2.5129908591508867 26.7
    endloop
  endfacet
  facet normal 0 0 1
    outer loop
      vertex 2.1963647916913036 1.059852981567383 26.7
      vertex 2.365317326784134 2.5129908591508867 26.7
      vertex 2.307179678976536 2.599999998509884 26.7
    endloop
  endfacet
  facet normal 0 0 1
    outer loop
      vertex 2.1963647916913036 1.059852981567383 26.7
      vertex 2.307179678976536 2.599999998509884 26.7
      vertex 2.2608963742852213 2.693853256106377 26.7
    endloop
  endfacet
  facet normal 0.896872747689184 0.44228867773486275 0
    outer loop
      vertex 1.059852981567383 2.1963647916913036 26.7
      vertex 1.059852981567383 2.1963647916913036 29.7
      vertex 1.1813466489315034 1.949999997019768 26.7
    endloop
  endfacet
  facet normal 0.9469301283855178 0.321439468571902 0
    outer loop
      vertex 1.059852981567383 2.1963647916913036 26.7
      vertex 0.9715557634830476 2.456480005383492 26.7
      vertex 0.9715557634830476 2.456480005383492 29.7
    endloop
  endfacet
  facet normal 0.7518398043260511 0.6593458186952922 0
    outer loop
      vertex 1.5150757595896722 1.5150757595896722 26.7
      vertex 1.333957986533642 1.7216009959578515 26.7
      vertex 1.333957986533642 1.7216009959578515 29.7
    endloop
  endfacet
  facet normal 0.8314696052892623 0.5555702435157218 0
    outer loop
      vertex 1.333957986533642 1.7216009959578515 26.7
      vertex 1.1813466489315034 1.949999997019768 26.7
      vertex 1.1813466489315034 1.949999997019768 29.7
    endloop
  endfacet
  facet normal 0.9807852830654135 0.1950903086324303 0
    outer loop
      vertex 0.9715557634830476 2.456480005383492 26.7
      vertex 0.9179657936096193 2.7258949965238575 26.7
      vertex 0.9179657936096193 2.7258949965238575 29.7
    endloop
  endfacet
  facet normal 0.9978589226662263 0.06540313796293175 0
    outer loop
      vertex 0.9179657936096193 2.7258949965238575 26.7
      vertex 0.9000000000000001 3.0000000014901165 26.7
      vertex 0.9000000000000001 3.0000000014901165 29.7
    endloop
  endfacet
  facet normal 0.44228867773486275 0.896872747689184 0
    outer loop
      vertex 2.1963647916913036 1.059852981567383 26.7
      vertex 1.949999997019768 1.1813466489315034 29.7
      vertex 2.1963647916913036 1.059852981567383 29.7
    endloop
  endfacet
  facet normal 0.6593458186952922 0.7518398043260511 0
    outer loop
      vertex 1.7216009959578515 1.333957986533642 26.7
      vertex 1.5150757595896722 1.5150757595896722 29.7
      vertex 1.7216009959578515 1.333957986533642 29.7
    endloop
  endfacet
  facet normal 0.7518398043260511 0.6593458186952922 0
    outer loop
      vertex 1.5150757595896722 1.5150757595896722 26.7
      vertex 1.333957986533642 1.7216009959578515 29.7
      vertex 1.5150757595896722 1.5150757595896722 29.7
    endloop
  endfacet
  facet normal 0.5555702435157218 0.8314696052892623 0
    outer loop
      vertex 1.949999997019768 1.1813466489315034 26.7
      vertex 1.7216009959578515 1.333957986533642 29.7
      vertex 1.949999997019768 1.1813466489315034 29.7
    endloop
  endfacet
  facet normal 0.1950903086324303 0.9807852830654135 0
    outer loop
      vertex 2.7258949965238575 0.9179657936096193 26.7
      vertex 2.456480005383492 0.9715557634830476 29.7
      vertex 2.7258949965238575 0.9179657936096193 29.7
    endloop
  endfacet
  facet normal 0.321439468571902 0.9469301283855178 0
    outer loop
      vertex 2.456480005383492 0.9715557634830476 26.7
      vertex 2.1963647916913036 1.059852981567383 29.7
      vertex 2.456480005383492 0.9715557634830476 29.7
    endloop
  endfacet
  facet normal 0.06540313796293175 0.9978589226662263 0
    outer loop
      vertex 3.0000000014901165 0.9000000000000001 26.7
      vertex 2.7258949965238575 0.9179657936096193 29.7
      vertex 3.0000000014901165 0.9000000000000001 29.7
    endloop
  endfacet
  facet normal 0.9469301283855178 0.321439468571902 0
    outer loop
      vertex 1.059852981567383 2.1963647916913036 26.7
      vertex 0.9715557634830476 2.456480005383492 29.7
      vertex 1.059852981567383 2.1963647916913036 29.7
    endloop
  endfacet
  facet normal 0.8314696052892623 0.5555702435157218 0
    outer loop
      vertex 1.333957986533642 1.7216009959578515 26.7
      vertex 1.1813466489315034 1.949999997019768 29.7
      vertex 1.333957986533642 1.7216009959578515 29.7
    endloop
  endfacet
  facet normal 0.896872747689184 0.44228867773486275 0
    outer loop
      vertex 1.1813466489315034 1.949999997019768 26.7
      vertex 1.059852981567383 2.1963647916913036 29.7
      vertex 1.1813466489315034 1.949999997019768 29.7
    endloop
  endfacet
  facet normal 0.9807852830654135 0.1950903086324303 0
    outer loop
      vertex 0.9715557634830476 2.456480005383492 26.7
      vertex 0.9179657936096193 2.7258949965238575 29.7
      vertex 0.9715557634830476 2.456480005383492 29.7
    endloop
  endfacet
  facet normal 0.9978589226662263 0.06540313796293175 0
    outer loop
      vertex 0.9179657936096193 2.7258949965238575 26.7
      vertex 0.9000000000000001 3.0000000014901165 29.7
      vertex 0.9179657936096193 2.7258949965238575 29.7
    endloop
  endfacet
  facet normal 0 0 1
    outer loop
      vertex 2.1963647916913036 1.059852981567383 26.7
      vertex 2.2 2.999999997019768 26.7
      vertex 2.2 40.038720540657195 26.7
    endloop
  endfacet
  facet normal 0 0 1
    outer loop
      vertex 1.5150757595896722 1.5150757595896722 26.7
      vertex 1.333957986533642 49.17839899808168 26.7
      vertex 1.333957986533642 1.7216009959578515 26.7
    endloop
  endfacet
  facet normal 0 0 1
    outer loop
      vertex 1.5150757595896722 1.5150757595896722 26.7
      vertex 1.7216009959578515 1.333957986533642 26.7
      vertex 1.5150757595896722 49.38492424190044 26.7
    endloop
  endfacet
  facet normal 0 0 1
    outer loop
      vertex 1.949999997019768 1.1813466489315034 26.7
      vertex 1.7216009959578515 49.56604201495647 26.7
      vertex 1.7216009959578515 1.333957986533642 26.7
    endloop
  endfacet
  facet normal 0 0 1
    outer loop
      vertex 1.949999997019768 1.1813466489315034 26.7
      vertex 2.1963647916913036 1.059852981567383 26.7
      vertex 1.949999997019768 49.71865334510803 26.7
    endloop
  endfacet
  facet normal 0 0 1
    outer loop
      vertex 1.059852981567383 2.1963647916913036 26.7
      vertex 1.1813466489315034 1.949999997019768 26.7
      vertex 1.059852981567383 48.70363520979881 26.7
    endloop
  endfacet
  facet normal 0 0 1
    outer loop
      vertex 0.9715557634830476 2.456480005383492 26.7
      vertex 0.9179657936096193 48.17410500496626 26.7
      vertex 0.9179657936096193 2.7258949965238575 26.7
    endloop
  endfacet
  facet normal 0 0 1
    outer loop
      vertex 1.059852981567383 2.1963647916913036 26.7
      vertex 0.9715557634830476 48.44351999610662 26.7
      vertex 0.9715557634830476 2.456480005383492 26.7
    endloop
  endfacet
  facet normal 0 0 1
    outer loop
      vertex 0.9179657936096193 2.7258949965238575 26.7
      vertex 0.9000000000000001 47.9 26.7
      vertex 0.9000000000000001 3.0000000014901165 26.7
    endloop
  endfacet
  facet normal 0 0 1
    outer loop
      vertex 1.333957986533642 1.7216009959578515 26.7
      vertex 1.1813466489315034 48.949999997019766 26.7
      vertex 1.1813466489315034 1.949999997019768 26.7
    endloop
  endfacet
  facet normal 1 0 0
    outer loop
      vertex 0.9000000000000001 3.0000000014901165 26.7
      vertex 0.9000000000000001 47.9 29.7
      vertex 0.9000000000000001 3.0000000014901165 29.7
    endloop
  endfacet
  facet normal 0 1 0
    outer loop
      vertex 3.0000000014901165 0.9000000000000001 26.7
      vertex 3.0000000014901165 0.9000000000000001 29.7
      vertex 140.9 0.9000000000000001 26.7
    endloop
  endfacet
  facet normal 0 0 1
    outer loop
      vertex 3.0000000014901165 0.9000000000000001 26.7
      vertex 140.90000000298022 2.2 26.7
      vertex 2.999999997019768 2.2 26.7
    endloop
  endfacet
  facet normal 0 0 1
    outer loop
      vertex 2.1963647916913036 1.059852981567383 26.7
      vertex 2.2 40.038720540657195 26.7
      vertex 2.2 47.900000002980235 26.7
    endloop
  endfacet
  facet normal 0 0 1
    outer loop
      vertex 0.9179657936096193 2.7258949965238575 26.7
      vertex 0.9179657936096193 48.17410500496626 26.7
      vertex 0.9000000000000001 47.9 26.7
    endloop
  endfacet
  facet normal 0 0 1
    outer loop
      vertex 0.9715557634830476 2.456480005383492 26.7
      vertex 0.9715557634830476 48.44351999610662 26.7
      vertex 0.9179657936096193 48.17410500496626 26.7
    endloop
  endfacet
  facet normal 0 0 1
    outer loop
      vertex 1.059852981567383 2.1963647916913036 26.7
      vertex 1.059852981567383 48.70363520979881 26.7
      vertex 0.9715557634830476 48.44351999610662 26.7
    endloop
  endfacet
  facet normal 0 0 1
    outer loop
      vertex 2.1963647916913036 1.059852981567383 26.7
      vertex 2.2 47.900000002980235 26.7
      vertex 2.1963647916913036 49.84014701992273 26.7
    endloop
  endfacet
  facet normal 0 0 1
    outer loop
      vertex 1.1813466489315034 1.949999997019768 26.7
      vertex 1.1813466489315034 48.949999997019766 26.7
      vertex 1.059852981567383 48.70363520979881 26.7
    endloop
  endfacet
  facet normal 0 0 1
    outer loop
      vertex 1.333957986533642 1.7216009959578515 26.7
      vertex 1.333957986533642 49.17839899808168 26.7
      vertex 1.1813466489315034 48.949999997019766 26.7
    endloop
  endfacet
  facet normal 0 0 1
    outer loop
      vertex 1.5150757595896722 1.5150757595896722 26.7
      vertex 1.5150757595896722 49.38492424190044 26.7
      vertex 1.333957986533642 49.17839899808168 26.7
    endloop
  endfacet
  facet normal 1 0 0
    outer loop
      vertex 0.9000000000000001 3.0000000014901165 26.7
      vertex 0.9000000000000001 47.9 26.7
      vertex 0.9000000000000001 47.9 29.7
    endloop
  endfacet
  facet normal 0 0 1
    outer loop
      vertex 1.7216009959578515 1.333957986533642 26.7
      vertex 1.7216009959578515 49.56604201495647 26.7
      vertex 1.5150757595896722 49.38492424190044 26.7
    endloop
  endfacet
  facet normal 0 0 1
    outer loop
      vertex 1.949999997019768 1.1813466489315034 26.7
      vertex 1.949999997019768 49.71865334510803 26.7
      vertex 1.7216009959578515 49.56604201495647 26.7
    endloop
  endfacet
  facet normal 0 0 1
    outer loop
      vertex 2.1963647916913036 1.059852981567383 26.7
      vertex 2.1963647916913036 49.84014701992273 26.7
      vertex 1.949999997019768 49.71865334510803 26.7
    endloop
  endfacet
  facet normal 0 0 1
    outer loop
      vertex 2.2 47.900000002980235 26.7
      vertex 2.206844110786915 48.00442095547915 26.7
      vertex 2.1963647916913036 49.84014701992273 26.7
    endloop
  endfacet
  facet normal 0 0 1
    outer loop
      vertex 2.206844110786915 48.00442095547915 26.7
      vertex 2.2272593423724176 48.10705523639918 26.7
      vertex 2.1963647916913036 49.84014701992273 26.7
    endloop
  endfacet
  facet normal 0 0 1
    outer loop
      vertex 2.2272593423724176 48.10705523639918 26.7
      vertex 2.2608963742852213 48.206146743893626 26.7
      vertex 2.1963647916913036 49.84014701992273 26.7
    endloop
  endfacet
  facet normal 0 0 1
    outer loop
      vertex 2.2608963742852213 48.206146743893626 26.7
      vertex 2.307179678976536 48.30000000149012 26.7
      vertex 2.1963647916913036 49.84014701992273 26.7
    endloop
  endfacet
  facet normal 0 0 1
    outer loop
      vertex 2.307179678976536 48.30000000149012 26.7
      vertex 2.365317326784134 48.387009140849116 26.7
      vertex 2.1963647916913036 49.84014701992273 26.7
    endloop
  endfacet
  facet normal 0 0 1
    outer loop
      vertex 2.365317326784134 48.387009140849116 26.7
      vertex 2.434314575791359 48.465685424208644 26.7
      vertex 2.1963647916913036 49.84014701992273 26.7
    endloop
  endfacet
  facet normal 0 0 1
    outer loop
      vertex 2.434314575791359 48.465685424208644 26.7
      vertex 2.5129908591508867 48.53468267321587 26.7
      vertex 2.456480005383492 49.92844423800707 26.7
    endloop
  endfacet
  facet normal 0 0 1
    outer loop
      vertex 2.5129908591508867 48.53468267321587 26.7
      vertex 2.599999998509884 48.59282032102347 26.7
      vertex 2.456480005383492 49.92844423800707 26.7
    endloop
  endfacet
  facet normal 0 0 1
    outer loop
      vertex 2.599999998509884 48.59282032102347 26.7
      vertex 2.693853256106377 48.63910362571478 26.7
      vertex 2.456480005383492 49.92844423800707 26.7
    endloop
  endfacet
  facet normal 0 0 1
    outer loop
      vertex 2.693853256106377 48.63910362571478 26.7
      vertex 2.7929447636008264 48.672740657627585 26.7
      vertex 2.7258949965238575 49.982034207880496 26.7
    endloop
  endfacet
  facet normal 0 0 1
    outer loop
      vertex 2.7929447636008264 48.672740657627585 26.7
      vertex 2.895579044520855 48.69315588921309 26.7
      vertex 2.7258949965238575 49.982034207880496 26.7
    endloop
  endfacet
  facet normal 0 0 1
    outer loop
      vertex 2.895579044520855 48.69315588921309 26.7
      vertex 2.999999997019768 48.7 26.7
      vertex 2.7258949965238575 49.982034207880496 26.7
    endloop
  endfacet
  facet normal 0.9978589226662263 -0.06540313796293175 0
    outer loop
      vertex 0.9000000000000001 47.9 26.7
      vertex 0.9179657936096193 48.17410500496626 26.7
      vertex 0.9179657936096193 48.17410500496626 29.7
    endloop
  endfacet
  facet normal 0.9807852830654135 -0.1950903086324303 0
    outer loop
      vertex 0.9179657936096193 48.17410500496626 26.7
      vertex 0.9715557634830476 48.44351999610662 26.7
      vertex 0.9715557634830476 48.44351999610662 29.7
    endloop
  endfacet
  facet normal 0.9469301283855178 -0.321439468571902 0
    outer loop
      vertex 0.9715557634830476 48.44351999610662 26.7
      vertex 1.059852981567383 48.70363520979881 26.7
      vertex 1.059852981567383 48.70363520979881 29.7
    endloop
  endfacet
  facet normal 0.8968727423833462 -0.44228868849403763 0
    outer loop
      vertex 1.059852981567383 48.70363520979881 26.7
      vertex 1.1813466489315034 48.949999997019766 26.7
      vertex 1.1813466489315034 48.949999997019766 29.7
    endloop
  endfacet
  facet normal 0.8314696052892623 -0.5555702435157218 0
    outer loop
      vertex 1.1813466489315034 48.949999997019766 26.7
      vertex 1.333957986533642 49.17839899808168 26.7
      vertex 1.333957986533642 49.17839899808168 29.7
    endloop
  endfacet
  facet normal 0 0 1
    outer loop
      vertex 2.434314575791359 48.465685424208644 26.7
      vertex 2.456480005383492 49.92844423800707 26.7
      vertex 2.1963647916913036 49.84014701992273 26.7
    endloop
  endfacet
  facet normal 0 0 1
    outer loop
      vertex 2.693853256106377 48.63910362571478 26.7
      vertex 2.7258949965238575 49.982034207880496 26.7
      vertex 2.456480005383492 49.92844423800707 26.7
    endloop
  endfacet
  facet normal 0 0 1
    outer loop
      vertex 2.999999997019768 48.7 26.7
      vertex 3.0000000014901165 50.000000001490115 26.7
      vertex 2.7258949965238575 49.982034207880496 26.7
    endloop
  endfacet
  facet normal 0.7518398161175442 -0.6593458052496711 0
    outer loop
      vertex 1.333957986533642 49.17839899808168 26.7
      vertex 1.5150757595896722 49.38492424190044 26.7
      vertex 1.5150757595896722 49.38492424190044 29.7
    endloop
  endfacet
  facet normal 0.6593458186952922 -0.7518398043260511 0
    outer loop
      vertex 1.5150757595896722 49.38492424190044 26.7
      vertex 1.7216009959578515 49.56604201495647 26.7
      vertex 1.7216009959578515 49.56604201495647 29.7
    endloop
  endfacet
  facet normal 0.555570224764263 -0.8314696178185865 0
    outer loop
      vertex 1.7216009959578515 49.56604201495647 26.7
      vertex 1.949999997019768 49.71865334510803 26.7
      vertex 1.949999997019768 49.71865334510803 29.7
    endloop
  endfacet
  facet normal 0.4422886995523105 -0.8968727369300095 -9.447640014286728e-19
    outer loop
      vertex 1.949999997019768 49.71865334510803 26.7
      vertex 2.1963647916913036 49.84014701992273 26.7
      vertex 2.1963647916913036 49.84014701992273 29.7
    endloop
  endfacet
  facet normal 0.321439468571902 -0.9469301283855178 0
    outer loop
      vertex 2.1963647916913036 49.84014701992273 26.7
      vertex 2.456480005383492 49.92844423800707 26.7
      vertex 2.456480005383492 49.92844423800707 29.7
    endloop
  endfacet
  facet normal 0.1950903086324303 -0.9807852830654135 0
    outer loop
      vertex 2.456480005383492 49.92844423800707 26.7
      vertex 2.7258949965238575 49.982034207880496 26.7
      vertex 2.7258949965238575 49.982034207880496 29.7
    endloop
  endfacet
  facet normal 0.06540313796293175 -0.9978589226662263 0
    outer loop
      vertex 2.7258949965238575 49.982034207880496 26.7
      vertex 3.0000000014901165 50.000000001490115 26.7
      vertex 3.0000000014901165 50.000000001490115 29.7
    endloop
  endfacet
  facet normal 0.9978589226662263 -0.06540313796293175 0
    outer loop
      vertex 0.9000000000000001 47.9 26.7
      vertex 0.9179657936096193 48.17410500496626 29.7
      vertex 0.9000000000000001 47.9 29.7
    endloop
  endfacet
  facet normal 0.9807852830654135 -0.1950903086324303 0
    outer loop
      vertex 0.9179657936096193 48.17410500496626 26.7
      vertex 0.9715557634830476 48.44351999610662 29.7
      vertex 0.9179657936096193 48.17410500496626 29.7
    endloop
  endfacet
  facet normal 0.9469301283855178 -0.321439468571902 0
    outer loop
      vertex 0.9715557634830476 48.44351999610662 26.7
      vertex 1.059852981567383 48.70363520979881 29.7
      vertex 0.9715557634830476 48.44351999610662 29.7
    endloop
  endfacet
  facet normal 0.8968727423833462 -0.44228868849403763 0
    outer loop
      vertex 1.059852981567383 48.70363520979881 26.7
      vertex 1.1813466489315034 48.949999997019766 29.7
      vertex 1.059852981567383 48.70363520979881 29.7
    endloop
  endfacet
  facet normal 0.8314696052892623 -0.5555702435157218 0
    outer loop
      vertex 1.1813466489315034 48.949999997019766 26.7
      vertex 1.333957986533642 49.17839899808168 29.7
      vertex 1.1813466489315034 48.949999997019766 29.7
    endloop
  endfacet
  facet normal 0.7518398161175442 -0.6593458052496711 0
    outer loop
      vertex 1.333957986533642 49.17839899808168 26.7
      vertex 1.5150757595896722 49.38492424190044 29.7
      vertex 1.333957986533642 49.17839899808168 29.7
    endloop
  endfacet
  facet normal 0.6593458186952922 -0.7518398043260511 0
    outer loop
      vertex 1.5150757595896722 49.38492424190044 26.7
      vertex 1.7216009959578515 49.56604201495647 29.7
      vertex 1.5150757595896722 49.38492424190044 29.7
    endloop
  endfacet
  facet normal 0.555570224764263 -0.8314696178185865 0
    outer loop
      vertex 1.7216009959578515 49.56604201495647 26.7
      vertex 1.949999997019768 49.71865334510803 29.7
      vertex 1.7216009959578515 49.56604201495647 29.7
    endloop
  endfacet
  facet normal 0.4422886995523105 -0.8968727369300095 0
    outer loop
      vertex 1.949999997019768 49.71865334510803 26.7
      vertex 2.1963647916913036 49.84014701992273 29.7
      vertex 1.949999997019768 49.71865334510803 29.7
    endloop
  endfacet
  facet normal 0.321439468571902 -0.9469301283855178 0
    outer loop
      vertex 2.1963647916913036 49.84014701992273 26.7
      vertex 2.456480005383492 49.92844423800707 29.7
      vertex 2.1963647916913036 49.84014701992273 29.7
    endloop
  endfacet
  facet normal 0.1950903086324303 -0.9807852830654135 0
    outer loop
      vertex 2.456480005383492 49.92844423800707 26.7
      vertex 2.7258949965238575 49.982034207880496 29.7
      vertex 2.456480005383492 49.92844423800707 29.7
    endloop
  endfacet
  facet normal 0.06540313796293175 -0.9978589226662263 0
    outer loop
      vertex 2.7258949965238575 49.982034207880496 26.7
      vertex 3.0000000014901165 50.000000001490115 29.7
      vertex 2.7258949965238575 49.982034207880496 29.7
    endloop
  endfacet
  facet normal 0 0 1
    outer loop
      vertex 2.999999997019768 48.7 26.7
      vertex 140.90000000298022 48.7 26.7
      vertex 3.0000000014901165 50.000000001490115 26.7
    endloop
  endfacet
  facet normal 0 -1 0
    outer loop
      vertex 3.0000000014901165 50.000000001490115 26.7
      vertex 140.9 50.000000001490115 29.7
      vertex 3.0000000014901165 50.000000001490115 29.7
    endloop
  endfacet
  facet normal 0 0 1
    outer loop
      vertex 3.0000000014901165 0.9000000000000001 26.7
      vertex 140.9 0.9000000000000001 26.7
      vertex 140.90000000298022 2.2 26.7
    endloop
  endfacet
  facet normal 0 1 0
    outer loop
      vertex 3.0000000014901165 0.9000000000000001 29.7
      vertex 140.9 0.9000000000000001 29.7
      vertex 140.9 0.9000000000000001 26.7
    endloop
  endfacet
  facet normal 0 0 1
    outer loop
      vertex 140.9 0.9000000000000001 26.7
      vertex 141.17410500496626 0.9179657936096193 26.7
      vertex 140.90000000298022 2.2 26.7
    endloop
  endfacet
  facet normal 0 0 1
    outer loop
      vertex 141.17410500496626 0.9179657936096193 26.7
      vertex 141.44351999610663 0.9715557634830476 26.7
      vertex 141.2061467438936 2.2608963742852213 26.7
    endloop
  endfacet
  facet normal 0 0 1
    outer loop
      vertex 141.44351999610663 0.9715557634830476 26.7
      vertex 141.70363520979882 1.059852981567383 26.7
      vertex 141.46568542420863 2.434314575791359 26.7
    endloop
  endfacet
  facet normal -0.06540313796293175 0.9978589226662263 0
    outer loop
      vertex 140.9 0.9000000000000001 26.7
      vertex 140.9 0.9000000000000001 29.7
      vertex 141.17410500496626 0.9179657936096193 26.7
    endloop
  endfacet
  facet normal -0.1950903086324303 0.9807852830654135 0
    outer loop
      vertex 141.17410500496626 0.9179657936096193 26.7
      vertex 141.17410500496626 0.9179657936096193 29.7
      vertex 141.44351999610663 0.9715557634830476 26.7
    endloop
  endfacet
  facet normal -0.321439468571902 0.9469301283855178 0
    outer loop
      vertex 141.44351999610663 0.9715557634830476 26.7
      vertex 141.44351999610663 0.9715557634830476 29.7
      vertex 141.70363520979882 1.059852981567383 26.7
    endloop
  endfacet
  facet normal -0.44228868849403763 0.8968727423833462 0
    outer loop
      vertex 141.70363520979882 1.059852981567383 26.7
      vertex 141.70363520979882 1.059852981567383 29.7
      vertex 141.94999999701977 1.1813466489315034 26.7
    endloop
  endfacet
  facet normal -0.5555702435157218 0.8314696052892623 0
    outer loop
      vertex 141.94999999701977 1.1813466489315034 26.7
      vertex 141.94999999701977 1.1813466489315034 29.7
      vertex 142.1783989980817 1.333957986533642 26.7
    endloop
  endfacet
  facet normal -0.6593458052496711 0.7518398161175442 0
    outer loop
      vertex 142.1783989980817 1.333957986533642 26.7
      vertex 142.1783989980817 1.333957986533642 29.7
      vertex 142.38492424190045 1.5150757595896722 26.7
    endloop
  endfacet
  facet normal -0.7518398043260511 0.6593458186952922 0
    outer loop
      vertex 142.38492424190045 1.5150757595896722 26.7
      vertex 142.38492424190045 1.5150757595896722 29.7
      vertex 142.56604201495648 1.7216009959578515 26.7
    endloop
  endfacet
  facet normal 0 0 1
    outer loop
      vertex 141.17410500496626 0.9179657936096193 26.7
      vertex 141.00442095547913 2.206844110786915 26.7
      vertex 140.90000000298022 2.2 26.7
    endloop
  endfacet
  facet normal 0 0 1
    outer loop
      vertex 141.17410500496626 0.9179657936096193 26.7
      vertex 141.10705523639916 2.2272593423724176 26.7
      vertex 141.00442095547913 2.206844110786915 26.7
    endloop
  endfacet
  facet normal 0 0 1
    outer loop
      vertex 141.17410500496626 0.9179657936096193 26.7
      vertex 141.2061467438936 2.2608963742852213 26.7
      vertex 141.10705523639916 2.2272593423724176 26.7
    endloop
  endfacet
  facet normal 0 0 1
    outer loop
      vertex 141.44351999610663 0.9715557634830476 26.7
      vertex 141.3000000014901 2.307179678976536 26.7
      vertex 141.2061467438936 2.2608963742852213 26.7
    endloop
  endfacet
  facet normal 0 0 1
    outer loop
      vertex 141.44351999610663 0.9715557634830476 26.7
      vertex 141.3870091408491 2.365317326784134 26.7
      vertex 141.3000000014901 2.307179678976536 26.7
    endloop
  endfacet
  facet normal 0 0 1
    outer loop
      vertex 141.44351999610663 0.9715557634830476 26.7
      vertex 141.46568542420863 2.434314575791359 26.7
      vertex 141.3870091408491 2.365317326784134 26.7
    endloop
  endfacet
  facet normal 0 0 1
    outer loop
      vertex 141.70363520979882 1.059852981567383 26.7
      vertex 141.53468267321585 2.5129908591508867 26.7
      vertex 141.46568542420863 2.434314575791359 26.7
    endloop
  endfacet
  facet normal 0 0 1
    outer loop
      vertex 141.70363520979882 1.059852981567383 26.7
      vertex 141.59282032102345 2.599999998509884 26.7
      vertex 141.53468267321585 2.5129908591508867 26.7
    endloop
  endfacet
  facet normal 0 0 1
    outer loop
      vertex 141.70363520979882 1.059852981567383 26.7
      vertex 141.63910362571477 2.693853256106377 26.7
      vertex 141.59282032102345 2.599999998509884 26.7
    endloop
  endfacet
  facet normal 0 0 1
    outer loop
      vertex 141.70363520979882 1.059852981567383 26.7
      vertex 141.67274065762757 2.7929447636008264 26.7
      vertex 141.63910362571477 2.693853256106377 26.7
    endloop
  endfacet
  facet normal 0 0 1
    outer loop
      vertex 141.70363520979882 1.059852981567383 26.7
      vertex 141.69315588921307 2.895579044520855 26.7
      vertex 141.67274065762757 2.7929447636008264 26.7
    endloop
  endfacet
  facet normal 0 0 1
    outer loop
      vertex 141.70363520979882 1.059852981567383 26.7
      vertex 141.7 2.999999997019768 26.7
      vertex 141.69315588921307 2.895579044520855 26.7
    endloop
  endfacet
  facet normal -0.8314696178185865 0.555570224764263 0
    outer loop
      vertex 142.56604201495648 1.7216009959578515 26.7
      vertex 142.56604201495648 1.7216009959578515 29.7
      vertex 142.71865334510804 1.949999997019768 26.7
    endloop
  endfacet
  facet normal -0.8968727369300095 0.4422886995523105 0
    outer loop
      vertex 142.71865334510804 1.949999997019768 26.7
      vertex 142.71865334510804 1.949999997019768 29.7
      vertex 142.84014701992274 2.1963647916913036 26.7
    endloop
  endfacet
  facet normal -0.9469301283855178 0.321439468571902 0
    outer loop
      vertex 142.84014701992274 2.1963647916913036 26.7
      vertex 142.84014701992274 2.1963647916913036 29.7
      vertex 142.92844423800707 2.456480005383492 26.7
    endloop
  endfacet
  facet normal -0.9807852830654135 0.1950903086324303 0
    outer loop
      vertex 142.92844423800707 2.456480005383492 26.7
      vertex 142.92844423800707 2.456480005383492 29.7
      vertex 142.9820342078805 2.7258949965238575 26.7
    endloop
  endfacet
  facet normal -0.9978589226662263 0.06540313796293175 0
    outer loop
      vertex 142.9820342078805 2.7258949965238575 26.7
      vertex 142.9820342078805 2.7258949965238575 29.7
      vertex 143.00000000149012 3.0000000014901165 26.7
    endloop
  endfacet
  facet normal -0.06540313796293175 0.9978589226662263 0
    outer loop
      vertex 141.17410500496626 0.9179657936096193 26.7
      vertex 140.9 0.9000000000000001 29.7
      vertex 141.17410500496626 0.9179657936096193 29.7
    endloop
  endfacet
  facet normal -0.1950903086324303 0.9807852830654135 0
    outer loop
      vertex 141.44351999610663 0.9715557634830476 26.7
      vertex 141.17410500496626 0.9179657936096193 29.7
      vertex 141.44351999610663 0.9715557634830476 29.7
    endloop
  endfacet
  facet normal -0.321439468571902 0.9469301283855178 0
    outer loop
      vertex 141.70363520979882 1.059852981567383 26.7
      vertex 141.44351999610663 0.9715557634830476 29.7
      vertex 141.70363520979882 1.059852981567383 29.7
    endloop
  endfacet
  facet normal -0.44228868849403763 0.8968727423833462 0
    outer loop
      vertex 141.94999999701977 1.1813466489315034 26.7
      vertex 141.70363520979882 1.059852981567383 29.7
      vertex 141.94999999701977 1.1813466489315034 29.7
    endloop
  endfacet
  facet normal -0.5555702435157218 0.8314696052892623 0
    outer loop
      vertex 142.1783989980817 1.333957986533642 26.7
      vertex 141.94999999701977 1.1813466489315034 29.7
      vertex 142.1783989980817 1.333957986533642 29.7
    endloop
  endfacet
  facet normal -0.6593458052496711 0.7518398161175442 0
    outer loop
      vertex 142.38492424190045 1.5150757595896722 26.7
      vertex 142.1783989980817 1.333957986533642 29.7
      vertex 142.38492424190045 1.5150757595896722 29.7
    endloop
  endfacet
  facet normal -0.7518398043260511 0.6593458186952922 0
    outer loop
      vertex 142.56604201495648 1.7216009959578515 26.7
      vertex 142.38492424190045 1.5150757595896722 29.7
      vertex 142.56604201495648 1.7216009959578515 29.7
    endloop
  endfacet
  facet normal -0.8314696178185865 0.555570224764263 0
    outer loop
      vertex 142.71865334510804 1.949999997019768 26.7
      vertex 142.56604201495648 1.7216009959578515 29.7
      vertex 142.71865334510804 1.949999997019768 29.7
    endloop
  endfacet
  facet normal -0.8968727369300095 0.4422886995523105 0
    outer loop
      vertex 142.84014701992274 2.1963647916913036 26.7
      vertex 142.71865334510804 1.949999997019768 29.7
      vertex 142.84014701992274 2.1963647916913036 29.7
    endloop
  endfacet
  facet normal -0.9469301283855178 0.321439468571902 0
    outer loop
      vertex 142.92844423800707 2.456480005383492 26.7
      vertex 142.84014701992274 2.1963647916913036 29.7
      vertex 142.92844423800707 2.456480005383492 29.7
    endloop
  endfacet
  facet normal -0.9807852830654135 0.1950903086324303 0
    outer loop
      vertex 142.9820342078805 2.7258949965238575 26.7
      vertex 142.92844423800707 2.456480005383492 29.7
      vertex 142.9820342078805 2.7258949965238575 29.7
    endloop
  endfacet
  facet normal -0.9978589226662263 0.06540313796293175 0
    outer loop
      vertex 143.00000000149012 3.0000000014901165 26.7
      vertex 142.9820342078805 2.7258949965238575 29.7
      vertex 143.00000000149012 3.0000000014901165 29.7
    endloop
  endfacet
  facet normal 0 0 1
    outer loop
      vertex 141.70363520979882 1.059852981567383 26.7
      vertex 141.94999999701977 1.1813466489315034 26.7
      vertex 141.70363520979882 49.84014701992273 26.7
    endloop
  endfacet
  facet normal 0 0 1
    outer loop
      vertex 141.94999999701977 1.1813466489315034 26.7
      vertex 142.1783989980817 1.333957986533642 26.7
      vertex 141.94999999701977 49.71865334510803 26.7
    endloop
  endfacet
  facet normal 0 0 1
    outer loop
      vertex 142.1783989980817 1.333957986533642 26.7
      vertex 142.38492424190045 1.5150757595896722 26.7
      vertex 142.1783989980817 49.56604201495647 26.7
    endloop
  endfacet
  facet normal 0 0 1
    outer loop
      vertex 142.38492424190045 1.5150757595896722 26.7
      vertex 142.56604201495648 1.7216009959578515 26.7
      vertex 142.38492424190045 49.38492424190044 26.7
    endloop
  endfacet
  facet normal 0 0 1
    outer loop
      vertex 142.56604201495648 1.7216009959578515 26.7
      vertex 142.71865334510804 1.949999997019768 26.7
      vertex 142.56604201495648 49.17839899808168 26.7
    endloop
  endfacet
  facet normal 0 0 1
    outer loop
      vertex 142.71865334510804 1.949999997019768 26.7
      vertex 142.84014701992274 2.1963647916913036 26.7
      vertex 142.71865334510804 48.949999997019766 26.7
    endloop
  endfacet
  facet normal 0 0 1
    outer loop
      vertex 141.70363520979882 1.059852981567383 26.7
      vertex 141.70363520979882 49.84014701992273 26.7
      vertex 141.7 2.999999997019768 26.7
    endloop
  endfacet
  facet normal 0 0 1
    outer loop
      vertex 142.84014701992274 2.1963647916913036 26.7
      vertex 142.92844423800707 2.456480005383492 26.7
      vertex 142.84014701992274 48.70363520979881 26.7
    endloop
  endfacet
  facet normal 0 0 1
    outer loop
      vertex 142.92844423800707 2.456480005383492 26.7
      vertex 142.9820342078805 2.7258949965238575 26.7
      vertex 142.92844423800707 48.44351999610662 26.7
    endloop
  endfacet
  facet normal 0 0 1
    outer loop
      vertex 142.9820342078805 2.7258949965238575 26.7
      vertex 143.00000000149012 3.0000000014901165 26.7
      vertex 142.9820342078805 48.17410500496626 26.7
    endloop
  endfacet
  facet normal -1 0 0
    outer loop
      vertex 143.00000000149012 3.0000000014901165 26.7
      vertex 143.00000000149012 3.0000000014901165 29.7
      vertex 143.00000000149012 47.9 26.7
    endloop
  endfacet
  facet normal 0 0 1
    outer loop
      vertex 3.0000000014901165 50.000000001490115 26.7
      vertex 140.90000000298022 48.7 26.7
      vertex 140.9 50.000000001490115 26.7
    endloop
  endfacet
  facet normal 0 -1 0
    outer loop
      vertex 3.0000000014901165 50.000000001490115 26.7
      vertex 140.9 50.000000001490115 26.7
      vertex 140.9 50.000000001490115 29.7
    endloop
  endfacet
  facet normal 0 0 1
    outer loop
      vertex 142.71865334510804 1.949999997019768 26.7
      vertex 142.71865334510804 48.949999997019766 26.7
      vertex 142.56604201495648 49.17839899808168 26.7
    endloop
  endfacet
  facet normal 0 0 1
    outer loop
      vertex 143.00000000149012 3.0000000014901165 26.7
      vertex 143.00000000149012 47.9 26.7
      vertex 142.9820342078805 48.17410500496626 26.7
    endloop
  endfacet
  facet normal 0 0 1
    outer loop
      vertex 142.92844423800707 2.456480005383492 26.7
      vertex 142.92844423800707 48.44351999610662 26.7
      vertex 142.84014701992274 48.70363520979881 26.7
    endloop
  endfacet
  facet normal 0 0 1
    outer loop
      vertex 142.9820342078805 2.7258949965238575 26.7
      vertex 142.9820342078805 48.17410500496626 26.7
      vertex 142.92844423800707 48.44351999610662 26.7
    endloop
  endfacet
  facet normal 0 0 1
    outer loop
      vertex 142.84014701992274 2.1963647916913036 26.7
      vertex 142.84014701992274 48.70363520979881 26.7
      vertex 142.71865334510804 48.949999997019766 26.7
    endloop
  endfacet
  facet normal 0 0 1
    outer loop
      vertex 141.7 2.999999997019768 26.7
      vertex 141.70363520979882 49.84014701992273 26.7
      vertex 141.7 47.900000002980235 26.7
    endloop
  endfacet
  facet normal 0 0 1
    outer loop
      vertex 141.94999999701977 1.1813466489315034 26.7
      vertex 141.94999999701977 49.71865334510803 26.7
      vertex 141.70363520979882 49.84014701992273 26.7
    endloop
  endfacet
  facet normal 0 0 1
    outer loop
      vertex 142.1783989980817 1.333957986533642 26.7
      vertex 142.1783989980817 49.56604201495647 26.7
      vertex 141.94999999701977 49.71865334510803 26.7
    endloop
  endfacet
  facet normal 0 0 1
    outer loop
      vertex 142.38492424190045 1.5150757595896722 26.7
      vertex 142.38492424190045 49.38492424190044 26.7
      vertex 142.1783989980817 49.56604201495647 26.7
    endloop
  endfacet
  facet normal 0 0 1
    outer loop
      vertex 142.56604201495648 1.7216009959578515 26.7
      vertex 142.56604201495648 49.17839899808168 26.7
      vertex 142.38492424190045 49.38492424190044 26.7
    endloop
  endfacet
  facet normal -1 0 0
    outer loop
      vertex 143.00000000149012 3.0000000014901165 29.7
      vertex 143.00000000149012 47.9 29.7
      vertex 143.00000000149012 47.9 26.7
    endloop
  endfacet
  facet normal 0 0 1
    outer loop
      vertex 141.63910362571477 48.206146743893626 26.7
      vertex 141.70363520979882 49.84014701992273 26.7
      vertex 141.59282032102345 48.30000000149012 26.7
    endloop
  endfacet
  facet normal 0 0 1
    outer loop
      vertex 141.59282032102345 48.30000000149012 26.7
      vertex 141.70363520979882 49.84014701992273 26.7
      vertex 141.53468267321585 48.387009140849116 26.7
    endloop
  endfacet
  facet normal 0 0 1
    outer loop
      vertex 141.53468267321585 48.387009140849116 26.7
      vertex 141.70363520979882 49.84014701992273 26.7
      vertex 141.46568542420863 48.465685424208644 26.7
    endloop
  endfacet
  facet normal 0 0 1
    outer loop
      vertex 140.90000000298022 48.7 26.7
      vertex 141.00442095547913 48.69315588921309 26.7
      vertex 141.17410500496626 49.982034207880496 26.7
    endloop
  endfacet
  facet normal 0 0 1
    outer loop
      vertex 141.3000000014901 48.59282032102347 26.7
      vertex 141.44351999610663 49.92844423800707 26.7
      vertex 141.2061467438936 48.63910362571478 26.7
    endloop
  endfacet
  facet normal 0 0 1
    outer loop
      vertex 141.2061467438936 48.63910362571478 26.7
      vertex 141.44351999610663 49.92844423800707 26.7
      vertex 141.10705523639916 48.672740657627585 26.7
    endloop
  endfacet
  facet normal 0 0 1
    outer loop
      vertex 141.46568542420863 48.465685424208644 26.7
      vertex 141.70363520979882 49.84014701992273 26.7
      vertex 141.3870091408491 48.53468267321587 26.7
    endloop
  endfacet
  facet normal 0 0 1
    outer loop
      vertex 141.3000000014901 48.59282032102347 26.7
      vertex 141.3870091408491 48.53468267321587 26.7
      vertex 141.44351999610663 49.92844423800707 26.7
    endloop
  endfacet
  facet normal 0 0 1
    outer loop
      vertex 141.00442095547913 48.69315588921309 26.7
      vertex 141.10705523639916 48.672740657627585 26.7
      vertex 141.17410500496626 49.982034207880496 26.7
    endloop
  endfacet
  facet normal 0 0 1
    outer loop
      vertex 141.7 47.900000002980235 26.7
      vertex 141.70363520979882 49.84014701992273 26.7
      vertex 141.69315588921307 48.00442095547915 26.7
    endloop
  endfacet
  facet normal 0 0 1
    outer loop
      vertex 141.69315588921307 48.00442095547915 26.7
      vertex 141.70363520979882 49.84014701992273 26.7
      vertex 141.67274065762757 48.10705523639918 26.7
    endloop
  endfacet
  facet normal 0 0 1
    outer loop
      vertex 141.63910362571477 48.206146743893626 26.7
      vertex 141.67274065762757 48.10705523639918 26.7
      vertex 141.70363520979882 49.84014701992273 26.7
    endloop
  endfacet
  facet normal -0.9978589226662263 -0.06540313796293175 0
    outer loop
      vertex 143.00000000149012 47.9 26.7
      vertex 143.00000000149012 47.9 29.7
      vertex 142.9820342078805 48.17410500496626 26.7
    endloop
  endfacet
  facet normal -0.9807852830654135 -0.1950903086324303 0
    outer loop
      vertex 142.9820342078805 48.17410500496626 26.7
      vertex 142.9820342078805 48.17410500496626 29.7
      vertex 142.92844423800707 48.44351999610662 26.7
    endloop
  endfacet
  facet normal -0.8314696178185865 -0.555570224764263 0
    outer loop
      vertex 142.71865334510804 48.949999997019766 26.7
      vertex 142.71865334510804 48.949999997019766 29.7
      vertex 142.56604201495648 49.17839899808168 26.7
    endloop
  endfacet
  facet normal -0.7518398161175442 -0.6593458052496711 0
    outer loop
      vertex 142.56604201495648 49.17839899808168 26.7
      vertex 142.56604201495648 49.17839899808168 29.7
      vertex 142.38492424190045 49.38492424190044 26.7
    endloop
  endfacet
  facet normal -0.9469301283855178 -0.321439468571902 0
    outer loop
      vertex 142.92844423800707 48.44351999610662 26.7
      vertex 142.92844423800707 48.44351999610662 29.7
      vertex 142.84014701992274 48.70363520979881 26.7
    endloop
  endfacet
  facet normal -0.8968727316241712 -0.4422887103114857 0
    outer loop
      vertex 142.71865334510804 48.949999997019766 26.7
      vertex 142.84014701992274 48.70363520979881 26.7
      vertex 142.84014701992274 48.70363520979881 29.7
    endloop
  endfacet
  facet normal 0 0 1
    outer loop
      vertex 140.90000000298022 48.7 26.7
      vertex 141.17410500496626 49.982034207880496 26.7
      vertex 140.9 50.000000001490115 26.7
    endloop
  endfacet
  facet normal 0 0 1
    outer loop
      vertex 141.3870091408491 48.53468267321587 26.7
      vertex 141.70363520979882 49.84014701992273 26.7
      vertex 141.44351999610663 49.92844423800707 26.7
    endloop
  endfacet
  facet normal 0 0 1
    outer loop
      vertex 141.10705523639916 48.672740657627585 26.7
      vertex 141.44351999610663 49.92844423800707 26.7
      vertex 141.17410500496626 49.982034207880496 26.7
    endloop
  endfacet
  facet normal -0.06540313796293175 -0.9978589226662263 0
    outer loop
      vertex 140.9 50.000000001490115 26.7
      vertex 141.17410500496626 49.982034207880496 26.7
      vertex 141.17410500496626 49.982034207880496 29.7
    endloop
  endfacet
  facet normal -0.321439468571902 -0.9469301283855178 0
    outer loop
      vertex 141.44351999610663 49.92844423800707 26.7
      vertex 141.70363520979882 49.84014701992273 26.7
      vertex 141.70363520979882 49.84014701992273 29.7
    endloop
  endfacet
  facet normal -0.1950903086324303 -0.9807852830654135 0
    outer loop
      vertex 141.17410500496626 49.982034207880496 26.7
      vertex 141.44351999610663 49.92844423800707 26.7
      vertex 141.44351999610663 49.92844423800707 29.7
    endloop
  endfacet
  facet normal -0.555570224764263 -0.8314696178185865 0
    outer loop
      vertex 142.1783989980817 49.56604201495647 26.7
      vertex 142.1783989980817 49.56604201495647 29.7
      vertex 141.94999999701977 49.71865334510803 26.7
    endloop
  endfacet
  facet normal -0.6593458052496711 -0.7518398161175442 0
    outer loop
      vertex 142.1783989980817 49.56604201495647 26.7
      vertex 142.38492424190045 49.38492424190044 26.7
      vertex 142.38492424190045 49.38492424190044 29.7
    endloop
  endfacet
  facet normal -0.4422887103114857 -0.8968727316241712 0
    outer loop
      vertex 141.70363520979882 49.84014701992273 26.7
      vertex 141.94999999701977 49.71865334510803 26.7
      vertex 141.94999999701977 49.71865334510803 29.7
    endloop
  endfacet
  facet normal -0.9978589226662263 -0.06540313796293175 0
    outer loop
      vertex 142.9820342078805 48.17410500496626 26.7
      vertex 143.00000000149012 47.9 29.7
      vertex 142.9820342078805 48.17410500496626 29.7
    endloop
  endfacet
  facet normal -0.9807852830654135 -0.1950903086324303 0
    outer loop
      vertex 142.92844423800707 48.44351999610662 26.7
      vertex 142.9820342078805 48.17410500496626 29.7
      vertex 142.92844423800707 48.44351999610662 29.7
    endloop
  endfacet
  facet normal -0.8968727316241712 -0.4422887103114857 0
    outer loop
      vertex 142.71865334510804 48.949999997019766 26.7
      vertex 142.84014701992274 48.70363520979881 29.7
      vertex 142.71865334510804 48.949999997019766 29.7
    endloop
  endfacet
  facet normal -0.8314696178185865 -0.555570224764263 0
    outer loop
      vertex 142.56604201495648 49.17839899808168 26.7
      vertex 142.71865334510804 48.949999997019766 29.7
      vertex 142.56604201495648 49.17839899808168 29.7
    endloop
  endfacet
  facet normal -0.9469301283855178 -0.321439468571902 0
    outer loop
      vertex 142.84014701992274 48.70363520979881 26.7
      vertex 142.92844423800707 48.44351999610662 29.7
      vertex 142.84014701992274 48.70363520979881 29.7
    endloop
  endfacet
  facet normal -0.06540313796293175 -0.9978589226662263 0
    outer loop
      vertex 140.9 50.000000001490115 26.7
      vertex 141.17410500496626 49.982034207880496 29.7
      vertex 140.9 50.000000001490115 29.7
    endloop
  endfacet
  facet normal -0.321439468571902 -0.9469301283855178 0
    outer loop
      vertex 141.44351999610663 49.92844423800707 26.7
      vertex 141.70363520979882 49.84014701992273 29.7
      vertex 141.44351999610663 49.92844423800707 29.7
    endloop
  endfacet
  facet normal -0.1950903086324303 -0.9807852830654135 0
    outer loop
      vertex 141.17410500496626 49.982034207880496 26.7
      vertex 141.44351999610663 49.92844423800707 29.7
      vertex 141.17410500496626 49.982034207880496 29.7
    endloop
  endfacet
  facet normal -0.555570224764263 -0.8314696178185865 0
    outer loop
      vertex 141.94999999701977 49.71865334510803 26.7
      vertex 142.1783989980817 49.56604201495647 29.7
      vertex 141.94999999701977 49.71865334510803 29.7
    endloop
  endfacet
  facet normal -0.7518398161175442 -0.6593458052496711 0
    outer loop
      vertex 142.38492424190045 49.38492424190044 26.7
      vertex 142.56604201495648 49.17839899808168 29.7
      vertex 142.38492424190045 49.38492424190044 29.7
    endloop
  endfacet
  facet normal -0.6593458052496711 -0.7518398161175442 0
    outer loop
      vertex 142.1783989980817 49.56604201495647 26.7
      vertex 142.38492424190045 49.38492424190044 29.7
      vertex 142.1783989980817 49.56604201495647 29.7
    endloop
  endfacet
  facet normal -0.4422887103114857 -0.8968727316241712 0
    outer loop
      vertex 141.70363520979882 49.84014701992273 26.7
      vertex 141.94999999701977 49.71865334510803 29.7
      vertex 141.70363520979882 49.84014701992273 29.7
    endloop
  endfacet
  facet normal 1 0 0
    outer loop
      vertex 10.2 0 3
      vertex 10.2 2.2 3
      vertex 10.2 0 12
    endloop
  endfacet
  facet normal 0 0 1
    outer loop
      vertex 10.2 0 3
      vertex 67.2 2.2 3
      vertex 10.2 2.2 3
    endloop
  endfacet
  facet normal 1 0 0
    outer loop
      vertex 10.2 2.2 3
      vertex 10.2 2.2 12
      vertex 10.2 0 12
    endloop
  endfacet
  facet normal 0 0 -1
    outer loop
      vertex 10.2 0 12
      vertex 10.2 2.2 12
      vertex 67.2 0 12
    endloop
  endfacet
  facet normal 0 0 1
    outer loop
      vertex 10.2 0 3
      vertex 67.2 0 3
      vertex 67.2 2.2 3
    endloop
  endfacet
  facet normal -1 0 0
    outer loop
      vertex 67.2 0 3
      vertex 67.2 2.2 12
      vertex 67.2 2.2 3
    endloop
  endfacet
  facet normal 0 0 -1
    outer loop
      vertex 10.2 2.2 12
      vertex 67.2 2.2 12
      vertex 67.2 0 12
    endloop
  endfacet
  facet normal -1 0 0
    outer loop
      vertex 67.2 0 3
      vertex 67.2 0 12
      vertex 67.2 2.2 12
    endloop
  endfacet
  facet normal 0 1 0
    outer loop
      vertex 0 17.45 2.2
      vertex 2.2 17.45 10.2
      vertex 2.2 17.45 2.2
    endloop
  endfacet
  facet normal 0 0 1
    outer loop
      vertex 0 17.45 2.2
      vertex 2.2 17.45 2.2
      vertex 0 33.45 2.2
    endloop
  endfacet
  facet normal 0 1 0
    outer loop
      vertex 0 17.45 2.2
      vertex 0 17.45 10.2
      vertex 2.2 17.45 10.2
    endloop
  endfacet
  facet normal 0 0 -1
    outer loop
      vertex 0 17.45 10.2
      vertex 2.2 33.45 10.2
      vertex 2.2 17.45 10.2
    endloop
  endfacet
  facet normal 0 0 1
    outer loop
      vertex 2.2 17.45 2.2
      vertex 2.2 33.45 2.2
      vertex 0 33.45 2.2
    endloop
  endfacet
  facet normal 0 -1 0
    outer loop
      vertex 0 33.45 2.2
      vertex 2.2 33.45 2.2
      vertex 0 33.45 10.2
    endloop
  endfacet
  facet normal 0 0 -1
    outer loop
      vertex 0 17.45 10.2
      vertex 0 33.45 10.2
      vertex 2.2 33.45 10.2
    endloop
  endfacet
  facet normal 0 -1 0
    outer loop
      vertex 2.2 33.45 2.2
      vertex 2.2 33.45 10.2
      vertex 0 33.45 10.2
    endloop
  endfacet
  facet normal 0 1 0
    outer loop
      vertex 141.7 18.45 4.2
      vertex 143.89999999850988 18.45 10.2
      vertex 143.89999999850988 18.45 4.2
    endloop
  endfacet
  facet normal 0 0 1
    outer loop
      vertex 141.7 18.45 4.2
      vertex 143.89999999850988 18.45 4.2
      vertex 141.7 32.45 4.2
    endloop
  endfacet
  facet normal 0 1 0
    outer loop
      vertex 141.7 18.45 4.2
      vertex 141.7 18.45 10.2
      vertex 143.89999999850988 18.45 10.2
    endloop
  endfacet
  facet normal 0 0 -1
    outer loop
      vertex 141.7 18.45 10.2
      vertex 143.89999999850988 32.45 10.2
      vertex 143.89999999850988 18.45 10.2
    endloop
  endfacet
  facet normal 0 0 1
    outer loop
      vertex 143.89999999850988 18.45 4.2
      vertex 143.89999999850988 32.45 4.2
      vertex 141.7 32.45 4.2
    endloop
  endfacet
  facet normal 0 -1 0
    outer loop
      vertex 141.7 32.45 4.2
      vertex 143.89999999850988 32.45 4.2
      vertex 141.7 32.45 10.2
    endloop
  endfacet
  facet normal 0 0 -1
    outer loop
      vertex 141.7 18.45 10.2
      vertex 141.7 32.45 10.2
      vertex 143.89999999850988 32.45 10.2
    endloop
  endfacet
  facet normal 0 -1 0
    outer loop
      vertex 143.89999999850988 32.45 4.2
      vertex 143.89999999850988 32.45 10.2
      vertex 141.7 32.45 10.2
    endloop
  endfacet
  facet normal 0 0 1
    outer loop
      vertex 64.95 48.7 4.2
      vertex 78.95 50.899999998509884 4.2
      vertex 64.95 50.899999998509884 4.2
    endloop
  endfacet
  facet normal 1 0 0
    outer loop
      vertex 64.95 48.7 4.2
      vertex 64.95 50.899999998509884 4.2
      vertex 64.95 48.7 20.2
    endloop
  endfacet
  facet normal 1 0 0
    outer loop
      vertex 64.95 50.899999998509884 4.2
      vertex 64.95 50.899999998509884 20.2
      vertex 64.95 48.7 20.2
    endloop
  endfacet
  facet normal 0 0 -1
    outer loop
      vertex 64.95 48.7 20.2
      vertex 64.95 50.899999998509884 20.2
      vertex 78.95 48.7 20.2
    endloop
  endfacet
  facet normal 0 0 1
    outer loop
      vertex 64.95 48.7 4.2
      vertex 78.95 48.7 4.2
      vertex 78.95 50.899999998509884 4.2
    endloop
  endfacet
  facet normal -1 0 0
    outer loop
      vertex 78.95 48.7 4.2
      vertex 78.95 50.899999998509884 20.2
      vertex 78.95 50.899999998509884 4.2
    endloop
  endfacet
  facet normal -1 0 0
    outer loop
      vertex 78.95 48.7 4.2
      vertex 78.95 48.7 20.2
      vertex 78.95 50.899999998509884 20.2
    endloop
  endfacet
  facet normal 0 0 -1
    outer loop
      vertex 64.95 50.899999998509884 20.2
      vertex 78.95 50.899999998509884 20.2
      vertex 78.95 48.7 20.2
    endloop
  endfacet
  facet normal -0.2902846772544625 -0.9569403357322088 3.4116697735299877e-18
    outer loop
      vertex 8.55194970290473 11.17836140246614 2.2
      vertex 9.114729033951615 11.007644158790308 2.2
      vertex 9.114729033951615 11.007644158790308 5.2
    endloop
  endfacet
  facet normal -0.4713967368259977 -0.8819212643483549 -3.0473220791303924e-18
    outer loop
      vertex 8.033289300941192 11.455591163092365 2.2
      vertex 8.55194970290473 11.17836140246614 2.2
      vertex 8.55194970290473 11.17836140246614 5.2
    endloop
  endfacet
  facet normal -0.6343932841636455 -0.773010453362737 -7.45556954607501e-18
    outer loop
      vertex 7.5786796564403565 11.828679656440357 2.2
      vertex 8.033289300941192 11.455591163092365 2.2
      vertex 8.033289300941192 11.455591163092365 5.2
    endloop
  endfacet
  facet normal -0.7730104533627363 -0.6343932841636463 7.31385217081912e-18
    outer loop
      vertex 7.5786796564403565 11.828679656440357 2.2
      vertex 7.205591163092364 12.283289300941192 5.2
      vertex 7.205591163092364 12.283289300941192 2.2
    endloop
  endfacet
  facet normal -0.8819212643483556 -0.4713967368259966 6.346594054777531e-18
    outer loop
      vertex 7.205591163092364 12.283289300941192 2.2
      vertex 6.928361402466139 12.80194970290473 5.2
      vertex 6.928361402466139 12.80194970290473 2.2
    endloop
  endfacet
  facet normal -0.09801714032956085 -0.9951847266721969 -1.7171893094711184e-18
    outer loop
      vertex 9.114729033951615 11.007644158790308 2.2
      vertex 9.7 10.95 2.2
      vertex 9.7 10.95 5.2
    endloop
  endfacet
  facet normal 0.09801714032956085 -0.9951847266721969 1.7171893094711184e-18
    outer loop
      vertex 9.7 10.95 2.2
      vertex 10.285270966048383 11.007644158790308 2.2
      vertex 10.285270966048383 11.007644158790308 5.2
    endloop
  endfacet
  facet normal 0.2902846772544625 -0.9569403357322088 -3.4116697735299877e-18
    outer loop
      vertex 10.285270966048383 11.007644158790308 2.2
      vertex 10.848050297095268 11.17836140246614 2.2
      vertex 10.848050297095268 11.17836140246614 5.2
    endloop
  endfacet
  facet normal 0.4713967368259977 -0.8819212643483549 3.0473220791303924e-18
    outer loop
      vertex 10.848050297095268 11.17836140246614 2.2
      vertex 11.366710699058807 11.455591163092365 2.2
      vertex 11.366710699058807 11.455591163092365 5.2
    endloop
  endfacet
  facet normal 0.6343932841636463 -0.7730104533627363 -7.31385217081912e-18
    outer loop
      vertex 11.366710699058807 11.455591163092365 2.2
      vertex 11.821320343559641 11.828679656440357 2.2
      vertex 11.821320343559641 11.828679656440357 5.2
    endloop
  endfacet
  facet normal 0.7730104533627363 -0.6343932841636463 0
    outer loop
      vertex 11.821320343559641 11.828679656440357 2.2
      vertex 12.194408836907634 12.283289300941192 2.2
      vertex 11.821320343559641 11.828679656440357 5.2
    endloop
  endfacet
  facet normal 0.8819212643483549 -0.4713967368259977 0
    outer loop
      vertex 12.194408836907634 12.283289300941192 2.2
      vertex 12.47163859753386 12.80194970290473 2.2
      vertex 12.194408836907634 12.283289300941192 5.2
    endloop
  endfacet
  facet normal -0.2902846772544625 -0.9569403357322088 0
    outer loop
      vertex 8.55194970290473 11.17836140246614 2.2
      vertex 9.114729033951615 11.007644158790308 5.2
      vertex 8.55194970290473 11.17836140246614 5.2
    endloop
  endfacet
  facet normal -0.6343932841636455 -0.773010453362737 0
    outer loop
      vertex 7.5786796564403565 11.828679656440357 2.2
      vertex 8.033289300941192 11.455591163092365 5.2
      vertex 7.5786796564403565 11.828679656440357 5.2
    endloop
  endfacet
  facet normal -0.4713967368259977 -0.8819212643483549 0
    outer loop
      vertex 8.033289300941192 11.455591163092365 2.2
      vertex 8.55194970290473 11.17836140246614 5.2
      vertex 8.033289300941192 11.455591163092365 5.2
    endloop
  endfacet
  facet normal -0.7730104533627363 -0.6343932841636463 0
    outer loop
      vertex 7.5786796564403565 11.828679656440357 2.2
      vertex 7.5786796564403565 11.828679656440357 5.2
      vertex 7.205591163092364 12.283289300941192 5.2
    endloop
  endfacet
  facet normal -0.8819212643483556 -0.4713967368259966 0
    outer loop
      vertex 7.205591163092364 12.283289300941192 2.2
      vertex 7.205591163092364 12.283289300941192 5.2
      vertex 6.928361402466139 12.80194970290473 5.2
    endloop
  endfacet
  facet normal 0 0 1
    outer loop
      vertex 8.55194970290473 11.17836140246614 5.2
      vertex 9.114729033951615 11.007644158790308 5.2
      vertex 8.790673326026338 13.424999999999999 5.2
    endloop
  endfacet
  facet normal 0 0 1
    outer loop
      vertex 9.114729033951615 11.007644158790308 5.2
      vertex 8.957537879754124 13.207537879754124 5.2
      vertex 8.790673326026338 13.424999999999999 5.2
    endloop
  endfacet
  facet normal -0.09801714032956085 -0.9951847266721969 0
    outer loop
      vertex 9.114729033951615 11.007644158790308 2.2
      vertex 9.7 10.95 5.2
      vertex 9.114729033951615 11.007644158790308 5.2
    endloop
  endfacet
  facet normal 0.09801714032956085 -0.9951847266721969 0
    outer loop
      vertex 9.7 10.95 2.2
      vertex 10.285270966048383 11.007644158790308 5.2
      vertex 9.7 10.95 5.2
    endloop
  endfacet
  facet normal 0.2902846772544625 -0.9569403357322088 0
    outer loop
      vertex 10.285270966048383 11.007644158790308 2.2
      vertex 10.848050297095268 11.17836140246614 5.2
      vertex 10.285270966048383 11.007644158790308 5.2
    endloop
  endfacet
  facet normal 0.4713967368259977 -0.8819212643483549 0
    outer loop
      vertex 10.848050297095268 11.17836140246614 2.2
      vertex 11.366710699058807 11.455591163092365 5.2
      vertex 10.848050297095268 11.17836140246614 5.2
    endloop
  endfacet
  facet normal 0.6343932841636463 -0.7730104533627363 0
    outer loop
      vertex 11.366710699058807 11.455591163092365 2.2
      vertex 11.821320343559641 11.828679656440357 5.2
      vertex 11.366710699058807 11.455591163092365 5.2
    endloop
  endfacet
  facet normal 0.7730104533627363 -0.6343932841636463 0
    outer loop
      vertex 12.194408836907634 12.283289300941192 2.2
      vertex 12.194408836907634 12.283289300941192 5.2
      vertex 11.821320343559641 11.828679656440357 5.2
    endloop
  endfacet
  facet normal 0.8819212643483549 -0.4713967368259977 3.0473220791303924e-18
    outer loop
      vertex 12.194408836907634 12.283289300941192 5.2
      vertex 12.47163859753386 12.80194970290473 2.2
      vertex 12.47163859753386 12.80194970290473 5.2
    endloop
  endfacet
  facet normal 0 0 1
    outer loop
      vertex 9.114729033951615 11.007644158790308 5.2
      vertex 9.7 10.95 5.2
      vertex 9.428240002642353 12.935777882396478 5.2
    endloop
  endfacet
  facet normal 0 0 1
    outer loop
      vertex 9.7 10.95 5.2
      vertex 10.285270966048383 11.007644158790308 5.2
      vertex 9.7 12.899999999999999 5.2
    endloop
  endfacet
  facet normal 0 0 1
    outer loop
      vertex 10.285270966048383 11.007644158790308 5.2
      vertex 10.848050297095268 11.17836140246614 5.2
      vertex 10.225 13.040673326026338 5.2
    endloop
  endfacet
  facet normal 0 0 1
    outer loop
      vertex 9.7 10.95 5.2
      vertex 9.7 12.899999999999999 5.2
      vertex 9.428240002642353 12.935777882396478 5.2
    endloop
  endfacet
  facet normal 0 0 1
    outer loop
      vertex 10.285270966048383 11.007644158790308 5.2
      vertex 9.971759997357646 12.935777882396478 5.2
      vertex 9.7 12.899999999999999 5.2
    endloop
  endfacet
  facet normal 0 0 1
    outer loop
      vertex 9.114729033951615 11.007644158790308 5.2
      vertex 9.174999999999999 13.040673326026338 5.2
      vertex 8.957537879754124 13.207537879754124 5.2
    endloop
  endfacet
  facet normal 0 0 1
    outer loop
      vertex 9.114729033951615 11.007644158790308 5.2
      vertex 9.428240002642353 12.935777882396478 5.2
      vertex 9.174999999999999 13.040673326026338 5.2
    endloop
  endfacet
  facet normal 0 0 1
    outer loop
      vertex 10.285270966048383 11.007644158790308 5.2
      vertex 10.225 13.040673326026338 5.2
      vertex 9.971759997357646 12.935777882396478 5.2
    endloop
  endfacet
  facet normal 0 0 1
    outer loop
      vertex 10.848050297095268 11.17836140246614 5.2
      vertex 10.442462120245875 13.207537879754124 5.2
      vertex 10.225 13.040673326026338 5.2
    endloop
  endfacet
  facet normal 0 0 1
    outer loop
      vertex 10.848050297095268 11.17836140246614 5.2
      vertex 10.60932667397366 13.424999999999999 5.2
      vertex 10.442462120245875 13.207537879754124 5.2
    endloop
  endfacet
  facet normal -0.9951847266721969 -0.09801714032956085 0
    outer loop
      vertex 6.699999999999999 13.95 2.2
      vertex 6.757644158790308 13.364729033951615 2.2
      vertex 6.699999999999999 13.95 5.2
    endloop
  endfacet
  facet normal -0.9569403357322088 -0.2902846772544625 3.4116697735299877e-18
    outer loop
      vertex 6.928361402466139 12.80194970290473 2.2
      vertex 6.757644158790308 13.364729033951615 5.2
      vertex 6.757644158790308 13.364729033951615 2.2
    endloop
  endfacet
  facet normal -0.9951847266721969 0.09801714032956085 1.7171893094711184e-18
    outer loop
      vertex 6.699999999999999 13.95 2.2
      vertex 6.757644158790308 14.535270966048383 5.2
      vertex 6.757644158790308 14.535270966048383 2.2
    endloop
  endfacet
  facet normal -0.9569403357322088 0.2902846772544625 -3.4116697735299877e-18
    outer loop
      vertex 6.757644158790308 14.535270966048383 2.2
      vertex 6.928361402466139 15.098050297095268 5.2
      vertex 6.928361402466139 15.098050297095268 2.2
    endloop
  endfacet
  facet normal -0.8819212643483556 0.4713967368259966 -6.346594054777531e-18
    outer loop
      vertex 6.928361402466139 15.098050297095268 2.2
      vertex 7.205591163092364 15.616710699058807 5.2
      vertex 7.205591163092364 15.616710699058807 2.2
    endloop
  endfacet
  facet normal -0.7730104533627363 0.6343932841636463 -7.31385217081912e-18
    outer loop
      vertex 7.205591163092364 15.616710699058807 2.2
      vertex 7.5786796564403565 16.07132034355964 5.2
      vertex 7.5786796564403565 16.07132034355964 2.2
    endloop
  endfacet
  facet normal -0.6343932841636455 0.773010453362737 0
    outer loop
      vertex 7.5786796564403565 16.07132034355964 2.2
      vertex 7.5786796564403565 16.07132034355964 5.2
      vertex 8.033289300941192 16.444408836907634 2.2
    endloop
  endfacet
  facet normal -0.4713967368260001 0.8819212643483537 0
    outer loop
      vertex 8.033289300941192 16.444408836907634 2.2
      vertex 8.033289300941192 16.444408836907634 5.2
      vertex 8.55194970290473 16.72163859753386 2.2
    endloop
  endfacet
  facet normal -0.2902846772544625 0.9569403357322088 0
    outer loop
      vertex 8.55194970290473 16.72163859753386 2.2
      vertex 8.55194970290473 16.72163859753386 5.2
      vertex 9.114729033951615 16.892355841209692 2.2
    endloop
  endfacet
  facet normal 0.9569403357322088 -0.2902846772544625 0
    outer loop
      vertex 12.47163859753386 12.80194970290473 2.2
      vertex 12.64235584120969 13.364729033951615 2.2
      vertex 12.47163859753386 12.80194970290473 5.2
    endloop
  endfacet
  facet normal 0.9951847266721969 -0.09801714032956085 0
    outer loop
      vertex 12.64235584120969 13.364729033951615 2.2
      vertex 12.7 13.95 2.2
      vertex 12.64235584120969 13.364729033951615 5.2
    endloop
  endfacet
  facet normal 0.9951847266721969 0.09801714032956085 0
    outer loop
      vertex 12.7 13.95 2.2
      vertex 12.64235584120969 14.535270966048383 2.2
      vertex 12.7 13.95 5.2
    endloop
  endfacet
  facet normal 0.9569403357322088 0.2902846772544625 0
    outer loop
      vertex 12.64235584120969 14.535270966048383 2.2
      vertex 12.47163859753386 15.098050297095268 2.2
      vertex 12.64235584120969 14.535270966048383 5.2
    endloop
  endfacet
  facet normal 0.7730104533627363 0.6343932841636463 0
    outer loop
      vertex 12.194408836907634 15.616710699058807 2.2
      vertex 11.821320343559641 16.07132034355964 2.2
      vertex 12.194408836907634 15.616710699058807 5.2
    endloop
  endfacet
  facet normal 0.8819212643483549 0.4713967368259977 0
    outer loop
      vertex 12.47163859753386 15.098050297095268 2.2
      vertex 12.194408836907634 15.616710699058807 2.2
      vertex 12.47163859753386 15.098050297095268 5.2
    endloop
  endfacet
  facet normal 0.4713967368260001 0.8819212643483537 0
    outer loop
      vertex 10.848050297095268 16.72163859753386 2.2
      vertex 10.848050297095268 16.72163859753386 5.2
      vertex 11.366710699058807 16.444408836907634 2.2
    endloop
  endfacet
  facet normal -0.09801714032955786 0.9951847266721972 0
    outer loop
      vertex 9.114729033951615 16.892355841209692 2.2
      vertex 9.114729033951615 16.892355841209692 5.2
      vertex 9.7 16.95 2.2
    endloop
  endfacet
  facet normal 0.09801714032955786 0.9951847266721972 0
    outer loop
      vertex 9.7 16.95 2.2
      vertex 9.7 16.95 5.2
      vertex 10.285270966048383 16.892355841209692 2.2
    endloop
  endfacet
  facet normal 0.2902846772544625 0.9569403357322088 0
    outer loop
      vertex 10.285270966048383 16.892355841209692 2.2
      vertex 10.285270966048383 16.892355841209692 5.2
      vertex 10.848050297095268 16.72163859753386 2.2
    endloop
  endfacet
  facet normal 0.6343932841636463 0.7730104533627363 7.31385217081912e-18
    outer loop
      vertex 11.821320343559641 16.07132034355964 2.2
      vertex 11.366710699058807 16.444408836907634 2.2
      vertex 11.366710699058807 16.444408836907634 5.2
    endloop
  endfacet
  facet normal -0.9951847266721969 -0.09801714032956085 0
    outer loop
      vertex 6.757644158790308 13.364729033951615 2.2
      vertex 6.757644158790308 13.364729033951615 5.2
      vertex 6.699999999999999 13.95 5.2
    endloop
  endfacet
  facet normal -0.9951847266721969 0.09801714032956085 0
    outer loop
      vertex 6.699999999999999 13.95 2.2
      vertex 6.699999999999999 13.95 5.2
      vertex 6.757644158790308 14.535270966048383 5.2
    endloop
  endfacet
  facet normal -0.9569403357322088 -0.2902846772544625 0
    outer loop
      vertex 6.928361402466139 12.80194970290473 2.2
      vertex 6.928361402466139 12.80194970290473 5.2
      vertex 6.757644158790308 13.364729033951615 5.2
    endloop
  endfacet
  facet normal 0 0 1
    outer loop
      vertex 6.699999999999999 13.95 5.2
      vertex 6.757644158790308 13.364729033951615 5.2
      vertex 6.757644158790308 14.535270966048383 5.2
    endloop
  endfacet
  facet normal 0 0 1
    outer loop
      vertex 7.5786796564403565 11.828679656440357 5.2
      vertex 8.033289300941192 11.455591163092365 5.2
      vertex 7.5786796564403565 16.07132034355964 5.2
    endloop
  endfacet
  facet normal 0 0 1
    outer loop
      vertex 7.205591163092364 12.283289300941192 5.2
      vertex 6.928361402466139 15.098050297095268 5.2
      vertex 6.928361402466139 12.80194970290473 5.2
    endloop
  endfacet
  facet normal 0 0 1
    outer loop
      vertex 7.5786796564403565 11.828679656440357 5.2
      vertex 7.205591163092364 15.616710699058807 5.2
      vertex 7.205591163092364 12.283289300941192 5.2
    endloop
  endfacet
  facet normal 0 0 1
    outer loop
      vertex 8.033289300941192 11.455591163092365 5.2
      vertex 8.55194970290473 11.17836140246614 5.2
      vertex 8.033289300941192 16.444408836907634 5.2
    endloop
  endfacet
  facet normal 0 0 1
    outer loop
      vertex 8.55194970290473 11.17836140246614 5.2
      vertex 8.790673326026338 13.424999999999999 5.2
      vertex 8.685777882396478 13.678240002642353 5.2
    endloop
  endfacet
  facet normal 0 0 1
    outer loop
      vertex 8.55194970290473 11.17836140246614 5.2
      vertex 8.685777882396478 13.678240002642353 5.2
      vertex 8.649999999999999 13.95 5.2
    endloop
  endfacet
  facet normal 0 0 1
    outer loop
      vertex 6.928361402466139 12.80194970290473 5.2
      vertex 6.757644158790308 14.535270966048383 5.2
      vertex 6.757644158790308 13.364729033951615 5.2
    endloop
  endfacet
  facet normal 0 0 1
    outer loop
      vertex 6.928361402466139 12.80194970290473 5.2
      vertex 6.928361402466139 15.098050297095268 5.2
      vertex 6.757644158790308 14.535270966048383 5.2
    endloop
  endfacet
  facet normal 0 0 1
    outer loop
      vertex 8.55194970290473 11.17836140246614 5.2
      vertex 8.649999999999999 13.95 5.2
      vertex 8.55194970290473 16.72163859753386 5.2
    endloop
  endfacet
  facet normal -0.9569403357322088 0.2902846772544625 0
    outer loop
      vertex 6.757644158790308 14.535270966048383 2.2
      vertex 6.757644158790308 14.535270966048383 5.2
      vertex 6.928361402466139 15.098050297095268 5.2
    endloop
  endfacet
  facet normal -0.8819212643483556 0.4713967368259966 0
    outer loop
      vertex 6.928361402466139 15.098050297095268 2.2
      vertex 6.928361402466139 15.098050297095268 5.2
      vertex 7.205591163092364 15.616710699058807 5.2
    endloop
  endfacet
  facet normal -0.7730104533627363 0.6343932841636463 0
    outer loop
      vertex 7.205591163092364 15.616710699058807 2.2
      vertex 7.205591163092364 15.616710699058807 5.2
      vertex 7.5786796564403565 16.07132034355964 5.2
    endloop
  endfacet
  facet normal 0 0 1
    outer loop
      vertex 7.205591163092364 12.283289300941192 5.2
      vertex 7.205591163092364 15.616710699058807 5.2
      vertex 6.928361402466139 15.098050297095268 5.2
    endloop
  endfacet
  facet normal 0 0 1
    outer loop
      vertex 7.5786796564403565 11.828679656440357 5.2
      vertex 7.5786796564403565 16.07132034355964 5.2
      vertex 7.205591163092364 15.616710699058807 5.2
    endloop
  endfacet
  facet normal 0 0 1
    outer loop
      vertex 8.033289300941192 11.455591163092365 5.2
      vertex 8.033289300941192 16.444408836907634 5.2
      vertex 7.5786796564403565 16.07132034355964 5.2
    endloop
  endfacet
  facet normal 0 0 1
    outer loop
      vertex 8.55194970290473 11.17836140246614 5.2
      vertex 8.55194970290473 16.72163859753386 5.2
      vertex 8.033289300941192 16.444408836907634 5.2
    endloop
  endfacet
  facet normal 0 0 1
    outer loop
      vertex 8.649999999999999 13.95 5.2
      vertex 8.685777882396478 14.221759997357646 5.2
      vertex 8.55194970290473 16.72163859753386 5.2
    endloop
  endfacet
  facet normal 0 0 1
    outer loop
      vertex 8.685777882396478 14.221759997357646 5.2
      vertex 8.790673326026338 14.475 5.2
      vertex 8.55194970290473 16.72163859753386 5.2
    endloop
  endfacet
  facet normal 0 0 1
    outer loop
      vertex 8.790673326026338 14.475 5.2
      vertex 8.957537879754124 14.692462120245875 5.2
      vertex 8.55194970290473 16.72163859753386 5.2
    endloop
  endfacet
  facet normal 0 0 1
    outer loop
      vertex 8.957537879754124 14.692462120245875 5.2
      vertex 9.174999999999999 14.85932667397366 5.2
      vertex 8.55194970290473 16.72163859753386 5.2
    endloop
  endfacet
  facet normal -0.6343932841636455 0.773010453362737 0
    outer loop
      vertex 8.033289300941192 16.444408836907634 2.2
      vertex 7.5786796564403565 16.07132034355964 5.2
      vertex 8.033289300941192 16.444408836907634 5.2
    endloop
  endfacet
  facet normal -0.4713967368260001 0.8819212643483537 0
    outer loop
      vertex 8.55194970290473 16.72163859753386 2.2
      vertex 8.033289300941192 16.444408836907634 5.2
      vertex 8.55194970290473 16.72163859753386 5.2
    endloop
  endfacet
  facet normal -0.2902846772544625 0.9569403357322088 0
    outer loop
      vertex 9.114729033951615 16.892355841209692 2.2
      vertex 8.55194970290473 16.72163859753386 5.2
      vertex 9.114729033951615 16.892355841209692 5.2
    endloop
  endfacet
  facet normal 0 0 1
    outer loop
      vertex 8.55194970290473 16.72163859753386 5.2
      vertex 9.174999999999999 14.85932667397366 5.2
      vertex 9.114729033951615 16.892355841209692 5.2
    endloop
  endfacet
  facet normal 0.9569403357322088 -0.2902846772544625 0
    outer loop
      vertex 12.64235584120969 13.364729033951615 2.2
      vertex 12.64235584120969 13.364729033951615 5.2
      vertex 12.47163859753386 12.80194970290473 5.2
    endloop
  endfacet
  facet normal 0.9951847266721969 -0.09801714032956085 0
    outer loop
      vertex 12.7 13.95 2.2
      vertex 12.7 13.95 5.2
      vertex 12.64235584120969 13.364729033951615 5.2
    endloop
  endfacet
  facet normal 0 0 1
    outer loop
      vertex 10.848050297095268 11.17836140246614 5.2
      vertex 10.714222117603521 13.678240002642353 5.2
      vertex 10.60932667397366 13.424999999999999 5.2
    endloop
  endfacet
  facet normal 0 0 1
    outer loop
      vertex 10.848050297095268 11.17836140246614 5.2
      vertex 10.75 13.95 5.2
      vertex 10.714222117603521 13.678240002642353 5.2
    endloop
  endfacet
  facet normal 0 0 1
    outer loop
      vertex 10.848050297095268 11.17836140246614 5.2
      vertex 11.366710699058807 11.455591163092365 5.2
      vertex 10.848050297095268 16.72163859753386 5.2
    endloop
  endfacet
  facet normal 0 0 1
    outer loop
      vertex 10.848050297095268 11.17836140246614 5.2
      vertex 10.848050297095268 16.72163859753386 5.2
      vertex 10.75 13.95 5.2
    endloop
  endfacet
  facet normal 0 0 1
    outer loop
      vertex 11.366710699058807 11.455591163092365 5.2
      vertex 11.821320343559641 11.828679656440357 5.2
      vertex 11.366710699058807 16.444408836907634 5.2
    endloop
  endfacet
  facet normal 0 0 1
    outer loop
      vertex 11.821320343559641 11.828679656440357 5.2
      vertex 12.194408836907634 12.283289300941192 5.2
      vertex 11.821320343559641 16.07132034355964 5.2
    endloop
  endfacet
  facet normal 0 0 1
    outer loop
      vertex 12.194408836907634 12.283289300941192 5.2
      vertex 12.47163859753386 12.80194970290473 5.2
      vertex 12.194408836907634 15.616710699058807 5.2
    endloop
  endfacet
  facet normal 0 0 1
    outer loop
      vertex 12.47163859753386 12.80194970290473 5.2
      vertex 12.64235584120969 13.364729033951615 5.2
      vertex 12.47163859753386 15.098050297095268 5.2
    endloop
  endfacet
  facet normal 0 0 1
    outer loop
      vertex 12.64235584120969 13.364729033951615 5.2
      vertex 12.7 13.95 5.2
      vertex 12.64235584120969 14.535270966048383 5.2
    endloop
  endfacet
  facet normal 0.9951847266721969 0.09801714032956085 0
    outer loop
      vertex 12.64235584120969 14.535270966048383 2.2
      vertex 12.64235584120969 14.535270966048383 5.2
      vertex 12.7 13.95 5.2
    endloop
  endfacet
  facet normal 0.9569403357322088 0.2902846772544625 0
    outer loop
      vertex 12.47163859753386 15.098050297095268 2.2
      vertex 12.47163859753386 15.098050297095268 5.2
      vertex 12.64235584120969 14.535270966048383 5.2
    endloop
  endfacet
  facet normal 0.8819212643483549 0.4713967368259977 0
    outer loop
      vertex 12.194408836907634 15.616710699058807 2.2
      vertex 12.194408836907634 15.616710699058807 5.2
      vertex 12.47163859753386 15.098050297095268 5.2
    endloop
  endfacet
  facet normal 0 0 1
    outer loop
      vertex 11.366710699058807 11.455591163092365 5.2
      vertex 11.366710699058807 16.444408836907634 5.2
      vertex 10.848050297095268 16.72163859753386 5.2
    endloop
  endfacet
  facet normal 0 0 1
    outer loop
      vertex 10.75 13.95 5.2
      vertex 10.848050297095268 16.72163859753386 5.2
      vertex 10.714222117603521 14.221759997357646 5.2
    endloop
  endfacet
  facet normal 0 0 1
    outer loop
      vertex 9.174999999999999 14.85932667397366 5.2
      vertex 9.428240002642353 14.964222117603521 5.2
      vertex 9.114729033951615 16.892355841209692 5.2
    endloop
  endfacet
  facet normal 0 0 1
    outer loop
      vertex 9.428240002642353 14.964222117603521 5.2
      vertex 9.7 15 5.2
      vertex 9.114729033951615 16.892355841209692 5.2
    endloop
  endfacet
  facet normal 0 0 1
    outer loop
      vertex 9.7 15 5.2
      vertex 9.971759997357646 14.964222117603521 5.2
      vertex 9.7 16.95 5.2
    endloop
  endfacet
  facet normal 0 0 1
    outer loop
      vertex 10.442462120245875 14.692462120245875 5.2
      vertex 10.285270966048383 16.892355841209692 5.2
      vertex 10.225 14.85932667397366 5.2
    endloop
  endfacet
  facet normal 0 0 1
    outer loop
      vertex 10.60932667397366 14.475 5.2
      vertex 10.285270966048383 16.892355841209692 5.2
      vertex 10.442462120245875 14.692462120245875 5.2
    endloop
  endfacet
  facet normal 0 0 1
    outer loop
      vertex 10.714222117603521 14.221759997357646 5.2
      vertex 10.848050297095268 16.72163859753386 5.2
      vertex 10.60932667397366 14.475 5.2
    endloop
  endfacet
  facet normal 0 0 1
    outer loop
      vertex 9.971759997357646 14.964222117603521 5.2
      vertex 10.225 14.85932667397366 5.2
      vertex 10.285270966048383 16.892355841209692 5.2
    endloop
  endfacet
  facet normal 0 0 1
    outer loop
      vertex 12.194408836907634 12.283289300941192 5.2
      vertex 12.194408836907634 15.616710699058807 5.2
      vertex 11.821320343559641 16.07132034355964 5.2
    endloop
  endfacet
  facet normal 0 0 1
    outer loop
      vertex 11.821320343559641 11.828679656440357 5.2
      vertex 11.821320343559641 16.07132034355964 5.2
      vertex 11.366710699058807 16.444408836907634 5.2
    endloop
  endfacet
  facet normal 0 0 1
    outer loop
      vertex 12.64235584120969 13.364729033951615 5.2
      vertex 12.64235584120969 14.535270966048383 5.2
      vertex 12.47163859753386 15.098050297095268 5.2
    endloop
  endfacet
  facet normal 0 0 1
    outer loop
      vertex 12.47163859753386 12.80194970290473 5.2
      vertex 12.47163859753386 15.098050297095268 5.2
      vertex 12.194408836907634 15.616710699058807 5.2
    endloop
  endfacet
  facet normal 0.4713967368260001 0.8819212643483537 0
    outer loop
      vertex 11.366710699058807 16.444408836907634 2.2
      vertex 10.848050297095268 16.72163859753386 5.2
      vertex 11.366710699058807 16.444408836907634 5.2
    endloop
  endfacet
  facet normal -0.09801714032955786 0.9951847266721972 0
    outer loop
      vertex 9.7 16.95 2.2
      vertex 9.114729033951615 16.892355841209692 5.2
      vertex 9.7 16.95 5.2
    endloop
  endfacet
  facet normal 0.09801714032955786 0.9951847266721972 0
    outer loop
      vertex 10.285270966048383 16.892355841209692 2.2
      vertex 9.7 16.95 5.2
      vertex 10.285270966048383 16.892355841209692 5.2
    endloop
  endfacet
  facet normal 0.2902846772544625 0.9569403357322088 0
    outer loop
      vertex 10.848050297095268 16.72163859753386 2.2
      vertex 10.285270966048383 16.892355841209692 5.2
      vertex 10.848050297095268 16.72163859753386 5.2
    endloop
  endfacet
  facet normal 0.6343932841636463 0.7730104533627363 0
    outer loop
      vertex 11.821320343559641 16.07132034355964 2.2
      vertex 11.366710699058807 16.444408836907634 5.2
      vertex 11.821320343559641 16.07132034355964 5.2
    endloop
  endfacet
  facet normal 0.7730104533627363 0.6343932841636463 0
    outer loop
      vertex 11.821320343559641 16.07132034355964 2.2
      vertex 11.821320343559641 16.07132034355964 5.2
      vertex 12.194408836907634 15.616710699058807 5.2
    endloop
  endfacet
  facet normal 0 0 1
    outer loop
      vertex 9.7 15 5.2
      vertex 9.7 16.95 5.2
      vertex 9.114729033951615 16.892355841209692 5.2
    endloop
  endfacet
  facet normal 0 0 1
    outer loop
      vertex 9.971759997357646 14.964222117603521 5.2
      vertex 10.285270966048383 16.892355841209692 5.2
      vertex 9.7 16.95 5.2
    endloop
  endfacet
  facet normal 0 0 1
    outer loop
      vertex 10.60932667397366 14.475 5.2
      vertex 10.848050297095268 16.72163859753386 5.2
      vertex 10.285270966048383 16.892355841209692 5.2
    endloop
  endfacet
  facet normal -0.2902846772544625 -0.9569403357322088 3.4116697735299877e-18
    outer loop
      vertex 8.55194970290473 34.178361402466145 2.2
      vertex 9.114729033951615 34.00764415879031 2.2
      vertex 9.114729033951615 34.00764415879031 5.2
    endloop
  endfacet
  facet normal -0.47139673682599076 -0.8819212643483588 0
    outer loop
      vertex 8.55194970290473 34.178361402466145 2.2
      vertex 8.55194970290473 34.178361402466145 5.2
      vertex 8.033289300941192 34.455591163092365 2.2
    endloop
  endfacet
  facet normal -0.6343932841636455 -0.773010453362737 -7.45556954607501e-18
    outer loop
      vertex 7.5786796564403565 34.82867965644036 2.2
      vertex 8.033289300941192 34.455591163092365 2.2
      vertex 8.033289300941192 34.455591163092365 5.2
    endloop
  endfacet
  facet normal -0.7730104533627412 -0.6343932841636404 -7.196089545430235e-19
    outer loop
      vertex 7.5786796564403565 34.82867965644036 2.2
      vertex 7.205591163092364 35.2832893009412 5.2
      vertex 7.205591163092364 35.2832893009412 2.2
    endloop
  endfacet
  facet normal -0.8819212643483549 -0.4713967368259978 2.298900806874854e-18
    outer loop
      vertex 7.205591163092364 35.2832893009412 2.2
      vertex 6.928361402466139 35.801949702904736 5.2
      vertex 6.928361402466139 35.801949702904736 2.2
    endloop
  endfacet
  facet normal -0.9569403357322085 -0.29028467725446333 2.246007229497645e-18
    outer loop
      vertex 6.928361402466139 35.801949702904736 2.2
      vertex 6.757644158790308 36.36472903395162 5.2
      vertex 6.757644158790308 36.36472903395162 2.2
    endloop
  endfacet
  facet normal -0.9951847266721969 -0.09801714032956085 -1.7171893094711184e-18
    outer loop
      vertex 6.757644158790308 36.36472903395162 2.2
      vertex 6.699999999999999 36.95 5.2
      vertex 6.699999999999999 36.95 2.2
    endloop
  endfacet
  facet normal -0.9951847266721969 0.09801714032956085 1.7171893094711184e-18
    outer loop
      vertex 6.699999999999999 36.95 2.2
      vertex 6.757644158790308 37.53527096604839 5.2
      vertex 6.757644158790308 37.53527096604839 2.2
    endloop
  endfacet
  facet normal -0.9569403357322085 0.29028467725446333 -2.246007229497645e-18
    outer loop
      vertex 6.757644158790308 37.53527096604839 2.2
      vertex 6.928361402466139 38.09805029709527 5.2
      vertex 6.928361402466139 38.09805029709527 2.2
    endloop
  endfacet
  facet normal -0.09801714032956384 -0.9951847266721966 -1.0461036539618565e-18
    outer loop
      vertex 9.114729033951615 34.00764415879031 2.2
      vertex 9.7 33.95 2.2
      vertex 9.7 33.95 5.2
    endloop
  endfacet
  facet normal 0.09801714032956384 -0.9951847266721966 1.0461036539618565e-18
    outer loop
      vertex 9.7 33.95 2.2
      vertex 10.285270966048383 34.00764415879031 2.2
      vertex 10.285270966048383 34.00764415879031 5.2
    endloop
  endfacet
  facet normal 0.2902846772544625 -0.9569403357322088 -3.4116697735299877e-18
    outer loop
      vertex 10.285270966048383 34.00764415879031 2.2
      vertex 10.848050297095268 34.178361402466145 2.2
      vertex 10.848050297095268 34.178361402466145 5.2
    endloop
  endfacet
  facet normal 0.47139673682599076 -0.8819212643483588 -6.121069320121237e-18
    outer loop
      vertex 10.848050297095268 34.178361402466145 2.2
      vertex 11.366710699058807 34.455591163092365 2.2
      vertex 11.366710699058807 34.455591163092365 5.2
    endloop
  endfacet
  facet normal 0.6343932841636463 -0.7730104533627363 -7.31385217081912e-18
    outer loop
      vertex 11.366710699058807 34.455591163092365 2.2
      vertex 11.821320343559641 34.82867965644036 2.2
      vertex 11.821320343559641 34.82867965644036 5.2
    endloop
  endfacet
  facet normal 0.7730104533627412 -0.6343932841636404 0
    outer loop
      vertex 11.821320343559641 34.82867965644036 2.2
      vertex 12.194408836907634 35.2832893009412 2.2
      vertex 11.821320343559641 34.82867965644036 5.2
    endloop
  endfacet
  facet normal 0.8819212643483543 -0.471396736825999 0
    outer loop
      vertex 12.194408836907634 35.2832893009412 2.2
      vertex 12.47163859753386 35.801949702904736 2.2
      vertex 12.194408836907634 35.2832893009412 5.2
    endloop
  endfacet
  facet normal 0.9569403357322085 -0.29028467725446333 0
    outer loop
      vertex 12.47163859753386 35.801949702904736 2.2
      vertex 12.64235584120969 36.36472903395162 2.2
      vertex 12.47163859753386 35.801949702904736 5.2
    endloop
  endfacet
  facet normal 0.9951847266721969 -0.09801714032956085 0
    outer loop
      vertex 12.64235584120969 36.36472903395162 2.2
      vertex 12.7 36.95 2.2
      vertex 12.64235584120969 36.36472903395162 5.2
    endloop
  endfacet
  facet normal 0.9951847266721969 0.09801714032956085 0
    outer loop
      vertex 12.7 36.95 2.2
      vertex 12.64235584120969 37.53527096604839 2.2
      vertex 12.7 36.95 5.2
    endloop
  endfacet
  facet normal 0.9569403357322085 0.29028467725446333 0
    outer loop
      vertex 12.64235584120969 37.53527096604839 2.2
      vertex 12.47163859753386 38.09805029709527 2.2
      vertex 12.64235584120969 37.53527096604839 5.2
    endloop
  endfacet
  facet normal -0.2902846772544625 -0.9569403357322088 0
    outer loop
      vertex 8.55194970290473 34.178361402466145 2.2
      vertex 9.114729033951615 34.00764415879031 5.2
      vertex 8.55194970290473 34.178361402466145 5.2
    endloop
  endfacet
  facet normal -0.6343932841636455 -0.773010453362737 0
    outer loop
      vertex 7.5786796564403565 34.82867965644036 2.2
      vertex 8.033289300941192 34.455591163092365 5.2
      vertex 7.5786796564403565 34.82867965644036 5.2
    endloop
  endfacet
  facet normal -0.7730104533627412 -0.6343932841636404 0
    outer loop
      vertex 7.5786796564403565 34.82867965644036 2.2
      vertex 7.5786796564403565 34.82867965644036 5.2
      vertex 7.205591163092364 35.2832893009412 5.2
    endloop
  endfacet
  facet normal -0.47139673682599076 -0.8819212643483588 0
    outer loop
      vertex 8.033289300941192 34.455591163092365 2.2
      vertex 8.55194970290473 34.178361402466145 5.2
      vertex 8.033289300941192 34.455591163092365 5.2
    endloop
  endfacet
  facet normal 0 0 1
    outer loop
      vertex 8.55194970290473 34.178361402466145 5.2
      vertex 9.114729033951615 34.00764415879031 5.2
      vertex 8.790673326026338 36.425000000000004 5.2
    endloop
  endfacet
  facet normal -0.9951847266721969 -0.09801714032956085 0
    outer loop
      vertex 6.757644158790308 36.36472903395162 2.2
      vertex 6.757644158790308 36.36472903395162 5.2
      vertex 6.699999999999999 36.95 5.2
    endloop
  endfacet
  facet normal -0.8819212643483549 -0.4713967368259978 0
    outer loop
      vertex 7.205591163092364 35.2832893009412 2.2
      vertex 7.205591163092364 35.2832893009412 5.2
      vertex 6.928361402466139 35.801949702904736 5.2
    endloop
  endfacet
  facet normal -0.9569403357322085 -0.29028467725446333 0
    outer loop
      vertex 6.928361402466139 35.801949702904736 2.2
      vertex 6.928361402466139 35.801949702904736 5.2
      vertex 6.757644158790308 36.36472903395162 5.2
    endloop
  endfacet
  facet normal 0 0 1
    outer loop
      vertex 8.957537879754124 36.20753787975413 5.2
      vertex 8.790673326026338 36.425000000000004 5.2
      vertex 9.114729033951615 34.00764415879031 5.2
    endloop
  endfacet
  facet normal 0 0 1
    outer loop
      vertex 8.55194970290473 34.178361402466145 5.2
      vertex 8.790673326026338 36.425000000000004 5.2
      vertex 8.685777882396478 36.678240002642355 5.2
    endloop
  endfacet
  facet normal 0 0 1
    outer loop
      vertex 7.5786796564403565 34.82867965644036 5.2
      vertex 8.033289300941192 34.455591163092365 5.2
      vertex 7.5786796564403565 39.07132034355965 5.2
    endloop
  endfacet
  facet normal 0 0 1
    outer loop
      vertex 7.205591163092364 35.2832893009412 5.2
      vertex 6.928361402466139 38.09805029709527 5.2
      vertex 6.928361402466139 35.801949702904736 5.2
    endloop
  endfacet
  facet normal 0 0 1
    outer loop
      vertex 6.928361402466139 35.801949702904736 5.2
      vertex 6.757644158790308 37.53527096604839 5.2
      vertex 6.757644158790308 36.36472903395162 5.2
    endloop
  endfacet
  facet normal 0 0 1
    outer loop
      vertex 7.5786796564403565 34.82867965644036 5.2
      vertex 7.205591163092364 38.61671069905881 5.2
      vertex 7.205591163092364 35.2832893009412 5.2
    endloop
  endfacet
  facet normal 0 0 1
    outer loop
      vertex 8.55194970290473 34.178361402466145 5.2
      vertex 8.033289300941192 39.44440883690764 5.2
      vertex 8.033289300941192 34.455591163092365 5.2
    endloop
  endfacet
  facet normal 0 0 1
    outer loop
      vertex 8.55194970290473 34.178361402466145 5.2
      vertex 8.685777882396478 36.678240002642355 5.2
      vertex 8.649999999999999 36.95 5.2
    endloop
  endfacet
  facet normal -0.9951847266721969 0.09801714032956085 0
    outer loop
      vertex 6.699999999999999 36.95 2.2
      vertex 6.699999999999999 36.95 5.2
      vertex 6.757644158790308 37.53527096604839 5.2
    endloop
  endfacet
  facet normal -0.9569403357322085 0.29028467725446333 0
    outer loop
      vertex 6.757644158790308 37.53527096604839 2.2
      vertex 6.757644158790308 37.53527096604839 5.2
      vertex 6.928361402466139 38.09805029709527 5.2
    endloop
  endfacet
  facet normal 0 0 1
    outer loop
      vertex 6.757644158790308 36.36472903395162 5.2
      vertex 6.757644158790308 37.53527096604839 5.2
      vertex 6.699999999999999 36.95 5.2
    endloop
  endfacet
  facet normal 0 0 1
    outer loop
      vertex 6.928361402466139 35.801949702904736 5.2
      vertex 6.928361402466139 38.09805029709527 5.2
      vertex 6.757644158790308 37.53527096604839 5.2
    endloop
  endfacet
  facet normal 0 0 1
    outer loop
      vertex 7.205591163092364 35.2832893009412 5.2
      vertex 7.205591163092364 38.61671069905881 5.2
      vertex 6.928361402466139 38.09805029709527 5.2
    endloop
  endfacet
  facet normal 0 0 1
    outer loop
      vertex 8.55194970290473 34.178361402466145 5.2
      vertex 8.649999999999999 36.95 5.2
      vertex 8.55194970290473 39.72163859753386 5.2
    endloop
  endfacet
  facet normal 0 0 1
    outer loop
      vertex 7.5786796564403565 34.82867965644036 5.2
      vertex 7.5786796564403565 39.07132034355965 5.2
      vertex 7.205591163092364 38.61671069905881 5.2
    endloop
  endfacet
  facet normal 0 0 1
    outer loop
      vertex 8.033289300941192 34.455591163092365 5.2
      vertex 8.033289300941192 39.44440883690764 5.2
      vertex 7.5786796564403565 39.07132034355965 5.2
    endloop
  endfacet
  facet normal 0 0 1
    outer loop
      vertex 8.55194970290473 34.178361402466145 5.2
      vertex 8.55194970290473 39.72163859753386 5.2
      vertex 8.033289300941192 39.44440883690764 5.2
    endloop
  endfacet
  facet normal 0 0 1
    outer loop
      vertex 8.649999999999999 36.95 5.2
      vertex 8.685777882396478 37.22175999735765 5.2
      vertex 8.55194970290473 39.72163859753386 5.2
    endloop
  endfacet
  facet normal 0 0 1
    outer loop
      vertex 8.685777882396478 37.22175999735765 5.2
      vertex 8.790673326026338 37.475 5.2
      vertex 8.55194970290473 39.72163859753386 5.2
    endloop
  endfacet
  facet normal -0.09801714032956384 -0.9951847266721966 0
    outer loop
      vertex 9.114729033951615 34.00764415879031 2.2
      vertex 9.7 33.95 5.2
      vertex 9.114729033951615 34.00764415879031 5.2
    endloop
  endfacet
  facet normal 0.09801714032956384 -0.9951847266721966 0
    outer loop
      vertex 9.7 33.95 2.2
      vertex 10.285270966048383 34.00764415879031 5.2
      vertex 9.7 33.95 5.2
    endloop
  endfacet
  facet normal 0.2902846772544625 -0.9569403357322088 0
    outer loop
      vertex 10.285270966048383 34.00764415879031 2.2
      vertex 10.848050297095268 34.178361402466145 5.2
      vertex 10.285270966048383 34.00764415879031 5.2
    endloop
  endfacet
  facet normal 0.47139673682599076 -0.8819212643483588 0
    outer loop
      vertex 10.848050297095268 34.178361402466145 2.2
      vertex 11.366710699058807 34.455591163092365 5.2
      vertex 10.848050297095268 34.178361402466145 5.2
    endloop
  endfacet
  facet normal 0.6343932841636463 -0.7730104533627363 0
    outer loop
      vertex 11.366710699058807 34.455591163092365 2.2
      vertex 11.821320343559641 34.82867965644036 5.2
      vertex 11.366710699058807 34.455591163092365 5.2
    endloop
  endfacet
  facet normal 0 0 1
    outer loop
      vertex 9.114729033951615 34.00764415879031 5.2
      vertex 9.7 33.95 5.2
      vertex 9.428240002642353 35.93577788239648 5.2
    endloop
  endfacet
  facet normal 0 0 1
    outer loop
      vertex 9.7 33.95 5.2
      vertex 10.285270966048383 34.00764415879031 5.2
      vertex 9.7 35.900000000000006 5.2
    endloop
  endfacet
  facet normal 0 0 1
    outer loop
      vertex 10.285270966048383 34.00764415879031 5.2
      vertex 10.848050297095268 34.178361402466145 5.2
      vertex 10.225 36.040673326026344 5.2
    endloop
  endfacet
  facet normal 0.7730104533627412 -0.6343932841636404 0
    outer loop
      vertex 12.194408836907634 35.2832893009412 2.2
      vertex 12.194408836907634 35.2832893009412 5.2
      vertex 11.821320343559641 34.82867965644036 5.2
    endloop
  endfacet
  facet normal 0.8819212643483543 -0.471396736825999 0
    outer loop
      vertex 12.47163859753386 35.801949702904736 2.2
      vertex 12.47163859753386 35.801949702904736 5.2
      vertex 12.194408836907634 35.2832893009412 5.2
    endloop
  endfacet
  facet normal 0.9569403357322085 -0.29028467725446333 0
    outer loop
      vertex 12.64235584120969 36.36472903395162 2.2
      vertex 12.64235584120969 36.36472903395162 5.2
      vertex 12.47163859753386 35.801949702904736 5.2
    endloop
  endfacet
  facet normal 0 0 1
    outer loop
      vertex 9.114729033951615 34.00764415879031 5.2
      vertex 9.428240002642353 35.93577788239648 5.2
      vertex 9.174999999999999 36.040673326026344 5.2
    endloop
  endfacet
  facet normal 0 0 1
    outer loop
      vertex 9.7 33.95 5.2
      vertex 9.7 35.900000000000006 5.2
      vertex 9.428240002642353 35.93577788239648 5.2
    endloop
  endfacet
  facet normal 0 0 1
    outer loop
      vertex 10.285270966048383 34.00764415879031 5.2
      vertex 9.971759997357646 35.93577788239648 5.2
      vertex 9.7 35.900000000000006 5.2
    endloop
  endfacet
  facet normal 0 0 1
    outer loop
      vertex 8.957537879754124 36.20753787975413 5.2
      vertex 9.114729033951615 34.00764415879031 5.2
      vertex 9.174999999999999 36.040673326026344 5.2
    endloop
  endfacet
  facet normal 0 0 1
    outer loop
      vertex 10.285270966048383 34.00764415879031 5.2
      vertex 10.225 36.040673326026344 5.2
      vertex 9.971759997357646 35.93577788239648 5.2
    endloop
  endfacet
  facet normal 0 0 1
    outer loop
      vertex 10.848050297095268 34.178361402466145 5.2
      vertex 10.442462120245875 36.20753787975413 5.2
      vertex 10.225 36.040673326026344 5.2
    endloop
  endfacet
  facet normal 0 0 1
    outer loop
      vertex 10.848050297095268 34.178361402466145 5.2
      vertex 10.60932667397366 36.425000000000004 5.2
      vertex 10.442462120245875 36.20753787975413 5.2
    endloop
  endfacet
  facet normal 0 0 1
    outer loop
      vertex 10.848050297095268 34.178361402466145 5.2
      vertex 10.714222117603521 36.678240002642355 5.2
      vertex 10.60932667397366 36.425000000000004 5.2
    endloop
  endfacet
  facet normal 0 0 1
    outer loop
      vertex 10.848050297095268 34.178361402466145 5.2
      vertex 10.75 36.95 5.2
      vertex 10.714222117603521 36.678240002642355 5.2
    endloop
  endfacet
  facet normal 0 0 1
    outer loop
      vertex 10.848050297095268 34.178361402466145 5.2
      vertex 11.366710699058807 34.455591163092365 5.2
      vertex 10.848050297095268 39.72163859753386 5.2
    endloop
  endfacet
  facet normal 0 0 1
    outer loop
      vertex 11.366710699058807 34.455591163092365 5.2
      vertex 11.821320343559641 34.82867965644036 5.2
      vertex 11.366710699058807 39.44440883690764 5.2
    endloop
  endfacet
  facet normal 0 0 1
    outer loop
      vertex 11.821320343559641 34.82867965644036 5.2
      vertex 12.194408836907634 35.2832893009412 5.2
      vertex 11.821320343559641 39.07132034355965 5.2
    endloop
  endfacet
  facet normal 0 0 1
    outer loop
      vertex 12.194408836907634 35.2832893009412 5.2
      vertex 12.47163859753386 35.801949702904736 5.2
      vertex 12.194408836907634 38.61671069905881 5.2
    endloop
  endfacet
  facet normal 0.9951847266721969 -0.09801714032956085 0
    outer loop
      vertex 12.7 36.95 2.2
      vertex 12.7 36.95 5.2
      vertex 12.64235584120969 36.36472903395162 5.2
    endloop
  endfacet
  facet normal 0.9951847266721969 0.09801714032956085 0
    outer loop
      vertex 12.64235584120969 37.53527096604839 2.2
      vertex 12.64235584120969 37.53527096604839 5.2
      vertex 12.7 36.95 5.2
    endloop
  endfacet
  facet normal 0.9569403357322085 0.29028467725446333 0
    outer loop
      vertex 12.47163859753386 38.09805029709527 2.2
      vertex 12.47163859753386 38.09805029709527 5.2
      vertex 12.64235584120969 37.53527096604839 5.2
    endloop
  endfacet
  facet normal 0 0 1
    outer loop
      vertex 10.848050297095268 34.178361402466145 5.2
      vertex 10.848050297095268 39.72163859753386 5.2
      vertex 10.75 36.95 5.2
    endloop
  endfacet
  facet normal 0 0 1
    outer loop
      vertex 10.75 36.95 5.2
      vertex 10.848050297095268 39.72163859753386 5.2
      vertex 10.714222117603521 37.22175999735765 5.2
    endloop
  endfacet
  facet normal 0 0 1
    outer loop
      vertex 11.366710699058807 34.455591163092365 5.2
      vertex 11.366710699058807 39.44440883690764 5.2
      vertex 10.848050297095268 39.72163859753386 5.2
    endloop
  endfacet
  facet normal 0 0 1
    outer loop
      vertex 10.714222117603521 37.22175999735765 5.2
      vertex 10.848050297095268 39.72163859753386 5.2
      vertex 10.60932667397366 37.475 5.2
    endloop
  endfacet
  facet normal 0 0 1
    outer loop
      vertex 12.47163859753386 35.801949702904736 5.2
      vertex 12.64235584120969 36.36472903395162 5.2
      vertex 12.47163859753386 38.09805029709527 5.2
    endloop
  endfacet
  facet normal 0 0 1
    outer loop
      vertex 12.64235584120969 36.36472903395162 5.2
      vertex 12.7 36.95 5.2
      vertex 12.64235584120969 37.53527096604839 5.2
    endloop
  endfacet
  facet normal 0 0 1
    outer loop
      vertex 12.64235584120969 36.36472903395162 5.2
      vertex 12.64235584120969 37.53527096604839 5.2
      vertex 12.47163859753386 38.09805029709527 5.2
    endloop
  endfacet
  facet normal 0 0 1
    outer loop
      vertex 12.194408836907634 35.2832893009412 5.2
      vertex 12.194408836907634 38.61671069905881 5.2
      vertex 11.821320343559641 39.07132034355965 5.2
    endloop
  endfacet
  facet normal 0 0 1
    outer loop
      vertex 11.821320343559641 34.82867965644036 5.2
      vertex 11.821320343559641 39.07132034355965 5.2
      vertex 11.366710699058807 39.44440883690764 5.2
    endloop
  endfacet
  facet normal 0 0 1
    outer loop
      vertex 12.47163859753386 35.801949702904736 5.2
      vertex 12.47163859753386 38.09805029709527 5.2
      vertex 12.194408836907634 38.61671069905881 5.2
    endloop
  endfacet
  facet normal -0.8819212643483549 0.4713967368259978 -2.298900806874854e-18
    outer loop
      vertex 6.928361402466139 38.09805029709527 2.2
      vertex 7.205591163092364 38.61671069905881 5.2
      vertex 7.205591163092364 38.61671069905881 2.2
    endloop
  endfacet
  facet normal -0.7730104533627412 0.6343932841636404 7.196089545430235e-19
    outer loop
      vertex 7.205591163092364 38.61671069905881 2.2
      vertex 7.5786796564403565 39.07132034355965 5.2
      vertex 7.5786796564403565 39.07132034355965 2.2
    endloop
  endfacet
  facet normal -0.6343932841636455 0.773010453362737 0
    outer loop
      vertex 7.5786796564403565 39.07132034355965 2.2
      vertex 7.5786796564403565 39.07132034355965 5.2
      vertex 8.033289300941192 39.44440883690764 2.2
    endloop
  endfacet
  facet normal -0.47139673682599076 0.8819212643483588 0
    outer loop
      vertex 8.033289300941192 39.44440883690764 2.2
      vertex 8.033289300941192 39.44440883690764 5.2
      vertex 8.55194970290473 39.72163859753386 2.2
    endloop
  endfacet
  facet normal -0.2902846772544625 0.9569403357322088 0
    outer loop
      vertex 8.55194970290473 39.72163859753386 2.2
      vertex 8.55194970290473 39.72163859753386 5.2
      vertex 9.114729033951615 39.89235584120969 2.2
    endloop
  endfacet
  facet normal 0.47139673682599076 0.8819212643483588 0
    outer loop
      vertex 10.848050297095268 39.72163859753386 2.2
      vertex 10.848050297095268 39.72163859753386 5.2
      vertex 11.366710699058807 39.44440883690764 2.2
    endloop
  endfacet
  facet normal 0.7730104533627412 0.6343932841636404 0
    outer loop
      vertex 12.194408836907634 38.61671069905881 2.2
      vertex 11.821320343559641 39.07132034355965 2.2
      vertex 12.194408836907634 38.61671069905881 5.2
    endloop
  endfacet
  facet normal 0.8819212643483543 0.471396736825999 0
    outer loop
      vertex 12.47163859753386 38.09805029709527 2.2
      vertex 12.194408836907634 38.61671069905881 2.2
      vertex 12.47163859753386 38.09805029709527 5.2
    endloop
  endfacet
  facet normal 0.6343932841636463 0.7730104533627363 7.31385217081912e-18
    outer loop
      vertex 11.821320343559641 39.07132034355965 2.2
      vertex 11.366710699058807 39.44440883690764 2.2
      vertex 11.366710699058807 39.44440883690764 5.2
    endloop
  endfacet
  facet normal -0.09801714032956384 0.9951847266721966 0
    outer loop
      vertex 9.114729033951615 39.89235584120969 2.2
      vertex 9.114729033951615 39.89235584120969 5.2
      vertex 9.7 39.95 2.2
    endloop
  endfacet
  facet normal 0.09801714032956384 0.9951847266721966 0
    outer loop
      vertex 9.7 39.95 2.2
      vertex 9.7 39.95 5.2
      vertex 10.285270966048383 39.89235584120969 2.2
    endloop
  endfacet
  facet normal 0.2902846772544625 0.9569403357322088 3.4116697735299877e-18
    outer loop
      vertex 10.848050297095268 39.72163859753386 2.2
      vertex 10.285270966048383 39.89235584120969 2.2
      vertex 10.285270966048383 39.89235584120969 5.2
    endloop
  endfacet
  facet normal -0.8819212643483549 0.4713967368259978 0
    outer loop
      vertex 6.928361402466139 38.09805029709527 2.2
      vertex 6.928361402466139 38.09805029709527 5.2
      vertex 7.205591163092364 38.61671069905881 5.2
    endloop
  endfacet
  facet normal -0.7730104533627412 0.6343932841636404 0
    outer loop
      vertex 7.205591163092364 38.61671069905881 2.2
      vertex 7.205591163092364 38.61671069905881 5.2
      vertex 7.5786796564403565 39.07132034355965 5.2
    endloop
  endfacet
  facet normal -0.6343932841636455 0.773010453362737 0
    outer loop
      vertex 8.033289300941192 39.44440883690764 2.2
      vertex 7.5786796564403565 39.07132034355965 5.2
      vertex 8.033289300941192 39.44440883690764 5.2
    endloop
  endfacet
  facet normal -0.47139673682599076 0.8819212643483588 0
    outer loop
      vertex 8.55194970290473 39.72163859753386 2.2
      vertex 8.033289300941192 39.44440883690764 5.2
      vertex 8.55194970290473 39.72163859753386 5.2
    endloop
  endfacet
  facet normal 0 0 1
    outer loop
      vertex 8.790673326026338 37.475 5.2
      vertex 8.957537879754124 37.69246212024588 5.2
      vertex 8.55194970290473 39.72163859753386 5.2
    endloop
  endfacet
  facet normal 0 0 1
    outer loop
      vertex 8.957537879754124 37.69246212024588 5.2
      vertex 9.174999999999999 37.85932667397366 5.2
      vertex 8.55194970290473 39.72163859753386 5.2
    endloop
  endfacet
  facet normal 0 0 1
    outer loop
      vertex 9.174999999999999 37.85932667397366 5.2
      vertex 9.114729033951615 39.89235584120969 5.2
      vertex 8.55194970290473 39.72163859753386 5.2
    endloop
  endfacet
  facet normal -0.2902846772544625 0.9569403357322088 0
    outer loop
      vertex 9.114729033951615 39.89235584120969 2.2
      vertex 8.55194970290473 39.72163859753386 5.2
      vertex 9.114729033951615 39.89235584120969 5.2
    endloop
  endfacet
  facet normal 0.47139673682599076 0.8819212643483588 0
    outer loop
      vertex 11.366710699058807 39.44440883690764 2.2
      vertex 10.848050297095268 39.72163859753386 5.2
      vertex 11.366710699058807 39.44440883690764 5.2
    endloop
  endfacet
  facet normal 0.8819212643483543 0.471396736825999 -7.095015327032197e-18
    outer loop
      vertex 12.47163859753386 38.09805029709527 5.2
      vertex 12.194408836907634 38.61671069905881 2.2
      vertex 12.194408836907634 38.61671069905881 5.2
    endloop
  endfacet
  facet normal 0.7730104533627412 0.6343932841636404 0
    outer loop
      vertex 11.821320343559641 39.07132034355965 2.2
      vertex 11.821320343559641 39.07132034355965 5.2
      vertex 12.194408836907634 38.61671069905881 5.2
    endloop
  endfacet
  facet normal 0.6343932841636463 0.7730104533627363 0
    outer loop
      vertex 11.821320343559641 39.07132034355965 2.2
      vertex 11.366710699058807 39.44440883690764 5.2
      vertex 11.821320343559641 39.07132034355965 5.2
    endloop
  endfacet
  facet normal 0 0 1
    outer loop
      vertex 9.174999999999999 37.85932667397366 5.2
      vertex 9.428240002642353 37.964222117603526 5.2
      vertex 9.114729033951615 39.89235584120969 5.2
    endloop
  endfacet
  facet normal 0 0 1
    outer loop
      vertex 9.428240002642353 37.964222117603526 5.2
      vertex 9.7 38 5.2
      vertex 9.114729033951615 39.89235584120969 5.2
    endloop
  endfacet
  facet normal 0 0 1
    outer loop
      vertex 9.971759997357646 37.964222117603526 5.2
      vertex 9.7 39.95 5.2
      vertex 9.7 38 5.2
    endloop
  endfacet
  facet normal 0 0 1
    outer loop
      vertex 10.60932667397366 37.475 5.2
      vertex 10.285270966048383 39.89235584120969 5.2
      vertex 10.442462120245875 37.69246212024588 5.2
    endloop
  endfacet
  facet normal 0 0 1
    outer loop
      vertex 9.971759997357646 37.964222117603526 5.2
      vertex 10.225 37.85932667397366 5.2
      vertex 10.285270966048383 39.89235584120969 5.2
    endloop
  endfacet
  facet normal 0 0 1
    outer loop
      vertex 10.442462120245875 37.69246212024588 5.2
      vertex 10.285270966048383 39.89235584120969 5.2
      vertex 10.225 37.85932667397366 5.2
    endloop
  endfacet
  facet normal 0 0 1
    outer loop
      vertex 9.7 38 5.2
      vertex 9.7 39.95 5.2
      vertex 9.114729033951615 39.89235584120969 5.2
    endloop
  endfacet
  facet normal 0 0 1
    outer loop
      vertex 9.971759997357646 37.964222117603526 5.2
      vertex 10.285270966048383 39.89235584120969 5.2
      vertex 9.7 39.95 5.2
    endloop
  endfacet
  facet normal 0 0 1
    outer loop
      vertex 10.60932667397366 37.475 5.2
      vertex 10.848050297095268 39.72163859753386 5.2
      vertex 10.285270966048383 39.89235584120969 5.2
    endloop
  endfacet
  facet normal -0.09801714032956384 0.9951847266721966 0
    outer loop
      vertex 9.7 39.95 2.2
      vertex 9.114729033951615 39.89235584120969 5.2
      vertex 9.7 39.95 5.2
    endloop
  endfacet
  facet normal 0.09801714032956384 0.9951847266721966 0
    outer loop
      vertex 10.285270966048383 39.89235584120969 2.2
      vertex 9.7 39.95 5.2
      vertex 10.285270966048383 39.89235584120969 5.2
    endloop
  endfacet
  facet normal 0.2902846772544625 0.9569403357322088 0
    outer loop
      vertex 10.848050297095268 39.72163859753386 2.2
      vertex 10.285270966048383 39.89235584120969 5.2
      vertex 10.848050297095268 39.72163859753386 5.2
    endloop
  endfacet
  facet normal -0.29028467725446333 -0.9569403357322085 0
    outer loop
      vertex 67.11472903395162 11.007644158790308 2.2
      vertex 67.11472903395162 11.007644158790308 5.2
      vertex 66.55194970290474 11.17836140246614 2.2
    endloop
  endfacet
  facet normal -0.8819212643483537 -0.4713967368260001 -6.1034525455475845e-18
    outer loop
      vertex 65.20559116309236 12.283289300941192 2.2
      vertex 64.92836140246614 12.80194970290473 5.2
      vertex 64.92836140246614 12.80194970290473 2.2
    endloop
  endfacet
  facet normal -0.6343932841636463 -0.7730104533627363 0
    outer loop
      vertex 66.03328930094119 11.455591163092365 2.2
      vertex 66.03328930094119 11.455591163092365 5.2
      vertex 65.57867965644036 11.828679656440357 2.2
    endloop
  endfacet
  facet normal -0.471396736825994 -0.8819212643483569 -6.635944136823619e-18
    outer loop
      vertex 66.03328930094119 11.455591163092365 2.2
      vertex 66.55194970290474 11.17836140246614 2.2
      vertex 66.55194970290474 11.17836140246614 5.2
    endloop
  endfacet
  facet normal -0.7730104533627363 -0.6343932841636463 7.31385217081912e-18
    outer loop
      vertex 65.57867965644036 11.828679656440357 2.2
      vertex 65.20559116309236 12.283289300941192 5.2
      vertex 65.20559116309236 12.283289300941192 2.2
    endloop
  endfacet
  facet normal -0.09801714032956085 -0.9951847266721969 -1.7171893094711184e-18
    outer loop
      vertex 67.11472903395162 11.007644158790308 2.2
      vertex 67.7 10.95 2.2
      vertex 67.7 10.95 5.2
    endloop
  endfacet
  facet normal 0.09801714032956085 -0.9951847266721969 1.7171893094711184e-18
    outer loop
      vertex 67.7 10.95 2.2
      vertex 68.28527096604839 11.007644158790308 2.2
      vertex 68.28527096604839 11.007644158790308 5.2
    endloop
  endfacet
  facet normal 0.29028467725446333 -0.9569403357322085 -2.246007229497645e-18
    outer loop
      vertex 68.28527096604839 11.007644158790308 2.2
      vertex 68.84805029709527 11.17836140246614 2.2
      vertex 68.84805029709527 11.17836140246614 5.2
    endloop
  endfacet
  facet normal 0.471396736825994 -0.8819212643483569 6.635944136823619e-18
    outer loop
      vertex 68.84805029709527 11.17836140246614 2.2
      vertex 69.36671069905881 11.455591163092365 2.2
      vertex 69.36671069905881 11.455591163092365 5.2
    endloop
  endfacet
  facet normal 0.6343932841636463 -0.7730104533627363 -7.31385217081912e-18
    outer loop
      vertex 69.36671069905881 11.455591163092365 2.2
      vertex 69.82132034355965 11.828679656440357 2.2
      vertex 69.82132034355965 11.828679656440357 5.2
    endloop
  endfacet
  facet normal 0.7730104533627363 -0.6343932841636463 0
    outer loop
      vertex 69.82132034355965 11.828679656440357 2.2
      vertex 70.19440883690764 12.283289300941192 2.2
      vertex 69.82132034355965 11.828679656440357 5.2
    endloop
  endfacet
  facet normal 0.8819212643483537 -0.4713967368260001 0
    outer loop
      vertex 70.19440883690764 12.283289300941192 2.2
      vertex 70.47163859753387 12.80194970290473 2.2
      vertex 70.19440883690764 12.283289300941192 5.2
    endloop
  endfacet
  facet normal -0.29028467725446333 -0.9569403357322085 0
    outer loop
      vertex 66.55194970290474 11.17836140246614 2.2
      vertex 67.11472903395162 11.007644158790308 5.2
      vertex 66.55194970290474 11.17836140246614 5.2
    endloop
  endfacet
  facet normal -0.09801714032956085 -0.9951847266721969 0
    outer loop
      vertex 67.11472903395162 11.007644158790308 2.2
      vertex 67.7 10.95 5.2
      vertex 67.11472903395162 11.007644158790308 5.2
    endloop
  endfacet
  facet normal -0.8819212643483537 -0.4713967368260001 0
    outer loop
      vertex 65.20559116309236 12.283289300941192 2.2
      vertex 65.20559116309236 12.283289300941192 5.2
      vertex 64.92836140246614 12.80194970290473 5.2
    endloop
  endfacet
  facet normal -0.471396736825994 -0.8819212643483569 0
    outer loop
      vertex 66.03328930094119 11.455591163092365 2.2
      vertex 66.55194970290474 11.17836140246614 5.2
      vertex 66.03328930094119 11.455591163092365 5.2
    endloop
  endfacet
  facet normal -0.6343932841636463 -0.7730104533627363 0
    outer loop
      vertex 65.57867965644036 11.828679656440357 2.2
      vertex 66.03328930094119 11.455591163092365 5.2
      vertex 65.57867965644036 11.828679656440357 5.2
    endloop
  endfacet
  facet normal -0.7730104533627363 -0.6343932841636463 0
    outer loop
      vertex 65.57867965644036 11.828679656440357 2.2
      vertex 65.57867965644036 11.828679656440357 5.2
      vertex 65.20559116309236 12.283289300941192 5.2
    endloop
  endfacet
  facet normal 0 0 1
    outer loop
      vertex 67.11472903395162 11.007644158790308 5.2
      vertex 66.79067332602634 13.424999999999999 5.2
      vertex 66.55194970290474 11.17836140246614 5.2
    endloop
  endfacet
  facet normal 0 0 1
    outer loop
      vertex 67.11472903395162 11.007644158790308 5.2
      vertex 67.7 10.95 5.2
      vertex 67.42824000264235 12.935777882396478 5.2
    endloop
  endfacet
  facet normal 0 0 1
    outer loop
      vertex 67.11472903395162 11.007644158790308 5.2
      vertex 67.175 13.040673326026338 5.2
      vertex 66.95753787975413 13.207537879754124 5.2
    endloop
  endfacet
  facet normal 0 0 1
    outer loop
      vertex 67.11472903395162 11.007644158790308 5.2
      vertex 67.42824000264235 12.935777882396478 5.2
      vertex 67.175 13.040673326026338 5.2
    endloop
  endfacet
  facet normal 0 0 1
    outer loop
      vertex 67.11472903395162 11.007644158790308 5.2
      vertex 66.95753787975413 13.207537879754124 5.2
      vertex 66.79067332602634 13.424999999999999 5.2
    endloop
  endfacet
  facet normal 0.09801714032956085 -0.9951847266721969 0
    outer loop
      vertex 67.7 10.95 2.2
      vertex 68.28527096604839 11.007644158790308 5.2
      vertex 67.7 10.95 5.2
    endloop
  endfacet
  facet normal 0.29028467725446333 -0.9569403357322085 0
    outer loop
      vertex 68.28527096604839 11.007644158790308 2.2
      vertex 68.84805029709527 11.17836140246614 5.2
      vertex 68.28527096604839 11.007644158790308 5.2
    endloop
  endfacet
  facet normal 0.471396736825994 -0.8819212643483569 0
    outer loop
      vertex 68.84805029709527 11.17836140246614 2.2
      vertex 69.36671069905881 11.455591163092365 5.2
      vertex 68.84805029709527 11.17836140246614 5.2
    endloop
  endfacet
  facet normal 0.6343932841636463 -0.7730104533627363 0
    outer loop
      vertex 69.36671069905881 11.455591163092365 2.2
      vertex 69.82132034355965 11.828679656440357 5.2
      vertex 69.36671069905881 11.455591163092365 5.2
    endloop
  endfacet
  facet normal 0.7730104533627363 -0.6343932841636463 0
    outer loop
      vertex 70.19440883690764 12.283289300941192 2.2
      vertex 70.19440883690764 12.283289300941192 5.2
      vertex 69.82132034355965 11.828679656440357 5.2
    endloop
  endfacet
  facet normal 0.8819212643483537 -0.4713967368260001 6.1034525455475845e-18
    outer loop
      vertex 70.19440883690764 12.283289300941192 5.2
      vertex 70.47163859753387 12.80194970290473 2.2
      vertex 70.47163859753387 12.80194970290473 5.2
    endloop
  endfacet
  facet normal 0 0 1
    outer loop
      vertex 67.7 10.95 5.2
      vertex 68.28527096604839 11.007644158790308 5.2
      vertex 67.7 12.899999999999999 5.2
    endloop
  endfacet
  facet normal 0 0 1
    outer loop
      vertex 68.28527096604839 11.007644158790308 5.2
      vertex 68.84805029709527 11.17836140246614 5.2
      vertex 68.22500000000001 13.040673326026338 5.2
    endloop
  endfacet
  facet normal 0 0 1
    outer loop
      vertex 67.7 10.95 5.2
      vertex 67.7 12.899999999999999 5.2
      vertex 67.42824000264235 12.935777882396478 5.2
    endloop
  endfacet
  facet normal 0 0 1
    outer loop
      vertex 68.28527096604839 11.007644158790308 5.2
      vertex 67.97175999735765 12.935777882396478 5.2
      vertex 67.7 12.899999999999999 5.2
    endloop
  endfacet
  facet normal 0 0 1
    outer loop
      vertex 68.28527096604839 11.007644158790308 5.2
      vertex 68.22500000000001 13.040673326026338 5.2
      vertex 67.97175999735765 12.935777882396478 5.2
    endloop
  endfacet
  facet normal 0 0 1
    outer loop
      vertex 68.84805029709527 11.17836140246614 5.2
      vertex 68.44246212024588 13.207537879754124 5.2
      vertex 68.22500000000001 13.040673326026338 5.2
    endloop
  endfacet
  facet normal 0 0 1
    outer loop
      vertex 68.84805029709527 11.17836140246614 5.2
      vertex 68.60932667397367 13.424999999999999 5.2
      vertex 68.44246212024588 13.207537879754124 5.2
    endloop
  endfacet
  facet normal -0.9569403357322122 -0.29028467725445145 -3.329226827401984e-18
    outer loop
      vertex 64.92836140246614 12.80194970290473 2.2
      vertex 64.75764415879031 13.364729033951615 5.2
      vertex 64.75764415879031 13.364729033951615 2.2
    endloop
  endfacet
  facet normal -0.9951847266721966 -0.09801714032956384 -1.0461036539618565e-18
    outer loop
      vertex 64.75764415879031 13.364729033951615 2.2
      vertex 64.7 13.95 5.2
      vertex 64.7 13.95 2.2
    endloop
  endfacet
  facet normal -0.9951847266721966 0.09801714032956384 1.0461036539618565e-18
    outer loop
      vertex 64.7 13.95 2.2
      vertex 64.75764415879031 14.535270966048383 5.2
      vertex 64.75764415879031 14.535270966048383 2.2
    endloop
  endfacet
  facet normal -0.9569403357322122 0.29028467725445145 3.329226827401984e-18
    outer loop
      vertex 64.75764415879031 14.535270966048383 2.2
      vertex 64.92836140246614 15.098050297095268 5.2
      vertex 64.92836140246614 15.098050297095268 2.2
    endloop
  endfacet
  facet normal -0.8819212643483537 0.4713967368260001 6.1034525455475845e-18
    outer loop
      vertex 64.92836140246614 15.098050297095268 2.2
      vertex 65.20559116309236 15.616710699058807 5.2
      vertex 65.20559116309236 15.616710699058807 2.2
    endloop
  endfacet
  facet normal 0.9569403357322122 -0.29028467725445145 0
    outer loop
      vertex 70.47163859753387 12.80194970290473 2.2
      vertex 70.64235584120969 13.364729033951615 2.2
      vertex 70.47163859753387 12.80194970290473 5.2
    endloop
  endfacet
  facet normal 0.9951847266721966 -0.09801714032956384 0
    outer loop
      vertex 70.64235584120969 13.364729033951615 2.2
      vertex 70.7 13.95 2.2
      vertex 70.64235584120969 13.364729033951615 5.2
    endloop
  endfacet
  facet normal 0.9951847266721966 0.09801714032956384 0
    outer loop
      vertex 70.7 13.95 2.2
      vertex 70.64235584120969 14.535270966048383 2.2
      vertex 70.7 13.95 5.2
    endloop
  endfacet
  facet normal 0.9569403357322122 0.29028467725445145 0
    outer loop
      vertex 70.64235584120969 14.535270966048383 2.2
      vertex 70.47163859753387 15.098050297095268 2.2
      vertex 70.64235584120969 14.535270966048383 5.2
    endloop
  endfacet
  facet normal 0.8819212643483537 0.4713967368260001 0
    outer loop
      vertex 70.47163859753387 15.098050297095268 2.2
      vertex 70.19440883690764 15.616710699058807 2.2
      vertex 70.47163859753387 15.098050297095268 5.2
    endloop
  endfacet
  facet normal 0.7730104533627363 0.6343932841636463 0
    outer loop
      vertex 70.19440883690764 15.616710699058807 2.2
      vertex 69.82132034355965 16.07132034355964 2.2
      vertex 70.19440883690764 15.616710699058807 5.2
    endloop
  endfacet
  facet normal -0.7730104533627363 0.6343932841636463 -7.31385217081912e-18
    outer loop
      vertex 65.20559116309236 15.616710699058807 2.2
      vertex 65.57867965644036 16.07132034355964 5.2
      vertex 65.57867965644036 16.07132034355964 2.2
    endloop
  endfacet
  facet normal -0.6343932841636463 0.7730104533627363 0
    outer loop
      vertex 65.57867965644036 16.07132034355964 2.2
      vertex 65.57867965644036 16.07132034355964 5.2
      vertex 66.03328930094119 16.444408836907634 2.2
    endloop
  endfacet
  facet normal -0.47139673682599637 0.8819212643483557 0
    outer loop
      vertex 66.03328930094119 16.444408836907634 2.2
      vertex 66.03328930094119 16.444408836907634 5.2
      vertex 66.55194970290474 16.72163859753386 2.2
    endloop
  endfacet
  facet normal -0.29028467725446333 0.9569403357322085 0
    outer loop
      vertex 66.55194970290474 16.72163859753386 2.2
      vertex 66.55194970290474 16.72163859753386 5.2
      vertex 67.11472903395162 16.892355841209692 2.2
    endloop
  endfacet
  facet normal -0.09801714032955786 0.9951847266721972 0
    outer loop
      vertex 67.11472903395162 16.892355841209692 2.2
      vertex 67.11472903395162 16.892355841209692 5.2
      vertex 67.7 16.95 2.2
    endloop
  endfacet
  facet normal 0.47139673682599637 0.8819212643483557 6.039627198152341e-18
    outer loop
      vertex 69.36671069905881 16.444408836907634 2.2
      vertex 68.84805029709527 16.72163859753386 2.2
      vertex 68.84805029709527 16.72163859753386 5.2
    endloop
  endfacet
  facet normal 0.6343932841636463 0.7730104533627363 0
    outer loop
      vertex 69.36671069905881 16.444408836907634 2.2
      vertex 69.36671069905881 16.444408836907634 5.2
      vertex 69.82132034355965 16.07132034355964 2.2
    endloop
  endfacet
  facet normal 0.09801714032955786 0.9951847266721972 0
    outer loop
      vertex 67.7 16.95 2.2
      vertex 67.7 16.95 5.2
      vertex 68.28527096604839 16.892355841209692 2.2
    endloop
  endfacet
  facet normal 0.29028467725446333 0.9569403357322085 0
    outer loop
      vertex 68.28527096604839 16.892355841209692 2.2
      vertex 68.28527096604839 16.892355841209692 5.2
      vertex 68.84805029709527 16.72163859753386 2.2
    endloop
  endfacet
  facet normal -0.9569403357322122 -0.29028467725445145 0
    outer loop
      vertex 64.92836140246614 12.80194970290473 2.2
      vertex 64.92836140246614 12.80194970290473 5.2
      vertex 64.75764415879031 13.364729033951615 5.2
    endloop
  endfacet
  facet normal -0.9951847266721966 -0.09801714032956384 0
    outer loop
      vertex 64.75764415879031 13.364729033951615 2.2
      vertex 64.75764415879031 13.364729033951615 5.2
      vertex 64.7 13.95 5.2
    endloop
  endfacet
  facet normal -0.9951847266721966 0.09801714032956384 0
    outer loop
      vertex 64.7 13.95 2.2
      vertex 64.7 13.95 5.2
      vertex 64.75764415879031 14.535270966048383 5.2
    endloop
  endfacet
  facet normal 0 0 1
    outer loop
      vertex 65.20559116309236 12.283289300941192 5.2
      vertex 64.92836140246614 15.098050297095268 5.2
      vertex 64.92836140246614 12.80194970290473 5.2
    endloop
  endfacet
  facet normal 0 0 1
    outer loop
      vertex 64.92836140246614 12.80194970290473 5.2
      vertex 64.75764415879031 14.535270966048383 5.2
      vertex 64.75764415879031 13.364729033951615 5.2
    endloop
  endfacet
  facet normal 0 0 1
    outer loop
      vertex 64.75764415879031 13.364729033951615 5.2
      vertex 64.75764415879031 14.535270966048383 5.2
      vertex 64.7 13.95 5.2
    endloop
  endfacet
  facet normal 0 0 1
    outer loop
      vertex 64.92836140246614 12.80194970290473 5.2
      vertex 64.92836140246614 15.098050297095268 5.2
      vertex 64.75764415879031 14.535270966048383 5.2
    endloop
  endfacet
  facet normal 0 0 1
    outer loop
      vertex 66.03328930094119 11.455591163092365 5.2
      vertex 65.57867965644036 16.07132034355964 5.2
      vertex 65.57867965644036 11.828679656440357 5.2
    endloop
  endfacet
  facet normal 0 0 1
    outer loop
      vertex 66.03328930094119 11.455591163092365 5.2
      vertex 66.55194970290474 11.17836140246614 5.2
      vertex 66.03328930094119 16.444408836907634 5.2
    endloop
  endfacet
  facet normal 0 0 1
    outer loop
      vertex 65.57867965644036 11.828679656440357 5.2
      vertex 65.20559116309236 15.616710699058807 5.2
      vertex 65.20559116309236 12.283289300941192 5.2
    endloop
  endfacet
  facet normal 0 0 1
    outer loop
      vertex 66.55194970290474 11.17836140246614 5.2
      vertex 66.79067332602634 13.424999999999999 5.2
      vertex 66.68577788239648 13.678240002642353 5.2
    endloop
  endfacet
  facet normal 0 0 1
    outer loop
      vertex 66.55194970290474 11.17836140246614 5.2
      vertex 66.68577788239648 13.678240002642353 5.2
      vertex 66.65 13.95 5.2
    endloop
  endfacet
  facet normal 0 0 1
    outer loop
      vertex 66.55194970290474 11.17836140246614 5.2
      vertex 66.65 13.95 5.2
      vertex 66.55194970290474 16.72163859753386 5.2
    endloop
  endfacet
  facet normal -0.9569403357322122 0.29028467725445145 0
    outer loop
      vertex 64.75764415879031 14.535270966048383 2.2
      vertex 64.75764415879031 14.535270966048383 5.2
      vertex 64.92836140246614 15.098050297095268 5.2
    endloop
  endfacet
  facet normal -0.8819212643483537 0.4713967368260001 0
    outer loop
      vertex 64.92836140246614 15.098050297095268 2.2
      vertex 64.92836140246614 15.098050297095268 5.2
      vertex 65.20559116309236 15.616710699058807 5.2
    endloop
  endfacet
  facet normal -0.7730104533627363 0.6343932841636463 0
    outer loop
      vertex 65.20559116309236 15.616710699058807 2.2
      vertex 65.20559116309236 15.616710699058807 5.2
      vertex 65.57867965644036 16.07132034355964 5.2
    endloop
  endfacet
  facet normal 0 0 1
    outer loop
      vertex 65.20559116309236 12.283289300941192 5.2
      vertex 65.20559116309236 15.616710699058807 5.2
      vertex 64.92836140246614 15.098050297095268 5.2
    endloop
  endfacet
  facet normal 0 0 1
    outer loop
      vertex 65.57867965644036 11.828679656440357 5.2
      vertex 65.57867965644036 16.07132034355964 5.2
      vertex 65.20559116309236 15.616710699058807 5.2
    endloop
  endfacet
  facet normal 0 0 1
    outer loop
      vertex 66.03328930094119 11.455591163092365 5.2
      vertex 66.03328930094119 16.444408836907634 5.2
      vertex 65.57867965644036 16.07132034355964 5.2
    endloop
  endfacet
  facet normal 0 0 1
    outer loop
      vertex 66.55194970290474 11.17836140246614 5.2
      vertex 66.55194970290474 16.72163859753386 5.2
      vertex 66.03328930094119 16.444408836907634 5.2
    endloop
  endfacet
  facet normal 0 0 1
    outer loop
      vertex 66.65 13.95 5.2
      vertex 66.68577788239648 14.221759997357646 5.2
      vertex 66.55194970290474 16.72163859753386 5.2
    endloop
  endfacet
  facet normal 0 0 1
    outer loop
      vertex 66.68577788239648 14.221759997357646 5.2
      vertex 66.79067332602634 14.475 5.2
      vertex 66.55194970290474 16.72163859753386 5.2
    endloop
  endfacet
  facet normal 0 0 1
    outer loop
      vertex 66.79067332602634 14.475 5.2
      vertex 66.95753787975413 14.692462120245875 5.2
      vertex 66.55194970290474 16.72163859753386 5.2
    endloop
  endfacet
  facet normal 0 0 1
    outer loop
      vertex 66.95753787975413 14.692462120245875 5.2
      vertex 67.175 14.85932667397366 5.2
      vertex 66.55194970290474 16.72163859753386 5.2
    endloop
  endfacet
  facet normal 0 0 1
    outer loop
      vertex 67.175 14.85932667397366 5.2
      vertex 67.42824000264235 14.964222117603521 5.2
      vertex 67.11472903395162 16.892355841209692 5.2
    endloop
  endfacet
  facet normal 0 0 1
    outer loop
      vertex 67.42824000264235 14.964222117603521 5.2
      vertex 67.7 15 5.2
      vertex 67.11472903395162 16.892355841209692 5.2
    endloop
  endfacet
  facet normal 0.9569403357322122 -0.29028467725445145 0
    outer loop
      vertex 70.64235584120969 13.364729033951615 2.2
      vertex 70.64235584120969 13.364729033951615 5.2
      vertex 70.47163859753387 12.80194970290473 5.2
    endloop
  endfacet
  facet normal 0.9951847266721966 -0.09801714032956384 0
    outer loop
      vertex 70.7 13.95 2.2
      vertex 70.7 13.95 5.2
      vertex 70.64235584120969 13.364729033951615 5.2
    endloop
  endfacet
  facet normal 0 0 1
    outer loop
      vertex 68.84805029709527 11.17836140246614 5.2
      vertex 68.71422211760353 13.678240002642353 5.2
      vertex 68.60932667397367 13.424999999999999 5.2
    endloop
  endfacet
  facet normal 0 0 1
    outer loop
      vertex 68.84805029709527 11.17836140246614 5.2
      vertex 68.75 13.95 5.2
      vertex 68.71422211760353 13.678240002642353 5.2
    endloop
  endfacet
  facet normal 0 0 1
    outer loop
      vertex 68.84805029709527 11.17836140246614 5.2
      vertex 69.36671069905881 11.455591163092365 5.2
      vertex 68.84805029709527 16.72163859753386 5.2
    endloop
  endfacet
  facet normal 0 0 1
    outer loop
      vertex 69.36671069905881 11.455591163092365 5.2
      vertex 69.82132034355965 11.828679656440357 5.2
      vertex 69.36671069905881 16.444408836907634 5.2
    endloop
  endfacet
  facet normal 0 0 1
    outer loop
      vertex 68.84805029709527 11.17836140246614 5.2
      vertex 68.84805029709527 16.72163859753386 5.2
      vertex 68.75 13.95 5.2
    endloop
  endfacet
  facet normal 0 0 1
    outer loop
      vertex 69.82132034355965 11.828679656440357 5.2
      vertex 70.19440883690764 12.283289300941192 5.2
      vertex 69.82132034355965 16.07132034355964 5.2
    endloop
  endfacet
  facet normal 0 0 1
    outer loop
      vertex 70.19440883690764 12.283289300941192 5.2
      vertex 70.47163859753387 12.80194970290473 5.2
      vertex 70.19440883690764 15.616710699058807 5.2
    endloop
  endfacet
  facet normal 0 0 1
    outer loop
      vertex 70.47163859753387 12.80194970290473 5.2
      vertex 70.64235584120969 13.364729033951615 5.2
      vertex 70.47163859753387 15.098050297095268 5.2
    endloop
  endfacet
  facet normal 0 0 1
    outer loop
      vertex 70.64235584120969 13.364729033951615 5.2
      vertex 70.7 13.95 5.2
      vertex 70.64235584120969 14.535270966048383 5.2
    endloop
  endfacet
  facet normal 0.9951847266721966 0.09801714032956384 0
    outer loop
      vertex 70.64235584120969 14.535270966048383 2.2
      vertex 70.64235584120969 14.535270966048383 5.2
      vertex 70.7 13.95 5.2
    endloop
  endfacet
  facet normal 0.9569403357322122 0.29028467725445145 0
    outer loop
      vertex 70.47163859753387 15.098050297095268 2.2
      vertex 70.47163859753387 15.098050297095268 5.2
      vertex 70.64235584120969 14.535270966048383 5.2
    endloop
  endfacet
  facet normal 0.8819212643483537 0.4713967368260001 0
    outer loop
      vertex 70.19440883690764 15.616710699058807 2.2
      vertex 70.19440883690764 15.616710699058807 5.2
      vertex 70.47163859753387 15.098050297095268 5.2
    endloop
  endfacet
  facet normal 0 0 1
    outer loop
      vertex 68.75 13.95 5.2
      vertex 68.84805029709527 16.72163859753386 5.2
      vertex 68.71422211760353 14.221759997357646 5.2
    endloop
  endfacet
  facet normal 0 0 1
    outer loop
      vertex 69.36671069905881 11.455591163092365 5.2
      vertex 69.36671069905881 16.444408836907634 5.2
      vertex 68.84805029709527 16.72163859753386 5.2
    endloop
  endfacet
  facet normal 0 0 1
    outer loop
      vertex 69.82132034355965 11.828679656440357 5.2
      vertex 69.82132034355965 16.07132034355964 5.2
      vertex 69.36671069905881 16.444408836907634 5.2
    endloop
  endfacet
  facet normal 0 0 1
    outer loop
      vertex 68.44246212024588 14.692462120245875 5.2
      vertex 68.60932667397367 14.475 5.2
      vertex 68.28527096604839 16.892355841209692 5.2
    endloop
  endfacet
  facet normal 0 0 1
    outer loop
      vertex 68.44246212024588 14.692462120245875 5.2
      vertex 68.28527096604839 16.892355841209692 5.2
      vertex 68.22500000000001 14.85932667397366 5.2
    endloop
  endfacet
  facet normal 0 0 1
    outer loop
      vertex 67.7 15 5.2
      vertex 67.97175999735765 14.964222117603521 5.2
      vertex 67.7 16.95 5.2
    endloop
  endfacet
  facet normal 0 0 1
    outer loop
      vertex 67.97175999735765 14.964222117603521 5.2
      vertex 68.22500000000001 14.85932667397366 5.2
      vertex 68.28527096604839 16.892355841209692 5.2
    endloop
  endfacet
  facet normal 0 0 1
    outer loop
      vertex 68.71422211760353 14.221759997357646 5.2
      vertex 68.84805029709527 16.72163859753386 5.2
      vertex 68.60932667397367 14.475 5.2
    endloop
  endfacet
  facet normal 0 0 1
    outer loop
      vertex 70.19440883690764 12.283289300941192 5.2
      vertex 70.19440883690764 15.616710699058807 5.2
      vertex 69.82132034355965 16.07132034355964 5.2
    endloop
  endfacet
  facet normal 0 0 1
    outer loop
      vertex 70.47163859753387 12.80194970290473 5.2
      vertex 70.47163859753387 15.098050297095268 5.2
      vertex 70.19440883690764 15.616710699058807 5.2
    endloop
  endfacet
  facet normal 0 0 1
    outer loop
      vertex 70.64235584120969 13.364729033951615 5.2
      vertex 70.64235584120969 14.535270966048383 5.2
      vertex 70.47163859753387 15.098050297095268 5.2
    endloop
  endfacet
  facet normal -0.6343932841636463 0.7730104533627363 0
    outer loop
      vertex 66.03328930094119 16.444408836907634 2.2
      vertex 65.57867965644036 16.07132034355964 5.2
      vertex 66.03328930094119 16.444408836907634 5.2
    endloop
  endfacet
  facet normal -0.47139673682599637 0.8819212643483557 0
    outer loop
      vertex 66.55194970290474 16.72163859753386 2.2
      vertex 66.03328930094119 16.444408836907634 5.2
      vertex 66.55194970290474 16.72163859753386 5.2
    endloop
  endfacet
  facet normal -0.29028467725446333 0.9569403357322085 0
    outer loop
      vertex 67.11472903395162 16.892355841209692 2.2
      vertex 66.55194970290474 16.72163859753386 5.2
      vertex 67.11472903395162 16.892355841209692 5.2
    endloop
  endfacet
  facet normal 0 0 1
    outer loop
      vertex 67.175 14.85932667397366 5.2
      vertex 67.11472903395162 16.892355841209692 5.2
      vertex 66.55194970290474 16.72163859753386 5.2
    endloop
  endfacet
  facet normal 0.6343932841636463 0.7730104533627363 0
    outer loop
      vertex 69.82132034355965 16.07132034355964 2.2
      vertex 69.36671069905881 16.444408836907634 5.2
      vertex 69.82132034355965 16.07132034355964 5.2
    endloop
  endfacet
  facet normal 0.47139673682599637 0.8819212643483557 0
    outer loop
      vertex 69.36671069905881 16.444408836907634 2.2
      vertex 68.84805029709527 16.72163859753386 5.2
      vertex 69.36671069905881 16.444408836907634 5.2
    endloop
  endfacet
  facet normal -0.09801714032955786 0.9951847266721972 0
    outer loop
      vertex 67.7 16.95 2.2
      vertex 67.11472903395162 16.892355841209692 5.2
      vertex 67.7 16.95 5.2
    endloop
  endfacet
  facet normal 0.09801714032955786 0.9951847266721972 0
    outer loop
      vertex 68.28527096604839 16.892355841209692 2.2
      vertex 67.7 16.95 5.2
      vertex 68.28527096604839 16.892355841209692 5.2
    endloop
  endfacet
  facet normal 0.29028467725446333 0.9569403357322085 0
    outer loop
      vertex 68.84805029709527 16.72163859753386 2.2
      vertex 68.28527096604839 16.892355841209692 5.2
      vertex 68.84805029709527 16.72163859753386 5.2
    endloop
  endfacet
  facet normal 0.7730104533627363 0.6343932841636463 0
    outer loop
      vertex 69.82132034355965 16.07132034355964 2.2
      vertex 69.82132034355965 16.07132034355964 5.2
      vertex 70.19440883690764 15.616710699058807 5.2
    endloop
  endfacet
  facet normal 0 0 1
    outer loop
      vertex 67.7 15 5.2
      vertex 67.7 16.95 5.2
      vertex 67.11472903395162 16.892355841209692 5.2
    endloop
  endfacet
  facet normal 0 0 1
    outer loop
      vertex 67.97175999735765 14.964222117603521 5.2
      vertex 68.28527096604839 16.892355841209692 5.2
      vertex 67.7 16.95 5.2
    endloop
  endfacet
  facet normal 0 0 1
    outer loop
      vertex 68.60932667397367 14.475 5.2
      vertex 68.84805029709527 16.72163859753386 5.2
      vertex 68.28527096604839 16.892355841209692 5.2
    endloop
  endfacet
  facet normal -0.29028467725446333 -0.9569403357322085 2.246007229497645e-18
    outer loop
      vertex 66.55194970290474 34.178361402466145 2.2
      vertex 67.11472903395162 34.00764415879031 2.2
      vertex 67.11472903395162 34.00764415879031 5.2
    endloop
  endfacet
  facet normal -0.6343932841636463 -0.7730104533627363 0
    outer loop
      vertex 66.03328930094119 34.455591163092365 2.2
      vertex 66.03328930094119 34.455591163092365 5.2
      vertex 65.57867965644036 34.82867965644036 2.2
    endloop
  endfacet
  facet normal -0.47139673682598693 -0.8819212643483607 0
    outer loop
      vertex 66.55194970290474 34.178361402466145 2.2
      vertex 66.55194970290474 34.178361402466145 5.2
      vertex 66.03328930094119 34.455591163092365 2.2
    endloop
  endfacet
  facet normal -0.09801714032956384 -0.9951847266721966 -1.0461036539618565e-18
    outer loop
      vertex 67.11472903395162 34.00764415879031 2.2
      vertex 67.7 33.95 2.2
      vertex 67.7 33.95 5.2
    endloop
  endfacet
  facet normal 0.09801714032956384 -0.9951847266721966 1.0461036539618565e-18
    outer loop
      vertex 67.7 33.95 2.2
      vertex 68.28527096604839 34.00764415879031 2.2
      vertex 68.28527096604839 34.00764415879031 5.2
    endloop
  endfacet
  facet normal 0.29028467725446333 -0.9569403357322085 -2.246007229497645e-18
    outer loop
      vertex 68.28527096604839 34.00764415879031 2.2
      vertex 68.84805029709527 34.178361402466145 2.2
      vertex 68.84805029709527 34.178361402466145 5.2
    endloop
  endfacet
  facet normal 0.47139673682598693 -0.8819212643483607 -2.532447262444018e-18
    outer loop
      vertex 68.84805029709527 34.178361402466145 2.2
      vertex 69.36671069905881 34.455591163092365 2.2
      vertex 69.36671069905881 34.455591163092365 5.2
    endloop
  endfacet
  facet normal 0.6343932841636463 -0.7730104533627363 -7.31385217081912e-18
    outer loop
      vertex 69.36671069905881 34.455591163092365 2.2
      vertex 69.82132034355965 34.82867965644036 2.2
      vertex 69.82132034355965 34.82867965644036 5.2
    endloop
  endfacet
  facet normal 0.7730104533627412 -0.6343932841636404 0
    outer loop
      vertex 69.82132034355965 34.82867965644036 2.2
      vertex 70.19440883690764 35.2832893009412 2.2
      vertex 69.82132034355965 34.82867965644036 5.2
    endloop
  endfacet
  facet normal -0.881921264348353 -0.47139673682600136 0
    outer loop
      vertex 64.92836140246614 35.801949702904736 2.2
      vertex 65.20559116309236 35.2832893009412 2.2
      vertex 64.92836140246614 35.801949702904736 5.2
    endloop
  endfacet
  facet normal -0.956940335732212 -0.29028467725445234 3.3709615292578775e-18
    outer loop
      vertex 64.92836140246614 35.801949702904736 2.2
      vertex 64.75764415879031 36.36472903395162 5.2
      vertex 64.75764415879031 36.36472903395162 2.2
    endloop
  endfacet
  facet normal -0.7730104533627412 -0.6343932841636404 -7.196089545430235e-19
    outer loop
      vertex 65.57867965644036 34.82867965644036 2.2
      vertex 65.20559116309236 35.2832893009412 5.2
      vertex 65.20559116309236 35.2832893009412 2.2
    endloop
  endfacet
  facet normal -0.9951847266721966 -0.09801714032956384 -1.0461036539618565e-18
    outer loop
      vertex 64.75764415879031 36.36472903395162 2.2
      vertex 64.7 36.95 5.2
      vertex 64.7 36.95 2.2
    endloop
  endfacet
  facet normal -0.9951847266721966 0.09801714032956384 1.0461036539618565e-18
    outer loop
      vertex 64.7 36.95 2.2
      vertex 64.75764415879031 37.53527096604839 5.2
      vertex 64.75764415879031 37.53527096604839 2.2
    endloop
  endfacet
  facet normal -0.956940335732212 0.29028467725445234 -3.3709615292578775e-18
    outer loop
      vertex 64.75764415879031 37.53527096604839 2.2
      vertex 64.92836140246614 38.09805029709527 5.2
      vertex 64.92836140246614 38.09805029709527 2.2
    endloop
  endfacet
  facet normal 0.881921264348353 -0.47139673682600136 0
    outer loop
      vertex 70.19440883690764 35.2832893009412 2.2
      vertex 70.47163859753387 35.801949702904736 2.2
      vertex 70.19440883690764 35.2832893009412 5.2
    endloop
  endfacet
  facet normal 0.956940335732212 -0.29028467725445234 0
    outer loop
      vertex 70.47163859753387 35.801949702904736 2.2
      vertex 70.64235584120969 36.36472903395162 2.2
      vertex 70.47163859753387 35.801949702904736 5.2
    endloop
  endfacet
  facet normal 0.9951847266721966 -0.09801714032956384 0
    outer loop
      vertex 70.64235584120969 36.36472903395162 2.2
      vertex 70.7 36.95 2.2
      vertex 70.64235584120969 36.36472903395162 5.2
    endloop
  endfacet
  facet normal 0.9951847266721966 0.09801714032956384 0
    outer loop
      vertex 70.7 36.95 2.2
      vertex 70.64235584120969 37.53527096604839 2.2
      vertex 70.7 36.95 5.2
    endloop
  endfacet
  facet normal 0.956940335732212 0.29028467725445234 0
    outer loop
      vertex 70.64235584120969 37.53527096604839 2.2
      vertex 70.47163859753387 38.09805029709527 2.2
      vertex 70.64235584120969 37.53527096604839 5.2
    endloop
  endfacet
  facet normal -0.29028467725446333 -0.9569403357322085 0
    outer loop
      vertex 66.55194970290474 34.178361402466145 2.2
      vertex 67.11472903395162 34.00764415879031 5.2
      vertex 66.55194970290474 34.178361402466145 5.2
    endloop
  endfacet
  facet normal -0.09801714032956384 -0.9951847266721966 0
    outer loop
      vertex 67.11472903395162 34.00764415879031 2.2
      vertex 67.7 33.95 5.2
      vertex 67.11472903395162 34.00764415879031 5.2
    endloop
  endfacet
  facet normal -0.47139673682598693 -0.8819212643483607 0
    outer loop
      vertex 66.03328930094119 34.455591163092365 2.2
      vertex 66.55194970290474 34.178361402466145 5.2
      vertex 66.03328930094119 34.455591163092365 5.2
    endloop
  endfacet
  facet normal -0.6343932841636463 -0.7730104533627363 0
    outer loop
      vertex 65.57867965644036 34.82867965644036 2.2
      vertex 66.03328930094119 34.455591163092365 5.2
      vertex 65.57867965644036 34.82867965644036 5.2
    endloop
  endfacet
  facet normal -0.7730104533627412 -0.6343932841636404 0
    outer loop
      vertex 65.57867965644036 34.82867965644036 2.2
      vertex 65.57867965644036 34.82867965644036 5.2
      vertex 65.20559116309236 35.2832893009412 5.2
    endloop
  endfacet
  facet normal 0 0 1
    outer loop
      vertex 66.55194970290474 34.178361402466145 5.2
      vertex 67.11472903395162 34.00764415879031 5.2
      vertex 66.79067332602634 36.425000000000004 5.2
    endloop
  endfacet
  facet normal 0 0 1
    outer loop
      vertex 67.11472903395162 34.00764415879031 5.2
      vertex 67.7 33.95 5.2
      vertex 67.42824000264235 35.93577788239648 5.2
    endloop
  endfacet
  facet normal 0.09801714032956384 -0.9951847266721966 0
    outer loop
      vertex 67.7 33.95 2.2
      vertex 68.28527096604839 34.00764415879031 5.2
      vertex 67.7 33.95 5.2
    endloop
  endfacet
  facet normal 0.29028467725446333 -0.9569403357322085 0
    outer loop
      vertex 68.28527096604839 34.00764415879031 2.2
      vertex 68.84805029709527 34.178361402466145 5.2
      vertex 68.28527096604839 34.00764415879031 5.2
    endloop
  endfacet
  facet normal 0.47139673682598693 -0.8819212643483607 0
    outer loop
      vertex 68.84805029709527 34.178361402466145 2.2
      vertex 69.36671069905881 34.455591163092365 5.2
      vertex 68.84805029709527 34.178361402466145 5.2
    endloop
  endfacet
  facet normal 0.6343932841636463 -0.7730104533627363 0
    outer loop
      vertex 69.36671069905881 34.455591163092365 2.2
      vertex 69.82132034355965 34.82867965644036 5.2
      vertex 69.36671069905881 34.455591163092365 5.2
    endloop
  endfacet
  facet normal 0 0 1
    outer loop
      vertex 67.7 33.95 5.2
      vertex 68.28527096604839 34.00764415879031 5.2
      vertex 67.7 35.900000000000006 5.2
    endloop
  endfacet
  facet normal 0 0 1
    outer loop
      vertex 68.28527096604839 34.00764415879031 5.2
      vertex 68.84805029709527 34.178361402466145 5.2
      vertex 68.22500000000001 36.040673326026344 5.2
    endloop
  endfacet
  facet normal -0.881921264348353 -0.47139673682600136 0
    outer loop
      vertex 65.20559116309236 35.2832893009412 2.2
      vertex 65.20559116309236 35.2832893009412 5.2
      vertex 64.92836140246614 35.801949702904736 5.2
    endloop
  endfacet
  facet normal -0.956940335732212 -0.29028467725445234 0
    outer loop
      vertex 64.92836140246614 35.801949702904736 2.2
      vertex 64.92836140246614 35.801949702904736 5.2
      vertex 64.75764415879031 36.36472903395162 5.2
    endloop
  endfacet
  facet normal -0.9951847266721966 -0.09801714032956384 0
    outer loop
      vertex 64.75764415879031 36.36472903395162 2.2
      vertex 64.75764415879031 36.36472903395162 5.2
      vertex 64.7 36.95 5.2
    endloop
  endfacet
  facet normal 0 0 1
    outer loop
      vertex 64.92836140246614 35.801949702904736 5.2
      vertex 64.75764415879031 37.53527096604839 5.2
      vertex 64.75764415879031 36.36472903395162 5.2
    endloop
  endfacet
  facet normal 0 0 1
    outer loop
      vertex 64.92836140246614 35.801949702904736 5.2
      vertex 65.20559116309236 35.2832893009412 5.2
      vertex 64.92836140246614 38.09805029709527 5.2
    endloop
  endfacet
  facet normal 0 0 1
    outer loop
      vertex 67.11472903395162 34.00764415879031 5.2
      vertex 67.42824000264235 35.93577788239648 5.2
      vertex 67.175 36.040673326026344 5.2
    endloop
  endfacet
  facet normal 0 0 1
    outer loop
      vertex 66.55194970290474 34.178361402466145 5.2
      vertex 66.79067332602634 36.425000000000004 5.2
      vertex 66.68577788239648 36.678240002642355 5.2
    endloop
  endfacet
  facet normal 0 0 1
    outer loop
      vertex 67.11472903395162 34.00764415879031 5.2
      vertex 67.175 36.040673326026344 5.2
      vertex 66.95753787975413 36.20753787975413 5.2
    endloop
  endfacet
  facet normal 0 0 1
    outer loop
      vertex 67.11472903395162 34.00764415879031 5.2
      vertex 66.95753787975413 36.20753787975413 5.2
      vertex 66.79067332602634 36.425000000000004 5.2
    endloop
  endfacet
  facet normal 0 0 1
    outer loop
      vertex 66.03328930094119 34.455591163092365 5.2
      vertex 65.57867965644036 39.07132034355965 5.2
      vertex 65.57867965644036 34.82867965644036 5.2
    endloop
  endfacet
  facet normal 0 0 1
    outer loop
      vertex 66.55194970290474 34.178361402466145 5.2
      vertex 66.03328930094119 39.44440883690764 5.2
      vertex 66.03328930094119 34.455591163092365 5.2
    endloop
  endfacet
  facet normal 0 0 1
    outer loop
      vertex 65.57867965644036 34.82867965644036 5.2
      vertex 65.20559116309236 38.61671069905881 5.2
      vertex 65.20559116309236 35.2832893009412 5.2
    endloop
  endfacet
  facet normal 0 0 1
    outer loop
      vertex 66.55194970290474 34.178361402466145 5.2
      vertex 66.68577788239648 36.678240002642355 5.2
      vertex 66.65 36.95 5.2
    endloop
  endfacet
  facet normal -0.9951847266721966 0.09801714032956384 0
    outer loop
      vertex 64.7 36.95 2.2
      vertex 64.7 36.95 5.2
      vertex 64.75764415879031 37.53527096604839 5.2
    endloop
  endfacet
  facet normal -0.956940335732212 0.29028467725445234 0
    outer loop
      vertex 64.75764415879031 37.53527096604839 2.2
      vertex 64.75764415879031 37.53527096604839 5.2
      vertex 64.92836140246614 38.09805029709527 5.2
    endloop
  endfacet
  facet normal 0 0 1
    outer loop
      vertex 64.75764415879031 36.36472903395162 5.2
      vertex 64.75764415879031 37.53527096604839 5.2
      vertex 64.7 36.95 5.2
    endloop
  endfacet
  facet normal 0 0 1
    outer loop
      vertex 64.92836140246614 35.801949702904736 5.2
      vertex 64.92836140246614 38.09805029709527 5.2
      vertex 64.75764415879031 37.53527096604839 5.2
    endloop
  endfacet
  facet normal 0 0 1
    outer loop
      vertex 65.20559116309236 35.2832893009412 5.2
      vertex 65.20559116309236 38.61671069905881 5.2
      vertex 64.92836140246614 38.09805029709527 5.2
    endloop
  endfacet
  facet normal 0 0 1
    outer loop
      vertex 66.55194970290474 34.178361402466145 5.2
      vertex 66.65 36.95 5.2
      vertex 66.55194970290474 39.72163859753386 5.2
    endloop
  endfacet
  facet normal 0 0 1
    outer loop
      vertex 65.57867965644036 34.82867965644036 5.2
      vertex 65.57867965644036 39.07132034355965 5.2
      vertex 65.20559116309236 38.61671069905881 5.2
    endloop
  endfacet
  facet normal 0 0 1
    outer loop
      vertex 66.03328930094119 34.455591163092365 5.2
      vertex 66.03328930094119 39.44440883690764 5.2
      vertex 65.57867965644036 39.07132034355965 5.2
    endloop
  endfacet
  facet normal 0 0 1
    outer loop
      vertex 66.55194970290474 34.178361402466145 5.2
      vertex 66.55194970290474 39.72163859753386 5.2
      vertex 66.03328930094119 39.44440883690764 5.2
    endloop
  endfacet
  facet normal 0 0 1
    outer loop
      vertex 66.65 36.95 5.2
      vertex 66.68577788239648 37.22175999735765 5.2
      vertex 66.55194970290474 39.72163859753386 5.2
    endloop
  endfacet
  facet normal 0 0 1
    outer loop
      vertex 66.68577788239648 37.22175999735765 5.2
      vertex 66.79067332602634 37.475 5.2
      vertex 66.55194970290474 39.72163859753386 5.2
    endloop
  endfacet
  facet normal 0.7730104533627412 -0.6343932841636404 0
    outer loop
      vertex 70.19440883690764 35.2832893009412 2.2
      vertex 70.19440883690764 35.2832893009412 5.2
      vertex 69.82132034355965 34.82867965644036 5.2
    endloop
  endfacet
  facet normal 0.881921264348353 -0.47139673682600136 0
    outer loop
      vertex 70.47163859753387 35.801949702904736 2.2
      vertex 70.47163859753387 35.801949702904736 5.2
      vertex 70.19440883690764 35.2832893009412 5.2
    endloop
  endfacet
  facet normal 0.956940335732212 -0.29028467725445234 0
    outer loop
      vertex 70.64235584120969 36.36472903395162 2.2
      vertex 70.64235584120969 36.36472903395162 5.2
      vertex 70.47163859753387 35.801949702904736 5.2
    endloop
  endfacet
  facet normal 0 0 1
    outer loop
      vertex 67.7 33.95 5.2
      vertex 67.7 35.900000000000006 5.2
      vertex 67.42824000264235 35.93577788239648 5.2
    endloop
  endfacet
  facet normal 0 0 1
    outer loop
      vertex 68.28527096604839 34.00764415879031 5.2
      vertex 67.97175999735765 35.93577788239648 5.2
      vertex 67.7 35.900000000000006 5.2
    endloop
  endfacet
  facet normal 0 0 1
    outer loop
      vertex 68.28527096604839 34.00764415879031 5.2
      vertex 68.22500000000001 36.040673326026344 5.2
      vertex 67.97175999735765 35.93577788239648 5.2
    endloop
  endfacet
  facet normal 0 0 1
    outer loop
      vertex 68.84805029709527 34.178361402466145 5.2
      vertex 68.44246212024588 36.20753787975413 5.2
      vertex 68.22500000000001 36.040673326026344 5.2
    endloop
  endfacet
  facet normal 0 0 1
    outer loop
      vertex 68.84805029709527 34.178361402466145 5.2
      vertex 68.60932667397367 36.425000000000004 5.2
      vertex 68.44246212024588 36.20753787975413 5.2
    endloop
  endfacet
  facet normal 0 0 1
    outer loop
      vertex 68.84805029709527 34.178361402466145 5.2
      vertex 68.71422211760353 36.678240002642355 5.2
      vertex 68.60932667397367 36.425000000000004 5.2
    endloop
  endfacet
  facet normal 0 0 1
    outer loop
      vertex 68.84805029709527 34.178361402466145 5.2
      vertex 68.75 36.95 5.2
      vertex 68.71422211760353 36.678240002642355 5.2
    endloop
  endfacet
  facet normal 0 0 1
    outer loop
      vertex 68.84805029709527 34.178361402466145 5.2
      vertex 69.36671069905881 34.455591163092365 5.2
      vertex 68.84805029709527 39.72163859753386 5.2
    endloop
  endfacet
  facet normal 0 0 1
    outer loop
      vertex 69.36671069905881 34.455591163092365 5.2
      vertex 69.82132034355965 34.82867965644036 5.2
      vertex 69.36671069905881 39.44440883690764 5.2
    endloop
  endfacet
  facet normal 0 0 1
    outer loop
      vertex 69.82132034355965 34.82867965644036 5.2
      vertex 70.19440883690764 35.2832893009412 5.2
      vertex 69.82132034355965 39.07132034355965 5.2
    endloop
  endfacet
  facet normal 0 0 1
    outer loop
      vertex 70.19440883690764 35.2832893009412 5.2
      vertex 70.47163859753387 35.801949702904736 5.2
      vertex 70.19440883690764 38.61671069905881 5.2
    endloop
  endfacet
  facet normal 0.9951847266721966 -0.09801714032956384 0
    outer loop
      vertex 70.7 36.95 2.2
      vertex 70.7 36.95 5.2
      vertex 70.64235584120969 36.36472903395162 5.2
    endloop
  endfacet
  facet normal 0.9951847266721966 0.09801714032956384 0
    outer loop
      vertex 70.64235584120969 37.53527096604839 2.2
      vertex 70.64235584120969 37.53527096604839 5.2
      vertex 70.7 36.95 5.2
    endloop
  endfacet
  facet normal 0.956940335732212 0.29028467725445234 0
    outer loop
      vertex 70.47163859753387 38.09805029709527 2.2
      vertex 70.47163859753387 38.09805029709527 5.2
      vertex 70.64235584120969 37.53527096604839 5.2
    endloop
  endfacet
  facet normal 0 0 1
    outer loop
      vertex 68.84805029709527 34.178361402466145 5.2
      vertex 68.84805029709527 39.72163859753386 5.2
      vertex 68.75 36.95 5.2
    endloop
  endfacet
  facet normal 0 0 1
    outer loop
      vertex 68.75 36.95 5.2
      vertex 68.84805029709527 39.72163859753386 5.2
      vertex 68.71422211760353 37.22175999735765 5.2
    endloop
  endfacet
  facet normal 0 0 1
    outer loop
      vertex 68.71422211760353 37.22175999735765 5.2
      vertex 68.84805029709527 39.72163859753386 5.2
      vertex 68.60932667397367 37.475 5.2
    endloop
  endfacet
  facet normal 0 0 1
    outer loop
      vertex 69.36671069905881 34.455591163092365 5.2
      vertex 69.36671069905881 39.44440883690764 5.2
      vertex 68.84805029709527 39.72163859753386 5.2
    endloop
  endfacet
  facet normal 0 0 1
    outer loop
      vertex 69.82132034355965 34.82867965644036 5.2
      vertex 69.82132034355965 39.07132034355965 5.2
      vertex 69.36671069905881 39.44440883690764 5.2
    endloop
  endfacet
  facet normal 0 0 1
    outer loop
      vertex 70.47163859753387 35.801949702904736 5.2
      vertex 70.64235584120969 36.36472903395162 5.2
      vertex 70.47163859753387 38.09805029709527 5.2
    endloop
  endfacet
  facet normal 0 0 1
    outer loop
      vertex 70.64235584120969 36.36472903395162 5.2
      vertex 70.7 36.95 5.2
      vertex 70.64235584120969 37.53527096604839 5.2
    endloop
  endfacet
  facet normal 0 0 1
    outer loop
      vertex 70.64235584120969 36.36472903395162 5.2
      vertex 70.64235584120969 37.53527096604839 5.2
      vertex 70.47163859753387 38.09805029709527 5.2
    endloop
  endfacet
  facet normal 0 0 1
    outer loop
      vertex 70.19440883690764 35.2832893009412 5.2
      vertex 70.19440883690764 38.61671069905881 5.2
      vertex 69.82132034355965 39.07132034355965 5.2
    endloop
  endfacet
  facet normal 0 0 1
    outer loop
      vertex 70.47163859753387 35.801949702904736 5.2
      vertex 70.47163859753387 38.09805029709527 5.2
      vertex 70.19440883690764 38.61671069905881 5.2
    endloop
  endfacet
  facet normal -0.881921264348353 0.47139673682600136 -5.5805560079510524e-18
    outer loop
      vertex 64.92836140246614 38.09805029709527 2.2
      vertex 65.20559116309236 38.61671069905881 5.2
      vertex 65.20559116309236 38.61671069905881 2.2
    endloop
  endfacet
  facet normal -0.7730104533627412 0.6343932841636404 7.196089545430235e-19
    outer loop
      vertex 65.20559116309236 38.61671069905881 2.2
      vertex 65.57867965644036 39.07132034355965 5.2
      vertex 65.57867965644036 39.07132034355965 2.2
    endloop
  endfacet
  facet normal -0.6343932841636463 0.7730104533627363 0
    outer loop
      vertex 65.57867965644036 39.07132034355965 2.2
      vertex 65.57867965644036 39.07132034355965 5.2
      vertex 66.03328930094119 39.44440883690764 2.2
    endloop
  endfacet
  facet normal -0.47139673682598693 0.8819212643483607 0
    outer loop
      vertex 66.03328930094119 39.44440883690764 2.2
      vertex 66.03328930094119 39.44440883690764 5.2
      vertex 66.55194970290474 39.72163859753386 2.2
    endloop
  endfacet
  facet normal -0.29028467725446333 0.9569403357322085 0
    outer loop
      vertex 66.55194970290474 39.72163859753386 2.2
      vertex 66.55194970290474 39.72163859753386 5.2
      vertex 67.11472903395162 39.89235584120969 2.2
    endloop
  endfacet
  facet normal -0.09801714032956384 0.9951847266721966 0
    outer loop
      vertex 67.11472903395162 39.89235584120969 2.2
      vertex 67.11472903395162 39.89235584120969 5.2
      vertex 67.7 39.95 2.2
    endloop
  endfacet
  facet normal 0.6343932841636463 0.7730104533627363 0
    outer loop
      vertex 69.36671069905881 39.44440883690764 2.2
      vertex 69.36671069905881 39.44440883690764 5.2
      vertex 69.82132034355965 39.07132034355965 2.2
    endloop
  endfacet
  facet normal 0.47139673682598693 0.8819212643483607 0
    outer loop
      vertex 68.84805029709527 39.72163859753386 2.2
      vertex 68.84805029709527 39.72163859753386 5.2
      vertex 69.36671069905881 39.44440883690764 2.2
    endloop
  endfacet
  facet normal 0.881921264348353 0.47139673682600136 0
    outer loop
      vertex 70.47163859753387 38.09805029709527 2.2
      vertex 70.19440883690764 38.61671069905881 2.2
      vertex 70.47163859753387 38.09805029709527 5.2
    endloop
  endfacet
  facet normal 0.7730104533627412 0.6343932841636404 0
    outer loop
      vertex 70.19440883690764 38.61671069905881 2.2
      vertex 69.82132034355965 39.07132034355965 2.2
      vertex 70.19440883690764 38.61671069905881 5.2
    endloop
  endfacet
  facet normal 0.09801714032956384 0.9951847266721966 0
    outer loop
      vertex 67.7 39.95 2.2
      vertex 67.7 39.95 5.2
      vertex 68.28527096604839 39.89235584120969 2.2
    endloop
  endfacet
  facet normal 0.29028467725446333 0.9569403357322085 2.246007229497645e-18
    outer loop
      vertex 68.84805029709527 39.72163859753386 2.2
      vertex 68.28527096604839 39.89235584120969 2.2
      vertex 68.28527096604839 39.89235584120969 5.2
    endloop
  endfacet
  facet normal -0.881921264348353 0.47139673682600136 0
    outer loop
      vertex 64.92836140246614 38.09805029709527 2.2
      vertex 64.92836140246614 38.09805029709527 5.2
      vertex 65.20559116309236 38.61671069905881 5.2
    endloop
  endfacet
  facet normal -0.7730104533627412 0.6343932841636404 0
    outer loop
      vertex 65.20559116309236 38.61671069905881 2.2
      vertex 65.20559116309236 38.61671069905881 5.2
      vertex 65.57867965644036 39.07132034355965 5.2
    endloop
  endfacet
  facet normal -0.6343932841636463 0.7730104533627363 0
    outer loop
      vertex 66.03328930094119 39.44440883690764 2.2
      vertex 65.57867965644036 39.07132034355965 5.2
      vertex 66.03328930094119 39.44440883690764 5.2
    endloop
  endfacet
  facet normal -0.47139673682598693 0.8819212643483607 0
    outer loop
      vertex 66.55194970290474 39.72163859753386 2.2
      vertex 66.03328930094119 39.44440883690764 5.2
      vertex 66.55194970290474 39.72163859753386 5.2
    endloop
  endfacet
  facet normal 0 0 1
    outer loop
      vertex 66.79067332602634 37.475 5.2
      vertex 66.95753787975413 37.69246212024588 5.2
      vertex 66.55194970290474 39.72163859753386 5.2
    endloop
  endfacet
  facet normal 0 0 1
    outer loop
      vertex 66.95753787975413 37.69246212024588 5.2
      vertex 67.175 37.85932667397366 5.2
      vertex 66.55194970290474 39.72163859753386 5.2
    endloop
  endfacet
  facet normal 0 0 1
    outer loop
      vertex 67.175 37.85932667397366 5.2
      vertex 67.42824000264235 37.964222117603526 5.2
      vertex 67.11472903395162 39.89235584120969 5.2
    endloop
  endfacet
  facet normal 0 0 1
    outer loop
      vertex 67.42824000264235 37.964222117603526 5.2
      vertex 67.7 38 5.2
      vertex 67.11472903395162 39.89235584120969 5.2
    endloop
  endfacet
  facet normal 0 0 1
    outer loop
      vertex 67.175 37.85932667397366 5.2
      vertex 67.11472903395162 39.89235584120969 5.2
      vertex 66.55194970290474 39.72163859753386 5.2
    endloop
  endfacet
  facet normal -0.29028467725446333 0.9569403357322085 0
    outer loop
      vertex 67.11472903395162 39.89235584120969 2.2
      vertex 66.55194970290474 39.72163859753386 5.2
      vertex 67.11472903395162 39.89235584120969 5.2
    endloop
  endfacet
  facet normal 0.6343932841636463 0.7730104533627363 0
    outer loop
      vertex 69.82132034355965 39.07132034355965 2.2
      vertex 69.36671069905881 39.44440883690764 5.2
      vertex 69.82132034355965 39.07132034355965 5.2
    endloop
  endfacet
  facet normal 0.47139673682598693 0.8819212643483607 0
    outer loop
      vertex 69.36671069905881 39.44440883690764 2.2
      vertex 68.84805029709527 39.72163859753386 5.2
      vertex 69.36671069905881 39.44440883690764 5.2
    endloop
  endfacet
  facet normal 0.881921264348353 0.47139673682600136 5.5805560079510524e-18
    outer loop
      vertex 70.47163859753387 38.09805029709527 5.2
      vertex 70.19440883690764 38.61671069905881 2.2
      vertex 70.19440883690764 38.61671069905881 5.2
    endloop
  endfacet
  facet normal 0.7730104533627412 0.6343932841636404 0
    outer loop
      vertex 69.82132034355965 39.07132034355965 2.2
      vertex 69.82132034355965 39.07132034355965 5.2
      vertex 70.19440883690764 38.61671069905881 5.2
    endloop
  endfacet
  facet normal 0 0 1
    outer loop
      vertex 68.44246212024588 37.69246212024588 5.2
      vertex 68.60932667397367 37.475 5.2
      vertex 68.28527096604839 39.89235584120969 5.2
    endloop
  endfacet
  facet normal 0 0 1
    outer loop
      vertex 67.97175999735765 37.964222117603526 5.2
      vertex 68.22500000000001 37.85932667397366 5.2
      vertex 68.28527096604839 39.89235584120969 5.2
    endloop
  endfacet
  facet normal 0 0 1
    outer loop
      vertex 68.44246212024588 37.69246212024588 5.2
      vertex 68.28527096604839 39.89235584120969 5.2
      vertex 68.22500000000001 37.85932667397366 5.2
    endloop
  endfacet
  facet normal 0 0 1
    outer loop
      vertex 67.97175999735765 37.964222117603526 5.2
      vertex 67.7 39.95 5.2
      vertex 67.7 38 5.2
    endloop
  endfacet
  facet normal 0 0 1
    outer loop
      vertex 67.7 38 5.2
      vertex 67.7 39.95 5.2
      vertex 67.11472903395162 39.89235584120969 5.2
    endloop
  endfacet
  facet normal 0 0 1
    outer loop
      vertex 67.97175999735765 37.964222117603526 5.2
      vertex 68.28527096604839 39.89235584120969 5.2
      vertex 67.7 39.95 5.2
    endloop
  endfacet
  facet normal 0 0 1
    outer loop
      vertex 68.60932667397367 37.475 5.2
      vertex 68.84805029709527 39.72163859753386 5.2
      vertex 68.28527096604839 39.89235584120969 5.2
    endloop
  endfacet
  facet normal -0.09801714032956384 0.9951847266721966 0
    outer loop
      vertex 67.7 39.95 2.2
      vertex 67.11472903395162 39.89235584120969 5.2
      vertex 67.7 39.95 5.2
    endloop
  endfacet
  facet normal 0.09801714032956384 0.9951847266721966 0
    outer loop
      vertex 68.28527096604839 39.89235584120969 2.2
      vertex 67.7 39.95 5.2
      vertex 68.28527096604839 39.89235584120969 5.2
    endloop
  endfacet
  facet normal 0.29028467725446333 0.9569403357322085 0
    outer loop
      vertex 68.84805029709527 39.72163859753386 2.2
      vertex 68.28527096604839 39.89235584120969 5.2
      vertex 68.84805029709527 39.72163859753386 5.2
    endloop
  endfacet
  facet normal 0.9914448613738104 -0.1305261922200526 -7.980924527955125e-16
    outer loop
      vertex 8.649999999999999 13.95 2.2
      vertex 8.685777882396478 14.221759997357646 2.7
      vertex 8.655962980399412 13.99529333289294 2.7
    endloop
  endfacet
  facet normal 0.9914448613738102 -0.13052619222005404 -4.828393841096707e-18
    outer loop
      vertex 8.649999999999999 13.95 2.2
      vertex 8.685777882396478 14.221759997357646 2.2
      vertex 8.685777882396478 14.221759997357646 2.7
    endloop
  endfacet
  facet normal 0.7933533402912349 0.6087614290087209 0
    outer loop
      vertex 8.957537879754124 13.207537879754124 5.2
      vertex 8.957537879754124 13.207537879754124 2.7
      vertex 8.790673326026338 13.424999999999999 2.7
    endloop
  endfacet
  facet normal 0.9238795325112874 0.382683432365088 0
    outer loop
      vertex 8.790673326026338 13.424999999999999 5.2
      vertex 8.790673326026338 13.424999999999999 2.7
      vertex 8.685777882396478 13.678240002642353 2.7
    endloop
  endfacet
  facet normal 0.9914448613738102 0.13052619222005402 0
    outer loop
      vertex 8.685777882396478 13.678240002642353 5.2
      vertex 8.685777882396478 13.678240002642353 2.7
      vertex 8.649999999999999 13.95 2.7
    endloop
  endfacet
  facet normal 0.9914448613738092 -0.13052619222006123 0
    outer loop
      vertex 8.649999999999999 13.95 5.2
      vertex 8.649999999999999 13.95 2.7
      vertex 8.655962980399412 13.99529333289294 2.7
    endloop
  endfacet
  facet normal 0.9914448613738103 -0.13052619222005257 0
    outer loop
      vertex 8.685777882396478 14.221759997357646 2.7
      vertex 8.685777882396478 14.221759997357646 5.2
      vertex 8.655962980399412 13.99529333289294 2.7
    endloop
  endfacet
  facet normal 0.9238795325112874 -0.382683432365088 0
    outer loop
      vertex 8.685777882396478 14.221759997357646 5.2
      vertex 8.685777882396478 14.221759997357646 2.7
      vertex 8.790673326026338 14.475 2.7
    endloop
  endfacet
  facet normal 0.7933533402912349 -0.6087614290087209 0
    outer loop
      vertex 8.790673326026338 14.475 5.2
      vertex 8.790673326026338 14.475 2.7
      vertex 8.957537879754124 14.692462120245875 2.7
    endloop
  endfacet
  facet normal -0.13052619222005385 0.9914448613738102 -3.028558521604805e-15
    outer loop
      vertex 9.7 12.899999999999999 2.2
      vertex 9.944029385382375 12.932127078070307 2.506122448979592
      vertex 9.900244208579318 12.926362650186878 2.2
    endloop
  endfacet
  facet normal -0.13052619222005757 0.9914448613738096 0
    outer loop
      vertex 9.7 12.899999999999999 2.2
      vertex 9.7 12.899999999999999 2.7
      vertex 9.944029385382375 12.932127078070307 2.506122448979592
    endloop
  endfacet
  facet normal -0.382683432365088 0.9238795325112875 0
    outer loop
      vertex 9.971759997357646 12.935777882396478 2.2
      vertex 9.971759997357646 12.935777882396478 2.7
      vertex 10.225 13.040673326026338 2.2
    endloop
  endfacet
  facet normal -0.13052619222005257 0.9914448613738103 6.4025050305883105e-15
    outer loop
      vertex 9.926466664464705 12.929814901997064 2.7
      vertex 9.944029385382375 12.932127078070307 2.506122448979592
      vertex 9.7 12.899999999999999 2.7
    endloop
  endfacet
  facet normal -0.3826834323650911 0.9238795325112862 -1.8550376793407267e-15
    outer loop
      vertex 10.18279333289294 13.023190752088029 2.7
      vertex 10.225 13.040673326026338 2.2
      vertex 9.971759997357646 12.935777882396478 2.7
    endloop
  endfacet
  facet normal -0.9238795325112875 0.382683432365088 4.997880458320567e-18
    outer loop
      vertex 10.714222117603521 13.678240002642353 2.2
      vertex 10.60932667397366 13.424999999999999 2.2
      vertex 10.60932667397366 13.424999999999999 2.7
    endloop
  endfacet
  facet normal -0.9238795325112862 0.3826834323650911 1.858535344814016e-15
    outer loop
      vertex 10.696739543665212 13.636033335535293 2.7
      vertex 10.714222117603521 13.678240002642353 2.2
      vertex 10.60932667397366 13.424999999999999 2.7
    endloop
  endfacet
  facet normal -0.9914448613738102 0.13052619222005404 -4.828393841096707e-18
    outer loop
      vertex 10.75 13.95 2.2
      vertex 10.714222117603521 13.678240002642353 2.2
      vertex 10.714222117603521 13.678240002642353 2.7
    endloop
  endfacet
  facet normal -0.9914448613738104 0.1305261922200526 -7.97262242825217e-16
    outer loop
      vertex 10.744037019600587 13.904706667107058 2.7
      vertex 10.75 13.95 2.2
      vertex 10.714222117603521 13.678240002642353 2.7
    endloop
  endfacet
  facet normal 0.6087614290087209 0.7933533402912349 0
    outer loop
      vertex 9.174999999999999 13.040673326026338 5.2
      vertex 9.174999999999999 13.040673326026338 2.7
      vertex 8.957537879754124 13.207537879754124 2.7
    endloop
  endfacet
  facet normal 0.382683432365088 0.9238795325112874 0
    outer loop
      vertex 9.428240002642353 12.935777882396478 5.2
      vertex 9.428240002642353 12.935777882396478 2.7
      vertex 9.174999999999999 13.040673326026338 2.7
    endloop
  endfacet
  facet normal 0.13052619222005402 0.9914448613738102 0
    outer loop
      vertex 9.7 12.899999999999999 5.2
      vertex 9.7 12.899999999999999 2.7
      vertex 9.428240002642353 12.935777882396478 2.7
    endloop
  endfacet
  facet normal -0.13052619222005257 0.9914448613738103 0
    outer loop
      vertex 9.7 12.899999999999999 5.2
      vertex 9.926466664464705 12.929814901997064 2.7
      vertex 9.7 12.899999999999999 2.7
    endloop
  endfacet
  facet normal -0.13052619222006123 0.9914448613738092 0
    outer loop
      vertex 9.971759997357646 12.935777882396478 5.2
      vertex 9.971759997357646 12.935777882396478 2.7
      vertex 9.926466664464705 12.929814901997064 2.7
    endloop
  endfacet
  facet normal -0.38268343236509117 0.9238795325112862 0
    outer loop
      vertex 9.971759997357646 12.935777882396478 5.2
      vertex 10.18279333289294 13.023190752088029 2.7
      vertex 9.971759997357646 12.935777882396478 2.7
    endloop
  endfacet
  facet normal -0.38268343236507235 0.923879532511294 0
    outer loop
      vertex 10.225 13.040673326026338 5.2
      vertex 10.225 13.040673326026338 2.7
      vertex 10.18279333289294 13.023190752088029 2.7
    endloop
  endfacet
  facet normal -0.6087614290087209 0.7933533402912349 0
    outer loop
      vertex 10.442462120245875 13.207537879754124 5.2
      vertex 10.442462120245875 13.207537879754124 2.7
      vertex 10.225 13.040673326026338 2.7
    endloop
  endfacet
  facet normal -0.7933533402912349 0.6087614290087209 0
    outer loop
      vertex 10.60932667397366 13.424999999999999 5.2
      vertex 10.60932667397366 13.424999999999999 2.7
      vertex 10.442462120245875 13.207537879754124 2.7
    endloop
  endfacet
  facet normal -0.9238795325112862 0.38268343236509117 0
    outer loop
      vertex 10.60932667397366 13.424999999999999 5.2
      vertex 10.696739543665212 13.636033335535293 2.7
      vertex 10.60932667397366 13.424999999999999 2.7
    endloop
  endfacet
  facet normal -0.923879532511294 0.38268343236507235 0
    outer loop
      vertex 10.714222117603521 13.678240002642353 5.2
      vertex 10.714222117603521 13.678240002642353 2.7
      vertex 10.696739543665212 13.636033335535293 2.7
    endloop
  endfacet
  facet normal -0.9914448613738103 0.13052619222005257 0
    outer loop
      vertex 10.714222117603521 13.678240002642353 2.7
      vertex 10.714222117603521 13.678240002642353 5.2
      vertex 10.744037019600587 13.904706667107058 2.7
    endloop
  endfacet
  facet normal -0.9914448613738092 0.13052619222006123 0
    outer loop
      vertex 10.75 13.95 5.2
      vertex 10.75 13.95 2.7
      vertex 10.744037019600587 13.904706667107058 2.7
    endloop
  endfacet
  facet normal -0.9914448613738102 -0.13052619222005402 0
    outer loop
      vertex 10.714222117603521 14.221759997357646 5.2
      vertex 10.714222117603521 14.221759997357646 2.7
      vertex 10.75 13.95 2.7
    endloop
  endfacet
  facet normal 0.3826834323650911 -0.9238795325112862 -1.8550376793407267e-15
    outer loop
      vertex 9.217206667107058 14.87680924791197 2.7
      vertex 9.174999999999999 14.85932667397366 2.2
      vertex 9.428240002642353 14.964222117603521 2.7
    endloop
  endfacet
  facet normal 0.382683432365088 -0.9238795325112875 0
    outer loop
      vertex 9.428240002642353 14.964222117603521 2.2
      vertex 9.428240002642353 14.964222117603521 2.7
      vertex 9.174999999999999 14.85932667397366 2.2
    endloop
  endfacet
  facet normal 0.6087614290087209 -0.7933533402912349 0
    outer loop
      vertex 8.957537879754124 14.692462120245875 5.2
      vertex 8.957537879754124 14.692462120245875 2.7
      vertex 9.174999999999999 14.85932667397366 2.7
    endloop
  endfacet
  facet normal 0.38268343236507235 -0.923879532511294 0
    outer loop
      vertex 9.174999999999999 14.85932667397366 5.2
      vertex 9.174999999999999 14.85932667397366 2.7
      vertex 9.217206667107058 14.87680924791197 2.7
    endloop
  endfacet
  facet normal 0.38268343236509117 -0.9238795325112862 0
    outer loop
      vertex 9.428240002642353 14.964222117603521 5.2
      vertex 9.217206667107058 14.87680924791197 2.7
      vertex 9.428240002642353 14.964222117603521 2.7
    endloop
  endfacet
  facet normal 0.13052619222005402 -0.9914448613738102 0
    outer loop
      vertex 9.428240002642353 14.964222117603521 5.2
      vertex 9.428240002642353 14.964222117603521 2.7
      vertex 9.7 15 2.7
    endloop
  endfacet
  facet normal -0.13052619222005402 -0.9914448613738102 0
    outer loop
      vertex 9.7 15 5.2
      vertex 9.7 15 2.7
      vertex 9.971759997357646 14.964222117603521 2.7
    endloop
  endfacet
  facet normal -0.382683432365088 -0.9238795325112874 0
    outer loop
      vertex 9.971759997357646 14.964222117603521 5.2
      vertex 9.971759997357646 14.964222117603521 2.7
      vertex 10.225 14.85932667397366 2.7
    endloop
  endfacet
  facet normal -0.9238795325112874 -0.382683432365088 0
    outer loop
      vertex 10.60932667397366 14.475 5.2
      vertex 10.60932667397366 14.475 2.7
      vertex 10.714222117603521 14.221759997357646 2.7
    endloop
  endfacet
  facet normal -0.7933533402912349 -0.6087614290087209 0
    outer loop
      vertex 10.442462120245875 14.692462120245875 5.2
      vertex 10.442462120245875 14.692462120245875 2.7
      vertex 10.60932667397366 14.475 2.7
    endloop
  endfacet
  facet normal -0.6087614290087209 -0.7933533402912349 0
    outer loop
      vertex 10.225 14.85932667397366 5.2
      vertex 10.225 14.85932667397366 2.7
      vertex 10.442462120245875 14.692462120245875 2.7
    endloop
  endfacet
  facet normal 0.7933533402912349 0.6087614290087209 4.9565247695287575e-18
    outer loop
      vertex 8.957537879754124 13.207537879754124 5.2
      vertex 8.790673326026338 13.424999999999999 2.7
      vertex 8.790673326026338 13.424999999999999 5.2
    endloop
  endfacet
  facet normal 0.9238795325112874 0.382683432365088 -9.995760916641134e-19
    outer loop
      vertex 8.790673326026338 13.424999999999999 5.2
      vertex 8.685777882396478 13.678240002642353 2.7
      vertex 8.685777882396478 13.678240002642353 5.2
    endloop
  endfacet
  facet normal 0.9914448613738102 0.13052619222005402 9.656787682193413e-19
    outer loop
      vertex 8.685777882396478 13.678240002642353 5.2
      vertex 8.649999999999999 13.95 2.7
      vertex 8.649999999999999 13.95 5.2
    endloop
  endfacet
  facet normal 0.9914448613738102 -0.13052619222005402 1.3275498245212662e-16
    outer loop
      vertex 8.649999999999999 13.95 5.2
      vertex 8.655962980399412 13.99529333289294 2.7
      vertex 8.685777882396478 14.221759997357646 5.2
    endloop
  endfacet
  facet normal 0.9238795325112874 -0.382683432365088 9.995760916641134e-19
    outer loop
      vertex 8.685777882396478 14.221759997357646 5.2
      vertex 8.790673326026338 14.475 2.7
      vertex 8.790673326026338 14.475 5.2
    endloop
  endfacet
  facet normal 0.7933533402912349 -0.6087614290087209 -4.9565247695287575e-18
    outer loop
      vertex 8.790673326026338 14.475 5.2
      vertex 8.957537879754124 14.692462120245875 2.7
      vertex 8.957537879754124 14.692462120245875 5.2
    endloop
  endfacet
  facet normal 0.382683432365088 0.9238795325112874 0
    outer loop
      vertex 9.174999999999999 13.040673326026338 5.2
      vertex 9.428240002642353 12.935777882396478 5.2
      vertex 9.174999999999999 13.040673326026338 2.7
    endloop
  endfacet
  facet normal 0.13052619222005402 0.9914448613738102 0
    outer loop
      vertex 9.428240002642353 12.935777882396478 5.2
      vertex 9.7 12.899999999999999 5.2
      vertex 9.428240002642353 12.935777882396478 2.7
    endloop
  endfacet
  facet normal -0.13052619222005402 0.9914448613738102 -1.3340422710699515e-16
    outer loop
      vertex 9.7 12.899999999999999 5.2
      vertex 9.971759997357646 12.935777882396478 5.2
      vertex 9.926466664464705 12.929814901997064 2.7
    endloop
  endfacet
  facet normal 0.6087614290087209 0.7933533402912349 0
    outer loop
      vertex 8.957537879754124 13.207537879754124 5.2
      vertex 9.174999999999999 13.040673326026338 5.2
      vertex 8.957537879754124 13.207537879754124 2.7
    endloop
  endfacet
  facet normal -0.382683432365088 0.9238795325112874 3.1078463490253135e-16
    outer loop
      vertex 9.971759997357646 12.935777882396478 5.2
      vertex 10.225 13.040673326026338 5.2
      vertex 10.18279333289294 13.023190752088029 2.7
    endloop
  endfacet
  facet normal -0.6087614290087209 0.7933533402912349 0
    outer loop
      vertex 10.225 13.040673326026338 5.2
      vertex 10.442462120245875 13.207537879754124 5.2
      vertex 10.225 13.040673326026338 2.7
    endloop
  endfacet
  facet normal -0.7933533402912349 0.6087614290087209 0
    outer loop
      vertex 10.442462120245875 13.207537879754124 5.2
      vertex 10.60932667397366 13.424999999999999 5.2
      vertex 10.442462120245875 13.207537879754124 2.7
    endloop
  endfacet
  facet normal -0.9238795325112874 0.382683432365088 -3.075113342298899e-16
    outer loop
      vertex 10.60932667397366 13.424999999999999 5.2
      vertex 10.714222117603521 13.678240002642353 5.2
      vertex 10.696739543665212 13.636033335535293 2.7
    endloop
  endfacet
  facet normal -0.9914448613738102 0.13052619222005402 1.3363190059778695e-16
    outer loop
      vertex 10.714222117603521 13.678240002642353 5.2
      vertex 10.75 13.95 5.2
      vertex 10.744037019600587 13.904706667107058 2.7
    endloop
  endfacet
  facet normal -0.9238795325112874 -0.382683432365088 0
    outer loop
      vertex 10.714222117603521 14.221759997357646 5.2
      vertex 10.60932667397366 14.475 5.2
      vertex 10.714222117603521 14.221759997357646 2.7
    endloop
  endfacet
  facet normal -0.9914448613738102 -0.13052619222005402 0
    outer loop
      vertex 10.75 13.95 5.2
      vertex 10.714222117603521 14.221759997357646 5.2
      vertex 10.75 13.95 2.7
    endloop
  endfacet
  facet normal 0.6087614290087209 -0.7933533402912349 -4.9565247695287575e-18
    outer loop
      vertex 8.957537879754124 14.692462120245875 5.2
      vertex 9.174999999999999 14.85932667397366 2.7
      vertex 9.174999999999999 14.85932667397366 5.2
    endloop
  endfacet
  facet normal 0.382683432365088 -0.9238795325112874 3.0977664677495724e-16
    outer loop
      vertex 9.174999999999999 14.85932667397366 5.2
      vertex 9.217206667107058 14.87680924791197 2.7
      vertex 9.428240002642353 14.964222117603521 5.2
    endloop
  endfacet
  facet normal 0.13052619222005402 -0.9914448613738102 -9.656787682193413e-19
    outer loop
      vertex 9.428240002642353 14.964222117603521 5.2
      vertex 9.7 15 2.7
      vertex 9.7 15 5.2
    endloop
  endfacet
  facet normal -0.13052619222005402 -0.9914448613738102 9.656787682193413e-19
    outer loop
      vertex 9.7 15 5.2
      vertex 9.971759997357646 14.964222117603521 2.7
      vertex 9.971759997357646 14.964222117603521 5.2
    endloop
  endfacet
  facet normal -0.7933533402912349 -0.6087614290087209 0
    outer loop
      vertex 10.60932667397366 14.475 5.2
      vertex 10.442462120245875 14.692462120245875 5.2
      vertex 10.60932667397366 14.475 2.7
    endloop
  endfacet
  facet normal -0.6087614290087209 -0.7933533402912349 0
    outer loop
      vertex 10.442462120245875 14.692462120245875 5.2
      vertex 10.225 14.85932667397366 5.2
      vertex 10.442462120245875 14.692462120245875 2.7
    endloop
  endfacet
  facet normal -0.382683432365088 -0.9238795325112874 -9.995760916641134e-19
    outer loop
      vertex 9.971759997357646 14.964222117603521 5.2
      vertex 10.225 14.85932667397366 2.7
      vertex 10.225 14.85932667397366 5.2
    endloop
  endfacet
  facet normal 0.7933533402912374 0.6087614290087178 0
    outer loop
      vertex 8.957537879754124 36.20753787975413 5.2
      vertex 8.957537879754124 36.20753787975413 2.7
      vertex 8.790673326026338 36.425000000000004 2.7
    endloop
  endfacet
  facet normal 0.9238795325112855 0.38268343236509256 0
    outer loop
      vertex 8.790673326026338 36.425000000000004 5.2
      vertex 8.790673326026338 36.425000000000004 2.7
      vertex 8.685777882396478 36.678240002642355 2.7
    endloop
  endfacet
  facet normal 0.9914448613738103 -0.13052619222005318 3.228671475663038e-18
    outer loop
      vertex 8.649999999999999 36.95 2.2
      vertex 8.685777882396478 37.22175999735765 2.2
      vertex 8.685777882396478 37.22175999735765 2.7
    endloop
  endfacet
  facet normal 0.9914448613738106 -0.13052619222005057 -1.4460106601875642e-15
    outer loop
      vertex 8.655962980399412 36.99529333289294 2.7
      vertex 8.649999999999999 36.95 2.2
      vertex 8.685777882396478 37.22175999735765 2.7
    endloop
  endfacet
  facet normal 0.9238795325112839 -0.3826834323650966 2.402361210739542e-15
    outer loop
      vertex 8.703260456334787 37.26396666446471 2.7
      vertex 8.685777882396478 37.22175999735765 2.2
      vertex 8.790673326026338 37.475 2.7
    endloop
  endfacet
  facet normal 0.9238795325112856 -0.3826834323650926 -5.455438886281348e-18
    outer loop
      vertex 8.685777882396478 37.22175999735765 2.2
      vertex 8.790673326026338 37.475 2.2
      vertex 8.790673326026338 37.475 2.7
    endloop
  endfacet
  facet normal 0.7933533402912426 -0.6087614290087109 0
    outer loop
      vertex 8.957537879754124 37.69246212024588 2.2
      vertex 8.957537879754124 37.69246212024588 2.7
      vertex 8.913626155088917 37.63523524649696 2.2
    endloop
  endfacet
  facet normal 0.9914448613738102 0.13052619222005318 0
    outer loop
      vertex 8.685777882396478 36.678240002642355 5.2
      vertex 8.685777882396478 36.678240002642355 2.7
      vertex 8.649999999999999 36.95 2.7
    endloop
  endfacet
  facet normal 0.9914448613738085 -0.13052619222006626 0
    outer loop
      vertex 8.649999999999999 36.95 5.2
      vertex 8.649999999999999 36.95 2.7
      vertex 8.655962980399412 36.99529333289294 2.7
    endloop
  endfacet
  facet normal 0.9914448613738106 -0.13052619222005057 0
    outer loop
      vertex 8.685777882396478 37.22175999735765 2.7
      vertex 8.685777882396478 37.22175999735765 5.2
      vertex 8.655962980399412 36.99529333289294 2.7
    endloop
  endfacet
  facet normal 0.923879532511294 -0.38268343236507235 0
    outer loop
      vertex 8.685777882396478 37.22175999735765 5.2
      vertex 8.685777882396478 37.22175999735765 2.7
      vertex 8.703260456334787 37.26396666446471 2.7
    endloop
  endfacet
  facet normal 0.923879532511284 -0.38268343236509667 0
    outer loop
      vertex 8.790673326026338 37.475 5.2
      vertex 8.703260456334787 37.26396666446471 2.7
      vertex 8.790673326026338 37.475 2.7
    endloop
  endfacet
  facet normal 0.7933533402912374 -0.6087614290087178 0
    outer loop
      vertex 8.790673326026338 37.475 5.2
      vertex 8.790673326026338 37.475 2.7
      vertex 8.957537879754124 37.69246212024588 2.7
    endloop
  endfacet
  facet normal 0.6087614290086973 -0.793353340291253 0
    outer loop
      vertex 8.957537879754124 37.69246212024588 5.2
      vertex 8.957537879754124 37.69246212024588 2.7
      vertex 8.99378156646177 37.72027287920051 2.7
    endloop
  endfacet
  facet normal -0.13052619222003492 0.9914448613738126 -2.8881702615712306e-18
    outer loop
      vertex 9.971759997357646 35.93577788239648 2.2
      vertex 9.7 35.900000000000006 2.2
      vertex 9.7 35.900000000000006 2.7
    endloop
  endfacet
  facet normal -0.13052619222004494 0.9914448613738113 -5.543897919030295e-15
    outer loop
      vertex 9.926466664464705 35.92981490199707 2.7
      vertex 9.971759997357646 35.93577788239648 2.2
      vertex 9.7 35.900000000000006 2.7
    endloop
  endfacet
  facet normal -0.6087614290087168 0.793353340291238 0
    outer loop
      vertex 10.225 36.040673326026344 2.2
      vertex 10.225 36.040673326026344 2.7
      vertex 10.442462120245875 36.20753787975413 2.2
    endloop
  endfacet
  facet normal -0.6087614290087208 0.7933533402912352 -2.6883716989033686e-15
    outer loop
      vertex 10.406218433538228 36.1797271207995 2.7
      vertex 10.442462120245875 36.20753787975413 2.2
      vertex 10.225 36.040673326026344 2.7
    endloop
  endfacet
  facet normal -0.7933533402912426 0.6087614290087109 0
    outer loop
      vertex 10.442462120245875 36.20753787975413 2.2
      vertex 10.442462120245875 36.20753787975413 2.7
      vertex 10.486373844911082 36.264764753503044 2.2
    endloop
  endfacet
  facet normal -0.9238795325112856 0.3826834323650926 0
    outer loop
      vertex 10.60932667397366 36.425000000000004 2.2
      vertex 10.60932667397366 36.425000000000004 2.7
      vertex 10.714222117603521 36.678240002642355 2.2
    endloop
  endfacet
  facet normal -0.9238795325112839 0.3826834323650966 2.402361210739542e-15
    outer loop
      vertex 10.696739543665212 36.636033335535295 2.7
      vertex 10.714222117603521 36.678240002642355 2.2
      vertex 10.60932667397366 36.425000000000004 2.7
    endloop
  endfacet
  facet normal 0.3826834323650991 0.923879532511283 0
    outer loop
      vertex 9.428240002642353 35.93577788239648 5.2
      vertex 9.428240002642353 35.93577788239648 2.7
      vertex 9.174999999999999 36.040673326026344 2.7
    endloop
  endfacet
  facet normal 0.6087614290087168 0.793353340291238 0
    outer loop
      vertex 9.174999999999999 36.040673326026344 5.2
      vertex 9.174999999999999 36.040673326026344 2.7
      vertex 8.957537879754124 36.20753787975413 2.7
    endloop
  endfacet
  facet normal 0.13052619222003492 0.9914448613738127 0
    outer loop
      vertex 9.7 35.900000000000006 5.2
      vertex 9.7 35.900000000000006 2.7
      vertex 9.428240002642353 35.93577788239648 2.7
    endloop
  endfacet
  facet normal -0.13052619222004494 0.9914448613738113 0
    outer loop
      vertex 9.7 35.900000000000006 5.2
      vertex 9.926466664464705 35.92981490199707 2.7
      vertex 9.7 35.900000000000006 2.7
    endloop
  endfacet
  facet normal -0.1305261922199848 0.9914448613738192 0
    outer loop
      vertex 9.971759997357646 35.93577788239648 5.2
      vertex 9.971759997357646 35.93577788239648 2.7
      vertex 9.926466664464705 35.92981490199707 2.7
    endloop
  endfacet
  facet normal -0.3826834323650991 0.923879532511283 0
    outer loop
      vertex 10.225 36.040673326026344 5.2
      vertex 10.225 36.040673326026344 2.7
      vertex 9.971759997357646 35.93577788239648 2.7
    endloop
  endfacet
  facet normal -0.6087614290087207 0.7933533402912352 0
    outer loop
      vertex 10.225 36.040673326026344 5.2
      vertex 10.406218433538228 36.1797271207995 2.7
      vertex 10.225 36.040673326026344 2.7
    endloop
  endfacet
  facet normal -0.6087614290086973 0.793353340291253 0
    outer loop
      vertex 10.442462120245875 36.20753787975413 5.2
      vertex 10.442462120245875 36.20753787975413 2.7
      vertex 10.406218433538228 36.1797271207995 2.7
    endloop
  endfacet
  facet normal -0.7933533402912374 0.6087614290087178 0
    outer loop
      vertex 10.60932667397366 36.425000000000004 5.2
      vertex 10.60932667397366 36.425000000000004 2.7
      vertex 10.442462120245875 36.20753787975413 2.7
    endloop
  endfacet
  facet normal -0.923879532511284 0.38268343236509667 0
    outer loop
      vertex 10.60932667397366 36.425000000000004 5.2
      vertex 10.696739543665212 36.636033335535295 2.7
      vertex 10.60932667397366 36.425000000000004 2.7
    endloop
  endfacet
  facet normal -0.9914448613738103 0.13052619222005318 3.228671475663038e-18
    outer loop
      vertex 10.75 36.95 2.2
      vertex 10.714222117603521 36.678240002642355 2.2
      vertex 10.714222117603521 36.678240002642355 2.7
    endloop
  endfacet
  facet normal -0.9914448613738106 0.13052619222005057 -1.4460106601875642e-15
    outer loop
      vertex 10.744037019600587 36.904706667107064 2.7
      vertex 10.75 36.95 2.2
      vertex 10.714222117603521 36.678240002642355 2.7
    endloop
  endfacet
  facet normal 0.6087614290087208 -0.7933533402912352 -2.6883716989033686e-15
    outer loop
      vertex 8.99378156646177 37.72027287920051 2.7
      vertex 8.957537879754124 37.69246212024588 2.2
      vertex 9.174999999999999 37.85932667397366 2.7
    endloop
  endfacet
  facet normal 0.6087614290087168 -0.793353340291238 -8.090232399106669e-18
    outer loop
      vertex 8.957537879754124 37.69246212024588 2.2
      vertex 9.174999999999999 37.85932667397366 2.2
      vertex 9.174999999999999 37.85932667397366 2.7
    endloop
  endfacet
  facet normal 0.13052619222004494 -0.9914448613738113 -5.543897919030295e-15
    outer loop
      vertex 9.473533335535294 37.970185098002936 2.7
      vertex 9.428240002642353 37.964222117603526 2.2
      vertex 9.7 38 2.7
    endloop
  endfacet
  facet normal 0.13052619222003492 -0.9914448613738126 -2.8881702615712306e-18
    outer loop
      vertex 9.428240002642353 37.964222117603526 2.2
      vertex 9.7 38 2.2
      vertex 9.7 38 2.7
    endloop
  endfacet
  facet normal -0.923879532511294 0.38268343236507235 0
    outer loop
      vertex 10.714222117603521 36.678240002642355 5.2
      vertex 10.714222117603521 36.678240002642355 2.7
      vertex 10.696739543665212 36.636033335535295 2.7
    endloop
  endfacet
  facet normal -0.9914448613738106 0.13052619222005057 0
    outer loop
      vertex 10.714222117603521 36.678240002642355 2.7
      vertex 10.714222117603521 36.678240002642355 5.2
      vertex 10.744037019600587 36.904706667107064 2.7
    endloop
  endfacet
  facet normal -0.9914448613738085 0.13052619222006626 0
    outer loop
      vertex 10.75 36.95 5.2
      vertex 10.75 36.95 2.7
      vertex 10.744037019600587 36.904706667107064 2.7
    endloop
  endfacet
  facet normal -0.9914448613738102 -0.13052619222005318 0
    outer loop
      vertex 10.714222117603521 37.22175999735765 5.2
      vertex 10.714222117603521 37.22175999735765 2.7
      vertex 10.75 36.95 2.7
    endloop
  endfacet
  facet normal 0.6087614290087207 -0.7933533402912352 0
    outer loop
      vertex 9.174999999999999 37.85932667397366 5.2
      vertex 8.99378156646177 37.72027287920051 2.7
      vertex 9.174999999999999 37.85932667397366 2.7
    endloop
  endfacet
  facet normal 0.3826834323650991 -0.923879532511283 0
    outer loop
      vertex 9.174999999999999 37.85932667397366 5.2
      vertex 9.174999999999999 37.85932667397366 2.7
      vertex 9.428240002642353 37.964222117603526 2.7
    endloop
  endfacet
  facet normal 0.1305261922199848 -0.9914448613738192 0
    outer loop
      vertex 9.428240002642353 37.964222117603526 5.2
      vertex 9.428240002642353 37.964222117603526 2.7
      vertex 9.473533335535294 37.970185098002936 2.7
    endloop
  endfacet
  facet normal -0.3826834323650991 -0.923879532511283 0
    outer loop
      vertex 9.971759997357646 37.964222117603526 5.2
      vertex 9.971759997357646 37.964222117603526 2.7
      vertex 10.225 37.85932667397366 2.7
    endloop
  endfacet
  facet normal 0.13052619222004494 -0.9914448613738113 0
    outer loop
      vertex 9.7 38 5.2
      vertex 9.473533335535294 37.970185098002936 2.7
      vertex 9.7 38 2.7
    endloop
  endfacet
  facet normal -0.13052619222003492 -0.9914448613738127 0
    outer loop
      vertex 9.7 38 5.2
      vertex 9.7 38 2.7
      vertex 9.971759997357646 37.964222117603526 2.7
    endloop
  endfacet
  facet normal -0.9238795325112855 -0.38268343236509256 0
    outer loop
      vertex 10.60932667397366 37.475 5.2
      vertex 10.60932667397366 37.475 2.7
      vertex 10.714222117603521 37.22175999735765 2.7
    endloop
  endfacet
  facet normal -0.7933533402912374 -0.6087614290087178 0
    outer loop
      vertex 10.442462120245875 37.69246212024588 5.2
      vertex 10.442462120245875 37.69246212024588 2.7
      vertex 10.60932667397366 37.475 2.7
    endloop
  endfacet
  facet normal -0.6087614290087168 -0.793353340291238 0
    outer loop
      vertex 10.225 37.85932667397366 5.2
      vertex 10.225 37.85932667397366 2.7
      vertex 10.442462120245875 37.69246212024588 2.7
    endloop
  endfacet
  facet normal 0.7933533402912374 0.6087614290087178 -2.3070380800643345e-18
    outer loop
      vertex 8.957537879754124 36.20753787975413 5.2
      vertex 8.790673326026338 36.425000000000004 2.7
      vertex 8.790673326026338 36.425000000000004 5.2
    endloop
  endfacet
  facet normal 0.9238795325112855 0.38268343236509256 1.0910877772562693e-18
    outer loop
      vertex 8.790673326026338 36.425000000000004 5.2
      vertex 8.685777882396478 36.678240002642355 2.7
      vertex 8.685777882396478 36.678240002642355 5.2
    endloop
  endfacet
  facet normal 0.9914448613738102 0.13052619222005318 -6.457342951326076e-19
    outer loop
      vertex 8.685777882396478 36.678240002642355 5.2
      vertex 8.649999999999999 36.95 2.7
      vertex 8.649999999999999 36.95 5.2
    endloop
  endfacet
  facet normal 0.9914448613738102 -0.13052619222005318 2.4092758394864483e-16
    outer loop
      vertex 8.649999999999999 36.95 5.2
      vertex 8.655962980399412 36.99529333289294 2.7
      vertex 8.685777882396478 37.22175999735765 5.2
    endloop
  endfacet
  facet normal 0.9238795325112855 -0.38268343236509256 -4.0042270313178727e-16
    outer loop
      vertex 8.685777882396478 37.22175999735765 5.2
      vertex 8.703260456334787 37.26396666446471 2.7
      vertex 8.790673326026338 37.475 5.2
    endloop
  endfacet
  facet normal 0.7933533402912374 -0.6087614290087178 2.3070380800643345e-18
    outer loop
      vertex 8.790673326026338 37.475 5.2
      vertex 8.957537879754124 37.69246212024588 2.7
      vertex 8.957537879754124 37.69246212024588 5.2
    endloop
  endfacet
  facet normal 0.13052619222003492 0.9914448613738127 0
    outer loop
      vertex 9.428240002642353 35.93577788239648 5.2
      vertex 9.7 35.900000000000006 5.2
      vertex 9.428240002642353 35.93577788239648 2.7
    endloop
  endfacet
  facet normal 0.3826834323650991 0.923879532511283 2.454554361046825e-18
    outer loop
      vertex 9.428240002642353 35.93577788239648 5.2
      vertex 9.174999999999999 36.040673326026344 2.7
      vertex 9.174999999999999 36.040673326026344 5.2
    endloop
  endfacet
  facet normal 0.6087614290087168 0.793353340291238 0
    outer loop
      vertex 8.957537879754124 36.20753787975413 5.2
      vertex 9.174999999999999 36.040673326026344 5.2
      vertex 8.957537879754124 36.20753787975413 2.7
    endloop
  endfacet
  facet normal -0.13052619222003492 0.9914448613738127 9.240369718744898e-16
    outer loop
      vertex 9.7 35.900000000000006 5.2
      vertex 9.971759997357646 35.93577788239648 5.2
      vertex 9.926466664464705 35.92981490199707 2.7
    endloop
  endfacet
  facet normal -0.3826834323650991 0.923879532511283 0
    outer loop
      vertex 9.971759997357646 35.93577788239648 5.2
      vertex 10.225 36.040673326026344 5.2
      vertex 9.971759997357646 35.93577788239648 2.7
    endloop
  endfacet
  facet normal -0.6087614290087168 0.793353340291238 4.470281531519021e-16
    outer loop
      vertex 10.225 36.040673326026344 5.2
      vertex 10.442462120245875 36.20753787975413 5.2
      vertex 10.406218433538228 36.1797271207995 2.7
    endloop
  endfacet
  facet normal -0.7933533402912374 0.6087614290087178 0
    outer loop
      vertex 10.442462120245875 36.20753787975413 5.2
      vertex 10.60932667397366 36.425000000000004 5.2
      vertex 10.442462120245875 36.20753787975413 2.7
    endloop
  endfacet
  facet normal -0.9238795325112855 0.38268343236509256 -4.0073502274384883e-16
    outer loop
      vertex 10.60932667397366 36.425000000000004 5.2
      vertex 10.714222117603521 36.678240002642355 5.2
      vertex 10.696739543665212 36.636033335535295 2.7
    endloop
  endfacet
  facet normal -0.9914448613738102 0.13052619222005318 2.4064511590355573e-16
    outer loop
      vertex 10.714222117603521 36.678240002642355 5.2
      vertex 10.75 36.95 5.2
      vertex 10.744037019600587 36.904706667107064 2.7
    endloop
  endfacet
  facet normal -0.9238795325112855 -0.38268343236509256 0
    outer loop
      vertex 10.714222117603521 37.22175999735765 5.2
      vertex 10.60932667397366 37.475 5.2
      vertex 10.714222117603521 37.22175999735765 2.7
    endloop
  endfacet
  facet normal -0.9914448613738102 -0.13052619222005318 0
    outer loop
      vertex 10.75 36.95 5.2
      vertex 10.714222117603521 37.22175999735765 5.2
      vertex 10.75 36.95 2.7
    endloop
  endfacet
  facet normal 0.6087614290087168 -0.793353340291238 4.473239752951752e-16
    outer loop
      vertex 8.957537879754124 37.69246212024588 5.2
      vertex 8.99378156646177 37.72027287920051 2.7
      vertex 9.174999999999999 37.85932667397366 5.2
    endloop
  endfacet
  facet normal 0.3826834323650991 -0.923879532511283 -2.454554361046825e-18
    outer loop
      vertex 9.174999999999999 37.85932667397366 5.2
      vertex 9.428240002642353 37.964222117603526 2.7
      vertex 9.428240002642353 37.964222117603526 5.2
    endloop
  endfacet
  facet normal 0.13052619222003492 -0.9914448613738127 9.238337258739995e-16
    outer loop
      vertex 9.428240002642353 37.964222117603526 5.2
      vertex 9.473533335535294 37.970185098002936 2.7
      vertex 9.7 38 5.2
    endloop
  endfacet
  facet normal -0.13052619222003492 -0.9914448613738127 0
    outer loop
      vertex 9.971759997357646 37.964222117603526 5.2
      vertex 9.7 38 5.2
      vertex 9.971759997357646 37.964222117603526 2.7
    endloop
  endfacet
  facet normal -0.7933533402912374 -0.6087614290087178 0
    outer loop
      vertex 10.60932667397366 37.475 5.2
      vertex 10.442462120245875 37.69246212024588 5.2
      vertex 10.60932667397366 37.475 2.7
    endloop
  endfacet
  facet normal -0.6087614290087168 -0.793353340291238 0
    outer loop
      vertex 10.442462120245875 37.69246212024588 5.2
      vertex 10.225 37.85932667397366 5.2
      vertex 10.442462120245875 37.69246212024588 2.7
    endloop
  endfacet
  facet normal -0.3826834323650991 -0.923879532511283 2.454554361046825e-18
    outer loop
      vertex 9.971759997357646 37.964222117603526 5.2
      vertex 10.225 37.85932667397366 2.7
      vertex 10.225 37.85932667397366 5.2
    endloop
  endfacet
  facet normal 0.6087614290087302 0.7933533402912277 0
    outer loop
      vertex 67.175 13.040673326026338 5.2
      vertex 67.175 13.040673326026338 2.7
      vertex 66.95753787975413 13.207537879754124 2.7
    endloop
  endfacet
  facet normal 0.3826834323650834 0.9238795325112893 0
    outer loop
      vertex 67.42824000264235 12.935777882396478 5.2
      vertex 67.42824000264235 12.935777882396478 2.7
      vertex 67.175 13.040673326026338 2.7
    endloop
  endfacet
  facet normal 0.9238795325112921 0.38268343236507696 0
    outer loop
      vertex 66.79067332602634 13.424999999999999 5.2
      vertex 66.79067332602634 13.424999999999999 2.7
      vertex 66.68577788239648 13.678240002642353 2.7
    endloop
  endfacet
  facet normal 0.7933533402912256 0.6087614290087331 0
    outer loop
      vertex 66.95753787975413 13.207537879754124 5.2
      vertex 66.95753787975413 13.207537879754124 2.7
      vertex 66.79067332602634 13.424999999999999 2.7
    endloop
  endfacet
  facet normal 0.9914448613738127 0.13052619222003492 0
    outer loop
      vertex 66.68577788239648 13.678240002642353 5.2
      vertex 66.68577788239648 13.678240002642353 2.7
      vertex 66.65 13.95 2.7
    endloop
  endfacet
  facet normal 0.9914448613738127 -0.13052619222003492 0
    outer loop
      vertex 66.65 13.95 5.2
      vertex 66.65 13.95 2.7
      vertex 66.68577788239648 14.221759997357646 2.7
    endloop
  endfacet
  facet normal 0.9238795325112921 -0.38268343236507696 0
    outer loop
      vertex 66.68577788239648 14.221759997357646 5.2
      vertex 66.68577788239648 14.221759997357646 2.7
      vertex 66.79067332602634 14.475 2.7
    endloop
  endfacet
  facet normal 0.7933533402912202 -0.6087614290087403 4.9429917106225114e-15
    outer loop
      vertex 66.81848408498097 14.511243686707646 2.7
      vertex 66.79067332602634 14.475 2.2
      vertex 66.95753787975413 14.692462120245875 2.7
    endloop
  endfacet
  facet normal 0.7933533402912256 -0.6087614290087331 -2.4230340057125013e-17
    outer loop
      vertex 66.79067332602634 14.475 2.2
      vertex 66.95753787975413 14.692462120245875 2.2
      vertex 66.95753787975413 14.692462120245875 2.7
    endloop
  endfacet
  facet normal 0.6087614290087303 -0.7933533402912278 1.815230781684974e-17
    outer loop
      vertex 66.95753787975413 14.692462120245875 2.2
      vertex 67.175 14.85932667397366 2.2
      vertex 67.175 14.85932667397366 2.7
    endloop
  endfacet
  facet normal 0.6087614290087395 -0.7933533402912207 -6.360761800878332e-15
    outer loop
      vertex 66.99378156646178 14.720272879200506 2.7
      vertex 66.95753787975413 14.692462120245875 2.2
      vertex 67.175 14.85932667397366 2.7
    endloop
  endfacet
  facet normal 0.793353340291253 -0.6087614290086973 0
    outer loop
      vertex 66.79067332602634 14.475 5.2
      vertex 66.79067332602634 14.475 2.7
      vertex 66.81848408498097 14.511243686707646 2.7
    endloop
  endfacet
  facet normal 0.7933533402912202 -0.6087614290087403 0
    outer loop
      vertex 66.95753787975413 14.692462120245875 5.2
      vertex 66.81848408498097 14.511243686707646 2.7
      vertex 66.95753787975413 14.692462120245875 2.7
    endloop
  endfacet
  facet normal 0.6087614290086842 -0.793353340291263 0
    outer loop
      vertex 66.95753787975413 14.692462120245875 5.2
      vertex 66.95753787975413 14.692462120245875 2.7
      vertex 66.99378156646178 14.720272879200506 2.7
    endloop
  endfacet
  facet normal 0.6087614290087395 -0.7933533402912207 0
    outer loop
      vertex 67.175 14.85932667397366 5.2
      vertex 66.99378156646178 14.720272879200506 2.7
      vertex 67.175 14.85932667397366 2.7
    endloop
  endfacet
  facet normal 0.3826834323650834 -0.9238795325112893 0
    outer loop
      vertex 67.175 14.85932667397366 5.2
      vertex 67.175 14.85932667397366 2.7
      vertex 67.42824000264235 14.964222117603521 2.7
    endloop
  endfacet
  facet normal -0.6087614290087303 0.7933533402912278 0
    outer loop
      vertex 68.22500000000001 13.040673326026338 2.2
      vertex 68.22500000000001 13.040673326026338 2.7
      vertex 68.44246212024588 13.207537879754124 2.2
    endloop
  endfacet
  facet normal -0.7933533402912256 0.6087614290087331 -2.4230340057125013e-17
    outer loop
      vertex 68.60932667397367 13.424999999999999 2.2
      vertex 68.44246212024588 13.207537879754124 2.2
      vertex 68.44246212024588 13.207537879754124 2.7
    endloop
  endfacet
  facet normal -0.6087614290087395 0.7933533402912207 -6.360761800878332e-15
    outer loop
      vertex 68.40621843353823 13.179727120799493 2.7
      vertex 68.44246212024588 13.207537879754124 2.2
      vertex 68.22500000000001 13.040673326026338 2.7
    endloop
  endfacet
  facet normal -0.7933533402912202 0.6087614290087403 4.9429917106225114e-15
    outer loop
      vertex 68.58151591501904 13.388756313292353 2.7
      vertex 68.60932667397367 13.424999999999999 2.2
      vertex 68.44246212024588 13.207537879754124 2.7
    endloop
  endfacet
  facet normal -0.9914448613738126 0.13052619222003492 -2.8881702615712306e-18
    outer loop
      vertex 68.75 13.95 2.2
      vertex 68.71422211760353 13.678240002642353 2.2
      vertex 68.71422211760353 13.678240002642353 2.7
    endloop
  endfacet
  facet normal -0.9914448613738153 0.13052619222001435 -1.1364072321089963e-14
    outer loop
      vertex 68.75 13.95 2.2
      vertex 68.71422211760353 13.678240002642353 2.7
      vertex 68.74403701960058 13.904706667107058 2.7
    endloop
  endfacet
  facet normal 0.13052619222005318 0.9914448613738102 0
    outer loop
      vertex 67.7 12.899999999999999 5.2
      vertex 67.7 12.899999999999999 2.7
      vertex 67.42824000264235 12.935777882396478 2.7
    endloop
  endfacet
  facet normal -0.13052619222005318 0.9914448613738102 0
    outer loop
      vertex 67.97175999735765 12.935777882396478 5.2
      vertex 67.97175999735765 12.935777882396478 2.7
      vertex 67.7 12.899999999999999 2.7
    endloop
  endfacet
  facet normal -0.3826834323650834 0.9238795325112893 0
    outer loop
      vertex 68.22500000000001 13.040673326026338 5.2
      vertex 68.22500000000001 13.040673326026338 2.7
      vertex 67.97175999735765 12.935777882396478 2.7
    endloop
  endfacet
  facet normal -0.6087614290087395 0.7933533402912207 0
    outer loop
      vertex 68.22500000000001 13.040673326026338 5.2
      vertex 68.40621843353823 13.179727120799493 2.7
      vertex 68.22500000000001 13.040673326026338 2.7
    endloop
  endfacet
  facet normal -0.6087614290086842 0.793353340291263 0
    outer loop
      vertex 68.44246212024588 13.207537879754124 5.2
      vertex 68.44246212024588 13.207537879754124 2.7
      vertex 68.40621843353823 13.179727120799493 2.7
    endloop
  endfacet
  facet normal -0.7933533402912202 0.6087614290087403 0
    outer loop
      vertex 68.44246212024588 13.207537879754124 5.2
      vertex 68.58151591501904 13.388756313292353 2.7
      vertex 68.44246212024588 13.207537879754124 2.7
    endloop
  endfacet
  facet normal -0.793353340291253 0.6087614290086973 0
    outer loop
      vertex 68.60932667397367 13.424999999999999 5.2
      vertex 68.60932667397367 13.424999999999999 2.7
      vertex 68.58151591501904 13.388756313292353 2.7
    endloop
  endfacet
  facet normal -0.9238795325112921 0.38268343236507696 0
    outer loop
      vertex 68.71422211760353 13.678240002642353 5.2
      vertex 68.71422211760353 13.678240002642353 2.7
      vertex 68.60932667397367 13.424999999999999 2.7
    endloop
  endfacet
  facet normal -0.9914448613738153 0.13052619222001435 0
    outer loop
      vertex 68.71422211760353 13.678240002642353 2.7
      vertex 68.71422211760353 13.678240002642353 5.2
      vertex 68.74403701960058 13.904706667107058 2.7
    endloop
  endfacet
  facet normal -0.9914448613737991 0.13052619222013767 0
    outer loop
      vertex 68.75 13.95 5.2
      vertex 68.75 13.95 2.7
      vertex 68.74403701960058 13.904706667107058 2.7
    endloop
  endfacet
  facet normal -0.9914448613738127 -0.13052619222003492 0
    outer loop
      vertex 68.71422211760353 14.221759997357646 5.2
      vertex 68.71422211760353 14.221759997357646 2.7
      vertex 68.75 13.95 2.7
    endloop
  endfacet
  facet normal -0.7933533402912256 -0.6087614290087331 0
    outer loop
      vertex 68.44246212024588 14.692462120245875 5.2
      vertex 68.44246212024588 14.692462120245875 2.7
      vertex 68.60932667397367 14.475 2.7
    endloop
  endfacet
  facet normal 0.13052619222005318 -0.9914448613738102 0
    outer loop
      vertex 67.42824000264235 14.964222117603521 5.2
      vertex 67.42824000264235 14.964222117603521 2.7
      vertex 67.7 15 2.7
    endloop
  endfacet
  facet normal -0.13052619222005318 -0.9914448613738102 0
    outer loop
      vertex 67.7 15 5.2
      vertex 67.7 15 2.7
      vertex 67.97175999735765 14.964222117603521 2.7
    endloop
  endfacet
  facet normal -0.6087614290087302 -0.7933533402912277 0
    outer loop
      vertex 68.22500000000001 14.85932667397366 5.2
      vertex 68.22500000000001 14.85932667397366 2.7
      vertex 68.44246212024588 14.692462120245875 2.7
    endloop
  endfacet
  facet normal -0.3826834323650834 -0.9238795325112893 0
    outer loop
      vertex 67.97175999735765 14.964222117603521 5.2
      vertex 67.97175999735765 14.964222117603521 2.7
      vertex 68.22500000000001 14.85932667397366 2.7
    endloop
  endfacet
  facet normal -0.9238795325112921 -0.38268343236507696 0
    outer loop
      vertex 68.60932667397367 14.475 5.2
      vertex 68.60932667397367 14.475 2.7
      vertex 68.71422211760353 14.221759997357646 2.7
    endloop
  endfacet
  facet normal 0.3826834323650834 0.9238795325112893 1.9727058530284784e-18
    outer loop
      vertex 67.42824000264235 12.935777882396478 5.2
      vertex 67.175 13.040673326026338 2.7
      vertex 67.175 13.040673326026338 5.2
    endloop
  endfacet
  facet normal 0.7933533402912256 0.6087614290087331 0
    outer loop
      vertex 66.79067332602634 13.424999999999999 5.2
      vertex 66.95753787975413 13.207537879754124 5.2
      vertex 66.79067332602634 13.424999999999999 2.7
    endloop
  endfacet
  facet normal 0.6087614290087302 0.7933533402912277 -3.630461563369948e-18
    outer loop
      vertex 67.175 13.040673326026338 5.2
      vertex 66.95753787975413 13.207537879754124 2.7
      vertex 66.95753787975413 13.207537879754124 5.2
    endloop
  endfacet
  facet normal 0.9238795325112921 0.38268343236507696 6.092392692379248e-19
    outer loop
      vertex 66.79067332602634 13.424999999999999 5.2
      vertex 66.68577788239648 13.678240002642353 2.7
      vertex 66.68577788239648 13.678240002642353 5.2
    endloop
  endfacet
  facet normal 0.9914448613738127 0.13052619222003492 5.776340523142462e-19
    outer loop
      vertex 66.68577788239648 13.678240002642353 5.2
      vertex 66.65 13.95 2.7
      vertex 66.65 13.95 5.2
    endloop
  endfacet
  facet normal 0.9914448613738127 -0.13052619222003492 -5.776340523142462e-19
    outer loop
      vertex 66.65 13.95 5.2
      vertex 66.68577788239648 14.221759997357646 2.7
      vertex 66.68577788239648 14.221759997357646 5.2
    endloop
  endfacet
  facet normal 0.9238795325112921 -0.38268343236507696 -6.092392692379248e-19
    outer loop
      vertex 66.68577788239648 14.221759997357646 5.2
      vertex 66.79067332602634 14.475 2.7
      vertex 66.79067332602634 14.475 5.2
    endloop
  endfacet
  facet normal 0.7933533402912256 -0.6087614290087331 -8.233041898390735e-16
    outer loop
      vertex 66.79067332602634 14.475 5.2
      vertex 66.81848408498097 14.511243686707646 2.7
      vertex 66.95753787975413 14.692462120245875 5.2
    endloop
  endfacet
  facet normal 0.6087614290087302 -0.7933533402912277 1.0595661182546942e-15
    outer loop
      vertex 66.95753787975413 14.692462120245875 5.2
      vertex 66.99378156646178 14.720272879200506 2.7
      vertex 67.175 14.85932667397366 5.2
    endloop
  endfacet
  facet normal 0.3826834323650834 -0.9238795325112893 -1.9727058530284784e-18
    outer loop
      vertex 67.175 14.85932667397366 5.2
      vertex 67.42824000264235 14.964222117603521 2.7
      vertex 67.42824000264235 14.964222117603521 5.2
    endloop
  endfacet
  facet normal -0.13052619222005318 0.9914448613738102 0
    outer loop
      vertex 67.7 12.899999999999999 5.2
      vertex 67.97175999735765 12.935777882396478 5.2
      vertex 67.7 12.899999999999999 2.7
    endloop
  endfacet
  facet normal 0.13052619222005318 0.9914448613738102 0
    outer loop
      vertex 67.42824000264235 12.935777882396478 5.2
      vertex 67.7 12.899999999999999 5.2
      vertex 67.42824000264235 12.935777882396478 2.7
    endloop
  endfacet
  facet normal -0.3826834323650834 0.9238795325112893 0
    outer loop
      vertex 67.97175999735765 12.935777882396478 5.2
      vertex 68.22500000000001 13.040673326026338 5.2
      vertex 67.97175999735765 12.935777882396478 2.7
    endloop
  endfacet
  facet normal -0.6087614290087302 0.7933533402912277 1.0617374727295603e-15
    outer loop
      vertex 68.22500000000001 13.040673326026338 5.2
      vertex 68.44246212024588 13.207537879754124 5.2
      vertex 68.40621843353823 13.179727120799493 2.7
    endloop
  endfacet
  facet normal -0.7933533402912256 0.6087614290087331 -8.254462056230839e-16
    outer loop
      vertex 68.44246212024588 13.207537879754124 5.2
      vertex 68.60932667397367 13.424999999999999 5.2
      vertex 68.58151591501904 13.388756313292353 2.7
    endloop
  endfacet
  facet normal -0.9238795325112921 0.38268343236507696 0
    outer loop
      vertex 68.60932667397367 13.424999999999999 5.2
      vertex 68.71422211760353 13.678240002642353 5.2
      vertex 68.60932667397367 13.424999999999999 2.7
    endloop
  endfacet
  facet normal -0.9914448613738127 0.13052619222003492 1.893750853576028e-15
    outer loop
      vertex 68.71422211760353 13.678240002642353 5.2
      vertex 68.75 13.95 5.2
      vertex 68.74403701960058 13.904706667107058 2.7
    endloop
  endfacet
  facet normal -0.9914448613738127 -0.13052619222003492 0
    outer loop
      vertex 68.75 13.95 5.2
      vertex 68.71422211760353 14.221759997357646 5.2
      vertex 68.75 13.95 2.7
    endloop
  endfacet
  facet normal -0.9238795325112921 -0.38268343236507696 0
    outer loop
      vertex 68.71422211760353 14.221759997357646 5.2
      vertex 68.60932667397367 14.475 5.2
      vertex 68.71422211760353 14.221759997357646 2.7
    endloop
  endfacet
  facet normal -0.7933533402912256 -0.6087614290087331 4.8460680114250026e-18
    outer loop
      vertex 68.44246212024588 14.692462120245875 5.2
      vertex 68.60932667397367 14.475 2.7
      vertex 68.60932667397367 14.475 5.2
    endloop
  endfacet
  facet normal 0.13052619222005318 -0.9914448613738102 6.457342951326076e-19
    outer loop
      vertex 67.42824000264235 14.964222117603521 5.2
      vertex 67.7 15 2.7
      vertex 67.7 15 5.2
    endloop
  endfacet
  facet normal -0.13052619222005318 -0.9914448613738102 -6.457342951326076e-19
    outer loop
      vertex 67.7 15 5.2
      vertex 67.97175999735765 14.964222117603521 2.7
      vertex 67.97175999735765 14.964222117603521 5.2
    endloop
  endfacet
  facet normal -0.3826834323650834 -0.9238795325112893 1.9727058530284784e-18
    outer loop
      vertex 67.97175999735765 14.964222117603521 5.2
      vertex 68.22500000000001 14.85932667397366 2.7
      vertex 68.22500000000001 14.85932667397366 5.2
    endloop
  endfacet
  facet normal -0.6087614290087302 -0.7933533402912277 0
    outer loop
      vertex 68.44246212024588 14.692462120245875 5.2
      vertex 68.22500000000001 14.85932667397366 5.2
      vertex 68.44246212024588 14.692462120245875 2.7
    endloop
  endfacet
  facet normal 0.3826834323650945 0.9238795325112849 0
    outer loop
      vertex 67.42824000264235 35.93577788239648 5.2
      vertex 67.42824000264235 35.93577788239648 2.7
      vertex 67.175 36.040673326026344 2.7
    endloop
  endfacet
  facet normal 0.6087614290087262 0.793353340291231 0
    outer loop
      vertex 67.175 36.040673326026344 5.2
      vertex 67.175 36.040673326026344 2.7
      vertex 66.95753787975413 36.20753787975413 2.7
    endloop
  endfacet
  facet normal 0.9238795325112902 0.38268343236508157 0
    outer loop
      vertex 66.79067332602634 36.425000000000004 5.2
      vertex 66.79067332602634 36.425000000000004 2.7
      vertex 66.68577788239648 36.678240002642355 2.7
    endloop
  endfacet
  facet normal 0.793353340291228 0.60876142900873 0
    outer loop
      vertex 66.95753787975413 36.20753787975413 5.2
      vertex 66.95753787975413 36.20753787975413 2.7
      vertex 66.79067332602634 36.425000000000004 2.7
    endloop
  endfacet
  facet normal 0.7933533402912288 -0.608761429008729 -6.834799935956741e-16
    outer loop
      vertex 66.81848408498097 37.511243686707644 2.7
      vertex 66.79067332602634 37.475 2.2
      vertex 66.95753787975413 37.69246212024588 2.7
    endloop
  endfacet
  facet normal 0.7933533402912278 -0.6087614290087299 1.2087474190909082e-17
    outer loop
      vertex 66.79067332602634 37.475 2.2
      vertex 66.95753787975413 37.69246212024588 2.2
      vertex 66.95753787975413 37.69246212024588 2.7
    endloop
  endfacet
  facet normal 0.6087614290087395 -0.7933533402912207 -9.178291146154055e-15
    outer loop
      vertex 66.99378156646178 37.72027287920051 2.7
      vertex 66.95753787975413 37.69246212024588 2.2
      vertex 67.175 37.85932667397366 2.7
    endloop
  endfacet
  facet normal 0.6087614290087262 -0.7933533402912308 -1.578475887067456e-17
    outer loop
      vertex 66.95753787975413 37.69246212024588 2.2
      vertex 67.175 37.85932667397366 2.2
      vertex 67.175 37.85932667397366 2.7
    endloop
  endfacet
  facet normal 0.9914448613738127 0.1305261922200341 0
    outer loop
      vertex 66.68577788239648 36.678240002642355 5.2
      vertex 66.68577788239648 36.678240002642355 2.7
      vertex 66.65 36.95 2.7
    endloop
  endfacet
  facet normal 0.9914448613738127 -0.1305261922200341 0
    outer loop
      vertex 66.65 36.95 5.2
      vertex 66.65 36.95 2.7
      vertex 66.68577788239648 37.22175999735765 2.7
    endloop
  endfacet
  facet normal 0.9238795325112902 -0.38268343236508157 0
    outer loop
      vertex 66.68577788239648 37.22175999735765 5.2
      vertex 66.68577788239648 37.22175999735765 2.7
      vertex 66.79067332602634 37.475 2.7
    endloop
  endfacet
  facet normal 0.7933533402912243 -0.608761429008735 0
    outer loop
      vertex 66.79067332602634 37.475 5.2
      vertex 66.79067332602634 37.475 2.7
      vertex 66.81848408498097 37.511243686707644 2.7
    endloop
  endfacet
  facet normal 0.7933533402912288 -0.6087614290087291 0
    outer loop
      vertex 66.95753787975413 37.69246212024588 5.2
      vertex 66.81848408498097 37.511243686707644 2.7
      vertex 66.95753787975413 37.69246212024588 2.7
    endloop
  endfacet
  facet normal 0.6087614290086598 -0.7933533402912819 0
    outer loop
      vertex 66.95753787975413 37.69246212024588 5.2
      vertex 66.95753787975413 37.69246212024588 2.7
      vertex 66.99378156646178 37.72027287920051 2.7
    endloop
  endfacet
  facet normal 0.6087614290087395 -0.7933533402912207 0
    outer loop
      vertex 67.175 37.85932667397366 5.2
      vertex 66.99378156646178 37.72027287920051 2.7
      vertex 67.175 37.85932667397366 2.7
    endloop
  endfacet
  facet normal 0.3826834323650945 -0.9238795325112849 0
    outer loop
      vertex 67.175 37.85932667397366 5.2
      vertex 67.175 37.85932667397366 2.7
      vertex 67.42824000264235 37.964222117603526 2.7
    endloop
  endfacet
  facet normal -0.6087614290087262 0.7933533402912308 0
    outer loop
      vertex 68.22500000000001 36.040673326026344 2.2
      vertex 68.22500000000001 36.040673326026344 2.7
      vertex 68.44246212024588 36.20753787975413 2.2
    endloop
  endfacet
  facet normal -0.6087614290087395 0.7933533402912207 -9.178291146154055e-15
    outer loop
      vertex 68.40621843353823 36.1797271207995 2.7
      vertex 68.44246212024588 36.20753787975413 2.2
      vertex 68.22500000000001 36.040673326026344 2.7
    endloop
  endfacet
  facet normal -0.7933533402912278 0.6087614290087299 1.2087474190909082e-17
    outer loop
      vertex 68.60932667397367 36.425000000000004 2.2
      vertex 68.44246212024588 36.20753787975413 2.2
      vertex 68.44246212024588 36.20753787975413 2.7
    endloop
  endfacet
  facet normal -0.7933533402912288 0.608761429008729 -6.834799935956741e-16
    outer loop
      vertex 68.58151591501904 36.38875631329236 2.7
      vertex 68.60932667397367 36.425000000000004 2.2
      vertex 68.44246212024588 36.20753787975413 2.7
    endloop
  endfacet
  facet normal 0.1305261922200341 0.9914448613738127 0
    outer loop
      vertex 67.7 35.900000000000006 5.2
      vertex 67.7 35.900000000000006 2.7
      vertex 67.42824000264235 35.93577788239648 2.7
    endloop
  endfacet
  facet normal -0.1305261922200341 0.9914448613738127 0
    outer loop
      vertex 67.97175999735765 35.93577788239648 5.2
      vertex 67.97175999735765 35.93577788239648 2.7
      vertex 67.7 35.900000000000006 2.7
    endloop
  endfacet
  facet normal -0.3826834323650945 0.9238795325112849 0
    outer loop
      vertex 68.22500000000001 36.040673326026344 5.2
      vertex 68.22500000000001 36.040673326026344 2.7
      vertex 67.97175999735765 35.93577788239648 2.7
    endloop
  endfacet
  facet normal -0.6087614290087395 0.7933533402912207 0
    outer loop
      vertex 68.22500000000001 36.040673326026344 5.2
      vertex 68.40621843353823 36.1797271207995 2.7
      vertex 68.22500000000001 36.040673326026344 2.7
    endloop
  endfacet
  facet normal -0.6087614290086598 0.7933533402912819 0
    outer loop
      vertex 68.44246212024588 36.20753787975413 5.2
      vertex 68.44246212024588 36.20753787975413 2.7
      vertex 68.40621843353823 36.1797271207995 2.7
    endloop
  endfacet
  facet normal -0.7933533402912288 0.6087614290087291 0
    outer loop
      vertex 68.44246212024588 36.20753787975413 5.2
      vertex 68.58151591501904 36.38875631329236 2.7
      vertex 68.44246212024588 36.20753787975413 2.7
    endloop
  endfacet
  facet normal -0.7933533402912243 0.608761429008735 0
    outer loop
      vertex 68.60932667397367 36.425000000000004 5.2
      vertex 68.60932667397367 36.425000000000004 2.7
      vertex 68.58151591501904 36.38875631329236 2.7
    endloop
  endfacet
  facet normal -0.9238795325112902 0.38268343236508157 0
    outer loop
      vertex 68.71422211760353 36.678240002642355 5.2
      vertex 68.71422211760353 36.678240002642355 2.7
      vertex 68.60932667397367 36.425000000000004 2.7
    endloop
  endfacet
  facet normal -0.9914448613738127 0.1305261922200341 0
    outer loop
      vertex 68.75 36.95 5.2
      vertex 68.75 36.95 2.7
      vertex 68.71422211760353 36.678240002642355 2.7
    endloop
  endfacet
  facet normal -0.9914448613738127 -0.1305261922200341 0
    outer loop
      vertex 68.71422211760353 37.22175999735765 5.2
      vertex 68.71422211760353 37.22175999735765 2.7
      vertex 68.75 36.95 2.7
    endloop
  endfacet
  facet normal -0.793353340291228 -0.60876142900873 0
    outer loop
      vertex 68.44246212024588 37.69246212024588 5.2
      vertex 68.44246212024588 37.69246212024588 2.7
      vertex 68.60932667397367 37.475 2.7
    endloop
  endfacet
  facet normal 0.1305261922200341 -0.9914448613738127 0
    outer loop
      vertex 67.42824000264235 37.964222117603526 5.2
      vertex 67.42824000264235 37.964222117603526 2.7
      vertex 67.7 38 2.7
    endloop
  endfacet
  facet normal -0.1305261922200341 -0.9914448613738127 0
    outer loop
      vertex 67.7 38 5.2
      vertex 67.7 38 2.7
      vertex 67.97175999735765 37.964222117603526 2.7
    endloop
  endfacet
  facet normal -0.3826834323650945 -0.9238795325112849 0
    outer loop
      vertex 67.97175999735765 37.964222117603526 5.2
      vertex 67.97175999735765 37.964222117603526 2.7
      vertex 68.22500000000001 37.85932667397366 2.7
    endloop
  endfacet
  facet normal -0.6087614290087262 -0.793353340291231 0
    outer loop
      vertex 68.22500000000001 37.85932667397366 5.2
      vertex 68.22500000000001 37.85932667397366 2.7
      vertex 68.44246212024588 37.69246212024588 2.7
    endloop
  endfacet
  facet normal -0.9238795325112902 -0.38268343236508157 0
    outer loop
      vertex 68.60932667397367 37.475 5.2
      vertex 68.60932667397367 37.475 2.7
      vertex 68.71422211760353 37.22175999735765 2.7
    endloop
  endfacet
  facet normal 0.6087614290087262 0.793353340291231 3.156951774134912e-18
    outer loop
      vertex 67.175 36.040673326026344 5.2
      vertex 66.95753787975413 36.20753787975413 2.7
      vertex 66.95753787975413 36.20753787975413 5.2
    endloop
  endfacet
  facet normal 0.3826834323650945 0.9238795325112849 3.6389049210804206e-19
    outer loop
      vertex 67.42824000264235 35.93577788239648 5.2
      vertex 67.175 36.040673326026344 2.7
      vertex 67.175 36.040673326026344 5.2
    endloop
  endfacet
  facet normal 0.793353340291228 0.60876142900873 0
    outer loop
      vertex 66.79067332602634 36.425000000000004 5.2
      vertex 66.95753787975413 36.20753787975413 5.2
      vertex 66.79067332602634 36.425000000000004 2.7
    endloop
  endfacet
  facet normal 0.9238795325112902 0.38268343236508157 -2.363042675473153e-18
    outer loop
      vertex 66.79067332602634 36.425000000000004 5.2
      vertex 66.68577788239648 36.678240002642355 2.7
      vertex 66.68577788239648 36.678240002642355 5.2
    endloop
  endfacet
  facet normal 0.9914448613738127 0.1305261922200341 -1.0337790110238902e-18
    outer loop
      vertex 66.68577788239648 36.678240002642355 5.2
      vertex 66.65 36.95 2.7
      vertex 66.65 36.95 5.2
    endloop
  endfacet
  facet normal 0.9914448613738127 -0.1305261922200341 1.0337790110238902e-18
    outer loop
      vertex 66.65 36.95 5.2
      vertex 66.68577788239648 37.22175999735765 2.7
      vertex 66.68577788239648 37.22175999735765 5.2
    endloop
  endfacet
  facet normal 0.9238795325112902 -0.38268343236508157 2.363042675473153e-18
    outer loop
      vertex 66.68577788239648 37.22175999735765 5.2
      vertex 66.79067332602634 37.475 2.7
      vertex 66.79067332602634 37.475 5.2
    endloop
  endfacet
  facet normal 0.793353340291228 -0.60876142900873 1.132856430341771e-16
    outer loop
      vertex 66.79067332602634 37.475 5.2
      vertex 66.81848408498097 37.511243686707644 2.7
      vertex 66.95753787975413 37.69246212024588 5.2
    endloop
  endfacet
  facet normal 0.6087614290087262 -0.793353340291231 1.5288669312133185e-15
    outer loop
      vertex 66.95753787975413 37.69246212024588 5.2
      vertex 66.99378156646178 37.72027287920051 2.7
      vertex 67.175 37.85932667397366 5.2
    endloop
  endfacet
  facet normal 0.3826834323650945 -0.9238795325112849 -3.6389049210804206e-19
    outer loop
      vertex 67.175 37.85932667397366 5.2
      vertex 67.42824000264235 37.964222117603526 2.7
      vertex 67.42824000264235 37.964222117603526 5.2
    endloop
  endfacet
  facet normal 0.1305261922200341 0.9914448613738127 0
    outer loop
      vertex 67.42824000264235 35.93577788239648 5.2
      vertex 67.7 35.900000000000006 5.2
      vertex 67.42824000264235 35.93577788239648 2.7
    endloop
  endfacet
  facet normal -0.1305261922200341 0.9914448613738127 0
    outer loop
      vertex 67.7 35.900000000000006 5.2
      vertex 67.97175999735765 35.93577788239648 5.2
      vertex 67.7 35.900000000000006 2.7
    endloop
  endfacet
  facet normal -0.3826834323650945 0.9238795325112849 0
    outer loop
      vertex 67.97175999735765 35.93577788239648 5.2
      vertex 68.22500000000001 36.040673326026344 5.2
      vertex 67.97175999735765 35.93577788239648 2.7
    endloop
  endfacet
  facet normal -0.6087614290087262 0.793353340291231 1.5275284875819692e-15
    outer loop
      vertex 68.22500000000001 36.040673326026344 5.2
      vertex 68.44246212024588 36.20753787975413 5.2
      vertex 68.40621843353823 36.1797271207995 2.7
    endloop
  endfacet
  facet normal -0.793353340291228 0.60876142900873 1.12737675189677e-16
    outer loop
      vertex 68.44246212024588 36.20753787975413 5.2
      vertex 68.60932667397367 36.425000000000004 5.2
      vertex 68.58151591501904 36.38875631329236 2.7
    endloop
  endfacet
  facet normal -0.9238795325112902 0.38268343236508157 0
    outer loop
      vertex 68.60932667397367 36.425000000000004 5.2
      vertex 68.71422211760353 36.678240002642355 5.2
      vertex 68.60932667397367 36.425000000000004 2.7
    endloop
  endfacet
  facet normal -0.9914448613738127 0.1305261922200341 0
    outer loop
      vertex 68.71422211760353 36.678240002642355 5.2
      vertex 68.75 36.95 5.2
      vertex 68.71422211760353 36.678240002642355 2.7
    endloop
  endfacet
  facet normal -0.9914448613738127 -0.1305261922200341 0
    outer loop
      vertex 68.75 36.95 5.2
      vertex 68.71422211760353 37.22175999735765 5.2
      vertex 68.75 36.95 2.7
    endloop
  endfacet
  facet normal -0.9238795325112902 -0.38268343236508157 0
    outer loop
      vertex 68.71422211760353 37.22175999735765 5.2
      vertex 68.60932667397367 37.475 5.2
      vertex 68.71422211760353 37.22175999735765 2.7
    endloop
  endfacet
  facet normal -0.793353340291228 -0.60876142900873 -2.4174948381818166e-18
    outer loop
      vertex 68.44246212024588 37.69246212024588 5.2
      vertex 68.60932667397367 37.475 2.7
      vertex 68.60932667397367 37.475 5.2
    endloop
  endfacet
  facet normal -0.6087614290087262 -0.793353340291231 0
    outer loop
      vertex 68.44246212024588 37.69246212024588 5.2
      vertex 68.22500000000001 37.85932667397366 5.2
      vertex 68.44246212024588 37.69246212024588 2.7
    endloop
  endfacet
  facet normal -0.1305261922200341 -0.9914448613738127 0
    outer loop
      vertex 67.97175999735765 37.964222117603526 5.2
      vertex 67.7 38 5.2
      vertex 67.97175999735765 37.964222117603526 2.7
    endloop
  endfacet
  facet normal 0.1305261922200341 -0.9914448613738127 1.0337790110238902e-18
    outer loop
      vertex 67.42824000264235 37.964222117603526 5.2
      vertex 67.7 38 2.7
      vertex 67.7 38 5.2
    endloop
  endfacet
  facet normal -0.3826834323650945 -0.9238795325112849 3.6389049210804206e-19
    outer loop
      vertex 67.97175999735765 37.964222117603526 5.2
      vertex 68.22500000000001 37.85932667397366 2.7
      vertex 68.22500000000001 37.85932667397366 5.2
    endloop
  endfacet
  facet normal -0.29028467725446333 -0.9569403357322085 0
    outer loop
      vertex 89.61472903395162 6.257644158790308 2.2
      vertex 89.61472903395162 6.257644158790308 5.2
      vertex 89.05194970290474 6.428361402466139 2.2
    endloop
  endfacet
  facet normal -0.09801714032956085 -0.9951847266721969 0
    outer loop
      vertex 89.61472903395162 6.257644158790308 2.2
      vertex 90.2 6.199999999999999 5.2
      vertex 89.61472903395162 6.257644158790308 5.2
    endloop
  endfacet
  facet normal -0.8819212643483533 -0.4713967368260007 7.604402631901043e-18
    outer loop
      vertex 87.70559116309236 7.533289300941193 2.2
      vertex 87.42836140246614 8.05194970290473 5.2
      vertex 87.42836140246614 8.05194970290473 2.2
    endloop
  endfacet
  facet normal -0.6343932841636463 -0.7730104533627363 0
    outer loop
      vertex 88.53328930094119 6.705591163092364 2.2
      vertex 88.53328930094119 6.705591163092364 5.2
      vertex 88.07867965644036 7.0786796564403565 2.2
    endloop
  endfacet
  facet normal -0.4713967368259928 -0.8819212643483576 2.7579719970869097e-18
    outer loop
      vertex 88.53328930094119 6.705591163092364 2.2
      vertex 89.05194970290474 6.428361402466139 2.2
      vertex 89.05194970290474 6.428361402466139 5.2
    endloop
  endfacet
  facet normal -0.7730104533627375 -0.6343932841636448 -6.493289461570434e-18
    outer loop
      vertex 88.07867965644036 7.0786796564403565 2.2
      vertex 87.70559116309236 7.533289300941193 5.2
      vertex 87.70559116309236 7.533289300941193 2.2
    endloop
  endfacet
  facet normal -0.9569403357322122 -0.29028467725445145 -3.329226827401984e-18
    outer loop
      vertex 87.42836140246614 8.05194970290473 2.2
      vertex 87.25764415879031 8.614729033951615 5.2
      vertex 87.25764415879031 8.614729033951615 2.2
    endloop
  endfacet
  facet normal -0.9951847266721966 -0.09801714032956384 -1.0461036539618565e-18
    outer loop
      vertex 87.25764415879031 8.614729033951615 2.2
      vertex 87.2 9.2 5.2
      vertex 87.2 9.2 2.2
    endloop
  endfacet
  facet normal -0.9951847266721966 0.09801714032956384 1.0461036539618565e-18
    outer loop
      vertex 87.2 9.2 2.2
      vertex 87.25764415879031 9.785270966048383 5.2
      vertex 87.25764415879031 9.785270966048383 2.2
    endloop
  endfacet
  facet normal -0.9569403357322122 0.29028467725445145 3.329226827401984e-18
    outer loop
      vertex 87.25764415879031 9.785270966048383 2.2
      vertex 87.42836140246614 10.348050297095268 5.2
      vertex 87.42836140246614 10.348050297095268 2.2
    endloop
  endfacet
  facet normal -0.8819212643483537 0.4713967368260001 6.1034525455475845e-18
    outer loop
      vertex 87.42836140246614 10.348050297095268 2.2
      vertex 87.70559116309236 10.866710699058807 5.2
      vertex 87.70559116309236 10.866710699058807 2.2
    endloop
  endfacet
  facet normal -0.7730104533627363 0.6343932841636463 -7.31385217081912e-18
    outer loop
      vertex 87.70559116309236 10.866710699058807 2.2
      vertex 88.07867965644036 11.321320343559641 5.2
      vertex 88.07867965644036 11.321320343559641 2.2
    endloop
  endfacet
  facet normal -0.6343932841636463 0.7730104533627363 0
    outer loop
      vertex 88.07867965644036 11.321320343559641 2.2
      vertex 88.07867965644036 11.321320343559641 5.2
      vertex 88.53328930094119 11.694408836907634 2.2
    endloop
  endfacet
  facet normal -0.471396736825994 0.8819212643483569 0
    outer loop
      vertex 88.53328930094119 11.694408836907634 2.2
      vertex 88.53328930094119 11.694408836907634 5.2
      vertex 89.05194970290474 11.97163859753386 2.2
    endloop
  endfacet
  facet normal -0.29028467725446333 0.9569403357322085 0
    outer loop
      vertex 89.05194970290474 11.97163859753386 2.2
      vertex 89.05194970290474 11.97163859753386 5.2
      vertex 89.61472903395162 12.14235584120969 2.2
    endloop
  endfacet
  facet normal -0.09801714032956085 0.9951847266721969 0
    outer loop
      vertex 89.61472903395162 12.14235584120969 2.2
      vertex 89.61472903395162 12.14235584120969 5.2
      vertex 90.2 12.2 2.2
    endloop
  endfacet
  facet normal -0.8819212643483533 -0.4713967368260007 0
    outer loop
      vertex 87.70559116309236 7.533289300941193 2.2
      vertex 87.70559116309236 7.533289300941193 5.2
      vertex 87.42836140246614 8.05194970290473 5.2
    endloop
  endfacet
  facet normal -0.4713967368259928 -0.8819212643483576 0
    outer loop
      vertex 88.53328930094119 6.705591163092364 2.2
      vertex 89.05194970290474 6.428361402466139 5.2
      vertex 88.53328930094119 6.705591163092364 5.2
    endloop
  endfacet
  facet normal -0.6343932841636463 -0.7730104533627363 0
    outer loop
      vertex 88.07867965644036 7.0786796564403565 2.2
      vertex 88.53328930094119 6.705591163092364 5.2
      vertex 88.07867965644036 7.0786796564403565 5.2
    endloop
  endfacet
  facet normal -0.29028467725446333 -0.9569403357322085 2.246007229497645e-18
    outer loop
      vertex 89.61472903395162 6.257644158790308 5.2
      vertex 89.05194970290474 6.428361402466139 5.2
      vertex 89.05194970290474 6.428361402466139 2.2
    endloop
  endfacet
  facet normal -0.7730104533627375 -0.6343932841636448 0
    outer loop
      vertex 88.07867965644036 7.0786796564403565 2.2
      vertex 88.07867965644036 7.0786796564403565 5.2
      vertex 87.70559116309236 7.533289300941193 5.2
    endloop
  endfacet
  facet normal 0 0 1
    outer loop
      vertex 89.61472903395162 6.257644158790308 5.2
      vertex 89.31611652351683 8.316116523516815 5.2
      vertex 89.05194970290474 6.428361402466139 5.2
    endloop
  endfacet
  facet normal 0 0 1
    outer loop
      vertex 89.61472903395162 6.257644158790308 5.2
      vertex 90.2 6.199999999999999 5.2
      vertex 89.87647619362185 7.992592717138664 5.2
    endloop
  endfacet
  facet normal 0 0 1
    outer loop
      vertex 89.61472903395162 6.257644158790308 5.2
      vertex 89.87647619362185 7.992592717138664 5.2
      vertex 89.575 8.117468245269452 5.2
    endloop
  endfacet
  facet normal 0 0 1
    outer loop
      vertex 89.05194970290474 6.428361402466139 5.2
      vertex 89.31611652351683 8.316116523516815 5.2
      vertex 89.11746824526945 8.575 5.2
    endloop
  endfacet
  facet normal 0 0 1
    outer loop
      vertex 89.61472903395162 6.257644158790308 5.2
      vertex 89.575 8.117468245269452 5.2
      vertex 89.31611652351683 8.316116523516815 5.2
    endloop
  endfacet
  facet normal -0.9569403357322122 -0.29028467725445145 0
    outer loop
      vertex 87.42836140246614 8.05194970290473 2.2
      vertex 87.42836140246614 8.05194970290473 5.2
      vertex 87.25764415879031 8.614729033951615 5.2
    endloop
  endfacet
  facet normal -0.9951847266721966 -0.09801714032956384 0
    outer loop
      vertex 87.25764415879031 8.614729033951615 2.2
      vertex 87.25764415879031 8.614729033951615 5.2
      vertex 87.2 9.2 5.2
    endloop
  endfacet
  facet normal -0.9951847266721966 0.09801714032956384 0
    outer loop
      vertex 87.2 9.2 2.2
      vertex 87.2 9.2 5.2
      vertex 87.25764415879031 9.785270966048383 5.2
    endloop
  endfacet
  facet normal 0 0 1
    outer loop
      vertex 87.70559116309236 7.533289300941193 5.2
      vertex 87.42836140246614 10.348050297095268 5.2
      vertex 87.42836140246614 8.05194970290473 5.2
    endloop
  endfacet
  facet normal 0 0 1
    outer loop
      vertex 87.42836140246614 8.05194970290473 5.2
      vertex 87.25764415879031 9.785270966048383 5.2
      vertex 87.25764415879031 8.614729033951615 5.2
    endloop
  endfacet
  facet normal 0 0 1
    outer loop
      vertex 87.25764415879031 8.614729033951615 5.2
      vertex 87.25764415879031 9.785270966048383 5.2
      vertex 87.2 9.2 5.2
    endloop
  endfacet
  facet normal 0 0 1
    outer loop
      vertex 87.42836140246614 8.05194970290473 5.2
      vertex 87.42836140246614 10.348050297095268 5.2
      vertex 87.25764415879031 9.785270966048383 5.2
    endloop
  endfacet
  facet normal 0 0 1
    outer loop
      vertex 88.53328930094119 6.705591163092364 5.2
      vertex 89.05194970290474 6.428361402466139 5.2
      vertex 88.53328930094119 11.694408836907634 5.2
    endloop
  endfacet
  facet normal 0 0 1
    outer loop
      vertex 88.07867965644036 7.0786796564403565 5.2
      vertex 87.70559116309236 10.866710699058807 5.2
      vertex 87.70559116309236 7.533289300941193 5.2
    endloop
  endfacet
  facet normal 0 0 1
    outer loop
      vertex 88.53328930094119 6.705591163092364 5.2
      vertex 88.07867965644036 11.321320343559641 5.2
      vertex 88.07867965644036 7.0786796564403565 5.2
    endloop
  endfacet
  facet normal 0 0 1
    outer loop
      vertex 89.05194970290474 6.428361402466139 5.2
      vertex 89.11746824526945 8.575 5.2
      vertex 88.99259271713866 8.876476193621848 5.2
    endloop
  endfacet
  facet normal 0 0 1
    outer loop
      vertex 89.05194970290474 6.428361402466139 5.2
      vertex 88.99259271713866 8.876476193621848 5.2
      vertex 88.53328930094119 11.694408836907634 5.2
    endloop
  endfacet
  facet normal -0.9569403357322122 0.29028467725445145 0
    outer loop
      vertex 87.25764415879031 9.785270966048383 2.2
      vertex 87.25764415879031 9.785270966048383 5.2
      vertex 87.42836140246614 10.348050297095268 5.2
    endloop
  endfacet
  facet normal -0.8819212643483537 0.4713967368260001 0
    outer loop
      vertex 87.42836140246614 10.348050297095268 2.2
      vertex 87.42836140246614 10.348050297095268 5.2
      vertex 87.70559116309236 10.866710699058807 5.2
    endloop
  endfacet
  facet normal -0.7730104533627363 0.6343932841636463 0
    outer loop
      vertex 87.70559116309236 10.866710699058807 2.2
      vertex 87.70559116309236 10.866710699058807 5.2
      vertex 88.07867965644036 11.321320343559641 5.2
    endloop
  endfacet
  facet normal 0 0 1
    outer loop
      vertex 87.70559116309236 7.533289300941193 5.2
      vertex 87.70559116309236 10.866710699058807 5.2
      vertex 87.42836140246614 10.348050297095268 5.2
    endloop
  endfacet
  facet normal 0 0 1
    outer loop
      vertex 88.07867965644036 7.0786796564403565 5.2
      vertex 88.07867965644036 11.321320343559641 5.2
      vertex 87.70559116309236 10.866710699058807 5.2
    endloop
  endfacet
  facet normal 0 0 1
    outer loop
      vertex 88.53328930094119 6.705591163092364 5.2
      vertex 88.53328930094119 11.694408836907634 5.2
      vertex 88.07867965644036 11.321320343559641 5.2
    endloop
  endfacet
  facet normal 0 0 1
    outer loop
      vertex 88.99259271713866 8.876476193621848 5.2
      vertex 88.95 9.2 5.2
      vertex 88.53328930094119 11.694408836907634 5.2
    endloop
  endfacet
  facet normal 0 0 1
    outer loop
      vertex 88.95 9.2 5.2
      vertex 88.99259271713866 9.52352380637815 5.2
      vertex 88.53328930094119 11.694408836907634 5.2
    endloop
  endfacet
  facet normal 0 0 1
    outer loop
      vertex 88.99259271713866 9.52352380637815 5.2
      vertex 89.11746824526945 9.825 5.2
      vertex 88.53328930094119 11.694408836907634 5.2
    endloop
  endfacet
  facet normal 0 0 1
    outer loop
      vertex 89.11746824526945 9.825 5.2
      vertex 89.31611652351683 10.083883476483184 5.2
      vertex 89.05194970290474 11.97163859753386 5.2
    endloop
  endfacet
  facet normal 0 0 1
    outer loop
      vertex 89.31611652351683 10.083883476483184 5.2
      vertex 89.575 10.282531754730547 5.2
      vertex 89.05194970290474 11.97163859753386 5.2
    endloop
  endfacet
  facet normal 0 0 1
    outer loop
      vertex 89.575 10.282531754730547 5.2
      vertex 89.87647619362185 10.407407282861335 5.2
      vertex 89.05194970290474 11.97163859753386 5.2
    endloop
  endfacet
  facet normal 0 0 1
    outer loop
      vertex 89.87647619362185 10.407407282861335 5.2
      vertex 90.2 10.45 5.2
      vertex 89.61472903395162 12.14235584120969 5.2
    endloop
  endfacet
  facet normal -0.6343932841636463 0.7730104533627363 0
    outer loop
      vertex 88.53328930094119 11.694408836907634 2.2
      vertex 88.07867965644036 11.321320343559641 5.2
      vertex 88.53328930094119 11.694408836907634 5.2
    endloop
  endfacet
  facet normal -0.471396736825994 0.8819212643483569 0
    outer loop
      vertex 89.05194970290474 11.97163859753386 2.2
      vertex 88.53328930094119 11.694408836907634 5.2
      vertex 89.05194970290474 11.97163859753386 5.2
    endloop
  endfacet
  facet normal -0.29028467725446333 0.9569403357322085 0
    outer loop
      vertex 89.61472903395162 12.14235584120969 2.2
      vertex 89.05194970290474 11.97163859753386 5.2
      vertex 89.61472903395162 12.14235584120969 5.2
    endloop
  endfacet
  facet normal 0 0 1
    outer loop
      vertex 89.11746824526945 9.825 5.2
      vertex 89.05194970290474 11.97163859753386 5.2
      vertex 88.53328930094119 11.694408836907634 5.2
    endloop
  endfacet
  facet normal 0 0 1
    outer loop
      vertex 89.87647619362185 10.407407282861335 5.2
      vertex 89.61472903395162 12.14235584120969 5.2
      vertex 89.05194970290474 11.97163859753386 5.2
    endloop
  endfacet
  facet normal -0.09801714032956085 -0.9951847266721969 -1.7171893094711184e-18
    outer loop
      vertex 89.61472903395162 6.257644158790308 2.2
      vertex 90.2 6.199999999999999 2.2
      vertex 90.2 6.199999999999999 5.2
    endloop
  endfacet
  facet normal 0.09801714032956085 -0.9951847266721969 1.7171893094711184e-18
    outer loop
      vertex 90.2 6.199999999999999 2.2
      vertex 90.78527096604839 6.257644158790308 2.2
      vertex 90.78527096604839 6.257644158790308 5.2
    endloop
  endfacet
  facet normal 0.09801714032956085 -0.9951847266721969 0
    outer loop
      vertex 90.2 6.199999999999999 2.2
      vertex 90.78527096604839 6.257644158790308 5.2
      vertex 90.2 6.199999999999999 5.2
    endloop
  endfacet
  facet normal 0.29028467725446333 -0.9569403357322085 0
    outer loop
      vertex 90.78527096604839 6.257644158790308 2.2
      vertex 91.34805029709527 6.428361402466139 5.2
      vertex 90.78527096604839 6.257644158790308 5.2
    endloop
  endfacet
  facet normal 0.29028467725446333 -0.9569403357322085 -2.246007229497645e-18
    outer loop
      vertex 90.78527096604839 6.257644158790308 2.2
      vertex 91.34805029709527 6.428361402466139 2.2
      vertex 91.34805029709527 6.428361402466139 5.2
    endloop
  endfacet
  facet normal 0.4713967368259928 -0.8819212643483576 -2.7579719970869097e-18
    outer loop
      vertex 91.34805029709527 6.428361402466139 2.2
      vertex 91.86671069905881 6.705591163092364 2.2
      vertex 91.86671069905881 6.705591163092364 5.2
    endloop
  endfacet
  facet normal 0.6343932841636463 -0.7730104533627363 -7.31385217081912e-18
    outer loop
      vertex 91.86671069905881 6.705591163092364 2.2
      vertex 92.32132034355965 7.0786796564403565 2.2
      vertex 92.32132034355965 7.0786796564403565 5.2
    endloop
  endfacet
  facet normal 0.7730104533627375 -0.6343932841636448 0
    outer loop
      vertex 92.32132034355965 7.0786796564403565 2.2
      vertex 92.69440883690764 7.533289300941193 2.2
      vertex 92.32132034355965 7.0786796564403565 5.2
    endloop
  endfacet
  facet normal 0.8819212643483533 -0.4713967368260007 0
    outer loop
      vertex 92.69440883690764 7.533289300941193 2.2
      vertex 92.97163859753387 8.05194970290473 2.2
      vertex 92.69440883690764 7.533289300941193 5.2
    endloop
  endfacet
  facet normal 0.9569403357322122 -0.29028467725445145 0
    outer loop
      vertex 92.97163859753387 8.05194970290473 2.2
      vertex 93.14235584120969 8.614729033951615 2.2
      vertex 92.97163859753387 8.05194970290473 5.2
    endloop
  endfacet
  facet normal 0.9951847266721966 -0.09801714032956384 0
    outer loop
      vertex 93.14235584120969 8.614729033951615 2.2
      vertex 93.2 9.2 2.2
      vertex 93.14235584120969 8.614729033951615 5.2
    endloop
  endfacet
  facet normal 0.9951847266721966 0.09801714032956384 0
    outer loop
      vertex 93.2 9.2 2.2
      vertex 93.14235584120969 9.785270966048383 2.2
      vertex 93.2 9.2 5.2
    endloop
  endfacet
  facet normal 0.9569403357322122 0.29028467725445145 0
    outer loop
      vertex 93.14235584120969 9.785270966048383 2.2
      vertex 92.97163859753387 10.348050297095268 2.2
      vertex 93.14235584120969 9.785270966048383 5.2
    endloop
  endfacet
  facet normal 0.8819212643483537 0.4713967368260001 0
    outer loop
      vertex 92.97163859753387 10.348050297095268 2.2
      vertex 92.69440883690764 10.866710699058807 2.2
      vertex 92.97163859753387 10.348050297095268 5.2
    endloop
  endfacet
  facet normal 0.7730104533627363 0.6343932841636463 0
    outer loop
      vertex 92.69440883690764 10.866710699058807 2.2
      vertex 92.32132034355965 11.321320343559641 2.2
      vertex 92.69440883690764 10.866710699058807 5.2
    endloop
  endfacet
  facet normal 0.471396736825994 0.8819212643483569 -6.635944136823619e-18
    outer loop
      vertex 91.86671069905881 11.694408836907634 2.2
      vertex 91.34805029709527 11.97163859753386 2.2
      vertex 91.34805029709527 11.97163859753386 5.2
    endloop
  endfacet
  facet normal 0.6343932841636463 0.7730104533627363 0
    outer loop
      vertex 91.86671069905881 11.694408836907634 2.2
      vertex 91.86671069905881 11.694408836907634 5.2
      vertex 92.32132034355965 11.321320343559641 2.2
    endloop
  endfacet
  facet normal 0.09801714032956085 0.9951847266721969 0
    outer loop
      vertex 90.2 12.2 2.2
      vertex 90.2 12.2 5.2
      vertex 90.78527096604839 12.14235584120969 2.2
    endloop
  endfacet
  facet normal 0.29028467725446333 0.9569403357322085 0
    outer loop
      vertex 90.78527096604839 12.14235584120969 2.2
      vertex 90.78527096604839 12.14235584120969 5.2
      vertex 91.34805029709527 11.97163859753386 2.2
    endloop
  endfacet
  facet normal 0.4713967368259928 -0.8819212643483576 0
    outer loop
      vertex 91.34805029709527 6.428361402466139 2.2
      vertex 91.86671069905881 6.705591163092364 5.2
      vertex 91.34805029709527 6.428361402466139 5.2
    endloop
  endfacet
  facet normal 0.6343932841636463 -0.7730104533627363 0
    outer loop
      vertex 91.86671069905881 6.705591163092364 2.2
      vertex 92.32132034355965 7.0786796564403565 5.2
      vertex 91.86671069905881 6.705591163092364 5.2
    endloop
  endfacet
  facet normal 0.7730104533627375 -0.6343932841636448 0
    outer loop
      vertex 92.69440883690764 7.533289300941193 2.2
      vertex 92.69440883690764 7.533289300941193 5.2
      vertex 92.32132034355965 7.0786796564403565 5.2
    endloop
  endfacet
  facet normal 0.8819212643483533 -0.4713967368260007 0
    outer loop
      vertex 92.97163859753387 8.05194970290473 2.2
      vertex 92.97163859753387 8.05194970290473 5.2
      vertex 92.69440883690764 7.533289300941193 5.2
    endloop
  endfacet
  facet normal 0 0 1
    outer loop
      vertex 90.2 6.199999999999999 5.2
      vertex 90.78527096604839 6.257644158790308 5.2
      vertex 90.2 7.949999999999999 5.2
    endloop
  endfacet
  facet normal 0 0 1
    outer loop
      vertex 90.78527096604839 6.257644158790308 5.2
      vertex 91.34805029709527 6.428361402466139 5.2
      vertex 90.52352380637815 7.992592717138664 5.2
    endloop
  endfacet
  facet normal 0 0 1
    outer loop
      vertex 89.87647619362185 7.992592717138664 5.2
      vertex 90.2 6.199999999999999 5.2
      vertex 90.2 7.949999999999999 5.2
    endloop
  endfacet
  facet normal 0 0 1
    outer loop
      vertex 90.78527096604839 6.257644158790308 5.2
      vertex 90.52352380637815 7.992592717138664 5.2
      vertex 90.2 7.949999999999999 5.2
    endloop
  endfacet
  facet normal 0 0 1
    outer loop
      vertex 91.34805029709527 6.428361402466139 5.2
      vertex 90.825 8.117468245269452 5.2
      vertex 90.52352380637815 7.992592717138664 5.2
    endloop
  endfacet
  facet normal 0 0 1
    outer loop
      vertex 91.34805029709527 6.428361402466139 5.2
      vertex 91.86671069905881 6.705591163092364 5.2
      vertex 91.28253175473056 8.575 5.2
    endloop
  endfacet
  facet normal 0 0 1
    outer loop
      vertex 91.34805029709527 6.428361402466139 5.2
      vertex 91.08388347648318 8.316116523516815 5.2
      vertex 90.825 8.117468245269452 5.2
    endloop
  endfacet
  facet normal 0 0 1
    outer loop
      vertex 91.34805029709527 6.428361402466139 5.2
      vertex 91.28253175473056 8.575 5.2
      vertex 91.08388347648318 8.316116523516815 5.2
    endloop
  endfacet
  facet normal 0.9569403357322122 -0.29028467725445145 0
    outer loop
      vertex 93.14235584120969 8.614729033951615 2.2
      vertex 93.14235584120969 8.614729033951615 5.2
      vertex 92.97163859753387 8.05194970290473 5.2
    endloop
  endfacet
  facet normal 0.9951847266721966 -0.09801714032956384 0
    outer loop
      vertex 93.2 9.2 2.2
      vertex 93.2 9.2 5.2
      vertex 93.14235584120969 8.614729033951615 5.2
    endloop
  endfacet
  facet normal 0 0 1
    outer loop
      vertex 91.86671069905881 6.705591163092364 5.2
      vertex 91.40740728286134 8.876476193621848 5.2
      vertex 91.28253175473056 8.575 5.2
    endloop
  endfacet
  facet normal 0 0 1
    outer loop
      vertex 91.86671069905881 6.705591163092364 5.2
      vertex 91.45 9.2 5.2
      vertex 91.40740728286134 8.876476193621848 5.2
    endloop
  endfacet
  facet normal 0 0 1
    outer loop
      vertex 91.86671069905881 6.705591163092364 5.2
      vertex 91.40740728286134 9.52352380637815 5.2
      vertex 91.45 9.2 5.2
    endloop
  endfacet
  facet normal 0 0 1
    outer loop
      vertex 91.86671069905881 6.705591163092364 5.2
      vertex 92.32132034355965 7.0786796564403565 5.2
      vertex 91.86671069905881 11.694408836907634 5.2
    endloop
  endfacet
  facet normal 0 0 1
    outer loop
      vertex 91.86671069905881 6.705591163092364 5.2
      vertex 91.34805029709527 11.97163859753386 5.2
      vertex 91.40740728286134 9.52352380637815 5.2
    endloop
  endfacet
  facet normal 0 0 1
    outer loop
      vertex 92.32132034355965 7.0786796564403565 5.2
      vertex 92.69440883690764 7.533289300941193 5.2
      vertex 92.32132034355965 11.321320343559641 5.2
    endloop
  endfacet
  facet normal 0 0 1
    outer loop
      vertex 92.69440883690764 7.533289300941193 5.2
      vertex 92.97163859753387 8.05194970290473 5.2
      vertex 92.69440883690764 10.866710699058807 5.2
    endloop
  endfacet
  facet normal 0 0 1
    outer loop
      vertex 92.97163859753387 8.05194970290473 5.2
      vertex 93.14235584120969 8.614729033951615 5.2
      vertex 92.97163859753387 10.348050297095268 5.2
    endloop
  endfacet
  facet normal 0 0 1
    outer loop
      vertex 93.14235584120969 8.614729033951615 5.2
      vertex 93.2 9.2 5.2
      vertex 93.14235584120969 9.785270966048383 5.2
    endloop
  endfacet
  facet normal 0.9951847266721966 0.09801714032956384 0
    outer loop
      vertex 93.14235584120969 9.785270966048383 2.2
      vertex 93.14235584120969 9.785270966048383 5.2
      vertex 93.2 9.2 5.2
    endloop
  endfacet
  facet normal 0.9569403357322122 0.29028467725445145 0
    outer loop
      vertex 92.97163859753387 10.348050297095268 2.2
      vertex 92.97163859753387 10.348050297095268 5.2
      vertex 93.14235584120969 9.785270966048383 5.2
    endloop
  endfacet
  facet normal 0.8819212643483537 0.4713967368260001 0
    outer loop
      vertex 92.69440883690764 10.866710699058807 2.2
      vertex 92.69440883690764 10.866710699058807 5.2
      vertex 92.97163859753387 10.348050297095268 5.2
    endloop
  endfacet
  facet normal 0 0 1
    outer loop
      vertex 91.86671069905881 6.705591163092364 5.2
      vertex 91.86671069905881 11.694408836907634 5.2
      vertex 91.34805029709527 11.97163859753386 5.2
    endloop
  endfacet
  facet normal 0 0 1
    outer loop
      vertex 92.32132034355965 7.0786796564403565 5.2
      vertex 92.32132034355965 11.321320343559641 5.2
      vertex 91.86671069905881 11.694408836907634 5.2
    endloop
  endfacet
  facet normal 0 0 1
    outer loop
      vertex 90.2 10.45 5.2
      vertex 90.52352380637815 10.407407282861335 5.2
      vertex 90.2 12.2 5.2
    endloop
  endfacet
  facet normal 0 0 1
    outer loop
      vertex 90.825 10.282531754730547 5.2
      vertex 91.08388347648318 10.083883476483184 5.2
      vertex 90.78527096604839 12.14235584120969 5.2
    endloop
  endfacet
  facet normal 0 0 1
    outer loop
      vertex 90.825 10.282531754730547 5.2
      vertex 90.78527096604839 12.14235584120969 5.2
      vertex 90.52352380637815 10.407407282861335 5.2
    endloop
  endfacet
  facet normal 0 0 1
    outer loop
      vertex 91.40740728286134 9.52352380637815 5.2
      vertex 91.34805029709527 11.97163859753386 5.2
      vertex 91.28253175473056 9.825 5.2
    endloop
  endfacet
  facet normal 0 0 1
    outer loop
      vertex 91.28253175473056 9.825 5.2
      vertex 91.34805029709527 11.97163859753386 5.2
      vertex 91.08388347648318 10.083883476483184 5.2
    endloop
  endfacet
  facet normal 0 0 1
    outer loop
      vertex 92.69440883690764 7.533289300941193 5.2
      vertex 92.69440883690764 10.866710699058807 5.2
      vertex 92.32132034355965 11.321320343559641 5.2
    endloop
  endfacet
  facet normal 0 0 1
    outer loop
      vertex 93.14235584120969 8.614729033951615 5.2
      vertex 93.14235584120969 9.785270966048383 5.2
      vertex 92.97163859753387 10.348050297095268 5.2
    endloop
  endfacet
  facet normal 0 0 1
    outer loop
      vertex 92.97163859753387 8.05194970290473 5.2
      vertex 92.97163859753387 10.348050297095268 5.2
      vertex 92.69440883690764 10.866710699058807 5.2
    endloop
  endfacet
  facet normal 0.6343932841636463 0.7730104533627363 0
    outer loop
      vertex 92.32132034355965 11.321320343559641 2.2
      vertex 91.86671069905881 11.694408836907634 5.2
      vertex 92.32132034355965 11.321320343559641 5.2
    endloop
  endfacet
  facet normal 0.471396736825994 0.8819212643483569 0
    outer loop
      vertex 91.86671069905881 11.694408836907634 2.2
      vertex 91.34805029709527 11.97163859753386 5.2
      vertex 91.86671069905881 11.694408836907634 5.2
    endloop
  endfacet
  facet normal -0.09801714032956085 0.9951847266721969 1.7171893094711184e-18
    outer loop
      vertex 89.61472903395162 12.14235584120969 5.2
      vertex 90.2 12.2 5.2
      vertex 90.2 12.2 2.2
    endloop
  endfacet
  facet normal 0.09801714032956085 0.9951847266721969 0
    outer loop
      vertex 90.78527096604839 12.14235584120969 2.2
      vertex 90.2 12.2 5.2
      vertex 90.78527096604839 12.14235584120969 5.2
    endloop
  endfacet
  facet normal 0.29028467725446333 0.9569403357322085 0
    outer loop
      vertex 91.34805029709527 11.97163859753386 2.2
      vertex 90.78527096604839 12.14235584120969 5.2
      vertex 91.34805029709527 11.97163859753386 5.2
    endloop
  endfacet
  facet normal 0.7730104533627363 0.6343932841636463 0
    outer loop
      vertex 92.32132034355965 11.321320343559641 2.2
      vertex 92.32132034355965 11.321320343559641 5.2
      vertex 92.69440883690764 10.866710699058807 5.2
    endloop
  endfacet
  facet normal 0 0 1
    outer loop
      vertex 89.61472903395162 12.14235584120969 5.2
      vertex 90.2 10.45 5.2
      vertex 90.2 12.2 5.2
    endloop
  endfacet
  facet normal 0 0 1
    outer loop
      vertex 90.52352380637815 10.407407282861335 5.2
      vertex 90.78527096604839 12.14235584120969 5.2
      vertex 90.2 12.2 5.2
    endloop
  endfacet
  facet normal 0 0 1
    outer loop
      vertex 91.08388347648318 10.083883476483184 5.2
      vertex 91.34805029709527 11.97163859753386 5.2
      vertex 90.78527096604839 12.14235584120969 5.2
    endloop
  endfacet
  facet normal -0.29028467725446333 -0.9569403357322085 2.246007229497645e-18
    outer loop
      vertex 89.05194970290474 38.928361402466145 2.2
      vertex 89.61472903395162 38.75764415879031 2.2
      vertex 89.61472903395162 38.75764415879031 5.2
    endloop
  endfacet
  facet normal -0.6343932841636463 -0.7730104533627363 0
    outer loop
      vertex 88.53328930094119 39.205591163092365 2.2
      vertex 88.53328930094119 39.205591163092365 5.2
      vertex 88.07867965644036 39.57867965644036 2.2
    endloop
  endfacet
  facet normal -0.47139673682598693 -0.8819212643483607 0
    outer loop
      vertex 89.05194970290474 38.928361402466145 2.2
      vertex 89.05194970290474 38.928361402466145 5.2
      vertex 88.53328930094119 39.205591163092365 2.2
    endloop
  endfacet
  facet normal -0.881921264348353 -0.47139673682600136 0
    outer loop
      vertex 87.42836140246614 40.551949702904736 2.2
      vertex 87.70559116309236 40.0332893009412 2.2
      vertex 87.42836140246614 40.551949702904736 5.2
    endloop
  endfacet
  facet normal -0.956940335732212 -0.29028467725445234 3.3709615292578775e-18
    outer loop
      vertex 87.42836140246614 40.551949702904736 2.2
      vertex 87.25764415879031 41.11472903395162 5.2
      vertex 87.25764415879031 41.11472903395162 2.2
    endloop
  endfacet
  facet normal -0.7730104533627412 -0.6343932841636404 -7.196089545430235e-19
    outer loop
      vertex 88.07867965644036 39.57867965644036 2.2
      vertex 87.70559116309236 40.0332893009412 5.2
      vertex 87.70559116309236 40.0332893009412 2.2
    endloop
  endfacet
  facet normal -0.9951847266721966 -0.09801714032956384 -1.0461036539618565e-18
    outer loop
      vertex 87.25764415879031 41.11472903395162 2.2
      vertex 87.2 41.7 5.2
      vertex 87.2 41.7 2.2
    endloop
  endfacet
  facet normal -0.9951847266721966 0.09801714032956384 1.0461036539618565e-18
    outer loop
      vertex 87.2 41.7 2.2
      vertex 87.25764415879031 42.28527096604839 5.2
      vertex 87.25764415879031 42.28527096604839 2.2
    endloop
  endfacet
  facet normal -0.956940335732212 0.29028467725445234 -3.3709615292578775e-18
    outer loop
      vertex 87.25764415879031 42.28527096604839 2.2
      vertex 87.42836140246614 42.84805029709527 5.2
      vertex 87.42836140246614 42.84805029709527 2.2
    endloop
  endfacet
  facet normal -0.881921264348353 0.47139673682600136 -5.5805560079510524e-18
    outer loop
      vertex 87.42836140246614 42.84805029709527 2.2
      vertex 87.70559116309236 43.36671069905881 5.2
      vertex 87.70559116309236 43.36671069905881 2.2
    endloop
  endfacet
  facet normal -0.7730104533627412 0.6343932841636404 7.196089545430235e-19
    outer loop
      vertex 87.70559116309236 43.36671069905881 2.2
      vertex 88.07867965644036 43.82132034355965 5.2
      vertex 88.07867965644036 43.82132034355965 2.2
    endloop
  endfacet
  facet normal -0.6343932841636463 0.7730104533627363 0
    outer loop
      vertex 88.07867965644036 43.82132034355965 2.2
      vertex 88.07867965644036 43.82132034355965 5.2
      vertex 88.53328930094119 44.19440883690764 2.2
    endloop
  endfacet
  facet normal -0.47139673682598693 0.8819212643483607 0
    outer loop
      vertex 88.53328930094119 44.19440883690764 2.2
      vertex 88.53328930094119 44.19440883690764 5.2
      vertex 89.05194970290474 44.47163859753386 2.2
    endloop
  endfacet
  facet normal -0.29028467725446333 0.9569403357322085 0
    outer loop
      vertex 89.05194970290474 44.47163859753386 2.2
      vertex 89.05194970290474 44.47163859753386 5.2
      vertex 89.61472903395162 44.64235584120969 2.2
    endloop
  endfacet
  facet normal -0.29028467725446333 -0.9569403357322085 0
    outer loop
      vertex 89.05194970290474 38.928361402466145 2.2
      vertex 89.61472903395162 38.75764415879031 5.2
      vertex 89.05194970290474 38.928361402466145 5.2
    endloop
  endfacet
  facet normal -0.09801714032956384 -0.9951847266721966 0
    outer loop
      vertex 89.61472903395162 38.75764415879031 2.2
      vertex 90.2 38.7 5.2
      vertex 89.61472903395162 38.75764415879031 5.2
    endloop
  endfacet
  facet normal -0.47139673682598693 -0.8819212643483607 0
    outer loop
      vertex 88.53328930094119 39.205591163092365 2.2
      vertex 89.05194970290474 38.928361402466145 5.2
      vertex 88.53328930094119 39.205591163092365 5.2
    endloop
  endfacet
  facet normal -0.6343932841636463 -0.7730104533627363 0
    outer loop
      vertex 88.07867965644036 39.57867965644036 2.2
      vertex 88.53328930094119 39.205591163092365 5.2
      vertex 88.07867965644036 39.57867965644036 5.2
    endloop
  endfacet
  facet normal -0.7730104533627412 -0.6343932841636404 0
    outer loop
      vertex 88.07867965644036 39.57867965644036 2.2
      vertex 88.07867965644036 39.57867965644036 5.2
      vertex 87.70559116309236 40.0332893009412 5.2
    endloop
  endfacet
  facet normal 0 0 1
    outer loop
      vertex 89.61472903395162 38.75764415879031 5.2
      vertex 90.2 38.7 5.2
      vertex 89.87647619362185 40.49259271713867 5.2
    endloop
  endfacet
  facet normal 0 0 1
    outer loop
      vertex 89.05194970290474 38.928361402466145 5.2
      vertex 89.61472903395162 38.75764415879031 5.2
      vertex 89.31611652351683 40.81611652351682 5.2
    endloop
  endfacet
  facet normal -0.881921264348353 -0.47139673682600136 0
    outer loop
      vertex 87.70559116309236 40.0332893009412 2.2
      vertex 87.70559116309236 40.0332893009412 5.2
      vertex 87.42836140246614 40.551949702904736 5.2
    endloop
  endfacet
  facet normal -0.956940335732212 -0.29028467725445234 0
    outer loop
      vertex 87.42836140246614 40.551949702904736 2.2
      vertex 87.42836140246614 40.551949702904736 5.2
      vertex 87.25764415879031 41.11472903395162 5.2
    endloop
  endfacet
  facet normal -0.9951847266721966 -0.09801714032956384 0
    outer loop
      vertex 87.25764415879031 41.11472903395162 2.2
      vertex 87.25764415879031 41.11472903395162 5.2
      vertex 87.2 41.7 5.2
    endloop
  endfacet
  facet normal 0 0 1
    outer loop
      vertex 87.42836140246614 40.551949702904736 5.2
      vertex 87.70559116309236 40.0332893009412 5.2
      vertex 87.42836140246614 42.84805029709527 5.2
    endloop
  endfacet
  facet normal 0 0 1
    outer loop
      vertex 87.42836140246614 40.551949702904736 5.2
      vertex 87.25764415879031 42.28527096604839 5.2
      vertex 87.25764415879031 41.11472903395162 5.2
    endloop
  endfacet
  facet normal 0 0 1
    outer loop
      vertex 89.61472903395162 38.75764415879031 5.2
      vertex 89.87647619362185 40.49259271713867 5.2
      vertex 89.575 40.61746824526946 5.2
    endloop
  endfacet
  facet normal 0 0 1
    outer loop
      vertex 89.61472903395162 38.75764415879031 5.2
      vertex 89.575 40.61746824526946 5.2
      vertex 89.31611652351683 40.81611652351682 5.2
    endloop
  endfacet
  facet normal 0 0 1
    outer loop
      vertex 89.05194970290474 38.928361402466145 5.2
      vertex 89.31611652351683 40.81611652351682 5.2
      vertex 89.11746824526945 41.075 5.2
    endloop
  endfacet
  facet normal 0 0 1
    outer loop
      vertex 89.05194970290474 38.928361402466145 5.2
      vertex 89.11746824526945 41.075 5.2
      vertex 88.99259271713866 41.376476193621855 5.2
    endloop
  endfacet
  facet normal 0 0 1
    outer loop
      vertex 88.53328930094119 39.205591163092365 5.2
      vertex 88.07867965644036 43.82132034355965 5.2
      vertex 88.07867965644036 39.57867965644036 5.2
    endloop
  endfacet
  facet normal 0 0 1
    outer loop
      vertex 89.05194970290474 38.928361402466145 5.2
      vertex 88.53328930094119 44.19440883690764 5.2
      vertex 88.53328930094119 39.205591163092365 5.2
    endloop
  endfacet
  facet normal 0 0 1
    outer loop
      vertex 88.07867965644036 39.57867965644036 5.2
      vertex 87.70559116309236 43.36671069905881 5.2
      vertex 87.70559116309236 40.0332893009412 5.2
    endloop
  endfacet
  facet normal -0.9951847266721966 0.09801714032956384 0
    outer loop
      vertex 87.2 41.7 2.2
      vertex 87.2 41.7 5.2
      vertex 87.25764415879031 42.28527096604839 5.2
    endloop
  endfacet
  facet normal -0.956940335732212 0.29028467725445234 0
    outer loop
      vertex 87.25764415879031 42.28527096604839 2.2
      vertex 87.25764415879031 42.28527096604839 5.2
      vertex 87.42836140246614 42.84805029709527 5.2
    endloop
  endfacet
  facet normal 0 0 1
    outer loop
      vertex 87.25764415879031 41.11472903395162 5.2
      vertex 87.25764415879031 42.28527096604839 5.2
      vertex 87.2 41.7 5.2
    endloop
  endfacet
  facet normal 0 0 1
    outer loop
      vertex 87.42836140246614 40.551949702904736 5.2
      vertex 87.42836140246614 42.84805029709527 5.2
      vertex 87.25764415879031 42.28527096604839 5.2
    endloop
  endfacet
  facet normal 0 0 1
    outer loop
      vertex 87.70559116309236 40.0332893009412 5.2
      vertex 87.70559116309236 43.36671069905881 5.2
      vertex 87.42836140246614 42.84805029709527 5.2
    endloop
  endfacet
  facet normal 0 0 1
    outer loop
      vertex 89.05194970290474 38.928361402466145 5.2
      vertex 88.99259271713866 41.376476193621855 5.2
      vertex 88.53328930094119 44.19440883690764 5.2
    endloop
  endfacet
  facet normal 0 0 1
    outer loop
      vertex 88.07867965644036 39.57867965644036 5.2
      vertex 88.07867965644036 43.82132034355965 5.2
      vertex 87.70559116309236 43.36671069905881 5.2
    endloop
  endfacet
  facet normal 0 0 1
    outer loop
      vertex 88.53328930094119 39.205591163092365 5.2
      vertex 88.53328930094119 44.19440883690764 5.2
      vertex 88.07867965644036 43.82132034355965 5.2
    endloop
  endfacet
  facet normal 0 0 1
    outer loop
      vertex 88.99259271713866 41.376476193621855 5.2
      vertex 88.95 41.7 5.2
      vertex 88.53328930094119 44.19440883690764 5.2
    endloop
  endfacet
  facet normal 0 0 1
    outer loop
      vertex 88.95 41.7 5.2
      vertex 88.99259271713866 42.02352380637815 5.2
      vertex 88.53328930094119 44.19440883690764 5.2
    endloop
  endfacet
  facet normal 0 0 1
    outer loop
      vertex 88.99259271713866 42.02352380637815 5.2
      vertex 89.11746824526945 42.325 5.2
      vertex 88.53328930094119 44.19440883690764 5.2
    endloop
  endfacet
  facet normal -0.881921264348353 0.47139673682600136 0
    outer loop
      vertex 87.42836140246614 42.84805029709527 2.2
      vertex 87.42836140246614 42.84805029709527 5.2
      vertex 87.70559116309236 43.36671069905881 5.2
    endloop
  endfacet
  facet normal -0.7730104533627412 0.6343932841636404 0
    outer loop
      vertex 87.70559116309236 43.36671069905881 2.2
      vertex 87.70559116309236 43.36671069905881 5.2
      vertex 88.07867965644036 43.82132034355965 5.2
    endloop
  endfacet
  facet normal -0.6343932841636463 0.7730104533627363 0
    outer loop
      vertex 88.53328930094119 44.19440883690764 2.2
      vertex 88.07867965644036 43.82132034355965 5.2
      vertex 88.53328930094119 44.19440883690764 5.2
    endloop
  endfacet
  facet normal -0.47139673682598693 0.8819212643483607 0
    outer loop
      vertex 89.05194970290474 44.47163859753386 2.2
      vertex 88.53328930094119 44.19440883690764 5.2
      vertex 89.05194970290474 44.47163859753386 5.2
    endloop
  endfacet
  facet normal 0 0 1
    outer loop
      vertex 89.11746824526945 42.325 5.2
      vertex 89.31611652351683 42.58388347648319 5.2
      vertex 89.05194970290474 44.47163859753386 5.2
    endloop
  endfacet
  facet normal 0 0 1
    outer loop
      vertex 89.31611652351683 42.58388347648319 5.2
      vertex 89.575 42.78253175473055 5.2
      vertex 89.05194970290474 44.47163859753386 5.2
    endloop
  endfacet
  facet normal 0 0 1
    outer loop
      vertex 89.11746824526945 42.325 5.2
      vertex 89.05194970290474 44.47163859753386 5.2
      vertex 88.53328930094119 44.19440883690764 5.2
    endloop
  endfacet
  facet normal 0 0 1
    outer loop
      vertex 89.575 42.78253175473055 5.2
      vertex 89.87647619362185 42.907407282861335 5.2
      vertex 89.05194970290474 44.47163859753386 5.2
    endloop
  endfacet
  facet normal 0 0 1
    outer loop
      vertex 89.87647619362185 42.907407282861335 5.2
      vertex 90.2 42.95 5.2
      vertex 89.61472903395162 44.64235584120969 5.2
    endloop
  endfacet
  facet normal 0 0 1
    outer loop
      vertex 89.87647619362185 42.907407282861335 5.2
      vertex 89.61472903395162 44.64235584120969 5.2
      vertex 89.05194970290474 44.47163859753386 5.2
    endloop
  endfacet
  facet normal -0.09801714032956384 0.9951847266721966 0
    outer loop
      vertex 89.61472903395162 44.64235584120969 2.2
      vertex 89.61472903395162 44.64235584120969 5.2
      vertex 90.2 44.7 2.2
    endloop
  endfacet
  facet normal -0.29028467725446333 0.9569403357322085 -2.246007229497645e-18
    outer loop
      vertex 89.05194970290474 44.47163859753386 5.2
      vertex 89.61472903395162 44.64235584120969 5.2
      vertex 89.61472903395162 44.64235584120969 2.2
    endloop
  endfacet
  facet normal -0.09801714032956384 -0.9951847266721966 -1.0461036539618565e-18
    outer loop
      vertex 89.61472903395162 38.75764415879031 2.2
      vertex 90.2 38.7 2.2
      vertex 90.2 38.7 5.2
    endloop
  endfacet
  facet normal 0.09801714032956384 -0.9951847266721966 1.0461036539618565e-18
    outer loop
      vertex 90.2 38.7 2.2
      vertex 90.78527096604839 38.75764415879031 2.2
      vertex 90.78527096604839 38.75764415879031 5.2
    endloop
  endfacet
  facet normal 0.29028467725446333 -0.9569403357322085 -2.246007229497645e-18
    outer loop
      vertex 90.78527096604839 38.75764415879031 2.2
      vertex 91.34805029709527 38.928361402466145 2.2
      vertex 91.34805029709527 38.928361402466145 5.2
    endloop
  endfacet
  facet normal 0.47139673682598693 -0.8819212643483607 -2.532447262444018e-18
    outer loop
      vertex 91.34805029709527 38.928361402466145 2.2
      vertex 91.86671069905881 39.205591163092365 2.2
      vertex 91.86671069905881 39.205591163092365 5.2
    endloop
  endfacet
  facet normal 0.6343932841636463 -0.7730104533627363 -7.31385217081912e-18
    outer loop
      vertex 91.86671069905881 39.205591163092365 2.2
      vertex 92.32132034355965 39.57867965644036 2.2
      vertex 92.32132034355965 39.57867965644036 5.2
    endloop
  endfacet
  facet normal 0.7730104533627412 -0.6343932841636404 0
    outer loop
      vertex 92.32132034355965 39.57867965644036 2.2
      vertex 92.69440883690764 40.0332893009412 2.2
      vertex 92.32132034355965 39.57867965644036 5.2
    endloop
  endfacet
  facet normal 0.881921264348353 -0.47139673682600136 0
    outer loop
      vertex 92.69440883690764 40.0332893009412 2.2
      vertex 92.97163859753387 40.551949702904736 2.2
      vertex 92.69440883690764 40.0332893009412 5.2
    endloop
  endfacet
  facet normal 0.956940335732212 -0.29028467725445234 0
    outer loop
      vertex 92.97163859753387 40.551949702904736 2.2
      vertex 93.14235584120969 41.11472903395162 2.2
      vertex 92.97163859753387 40.551949702904736 5.2
    endloop
  endfacet
  facet normal 0.9951847266721966 -0.09801714032956384 0
    outer loop
      vertex 93.14235584120969 41.11472903395162 2.2
      vertex 93.2 41.7 2.2
      vertex 93.14235584120969 41.11472903395162 5.2
    endloop
  endfacet
  facet normal 0.9951847266721966 0.09801714032956384 0
    outer loop
      vertex 93.2 41.7 2.2
      vertex 93.14235584120969 42.28527096604839 2.2
      vertex 93.2 41.7 5.2
    endloop
  endfacet
  facet normal 0.956940335732212 0.29028467725445234 0
    outer loop
      vertex 93.14235584120969 42.28527096604839 2.2
      vertex 92.97163859753387 42.84805029709527 2.2
      vertex 93.14235584120969 42.28527096604839 5.2
    endloop
  endfacet
  facet normal 0.6343932841636463 0.7730104533627363 0
    outer loop
      vertex 91.86671069905881 44.19440883690764 2.2
      vertex 91.86671069905881 44.19440883690764 5.2
      vertex 92.32132034355965 43.82132034355965 2.2
    endloop
  endfacet
  facet normal 0.47139673682598693 0.8819212643483607 0
    outer loop
      vertex 91.34805029709527 44.47163859753386 2.2
      vertex 91.34805029709527 44.47163859753386 5.2
      vertex 91.86671069905881 44.19440883690764 2.2
    endloop
  endfacet
  facet normal 0.881921264348353 0.47139673682600136 0
    outer loop
      vertex 92.97163859753387 42.84805029709527 2.2
      vertex 92.69440883690764 43.36671069905881 2.2
      vertex 92.97163859753387 42.84805029709527 5.2
    endloop
  endfacet
  facet normal 0.7730104533627412 0.6343932841636404 0
    outer loop
      vertex 92.69440883690764 43.36671069905881 2.2
      vertex 92.32132034355965 43.82132034355965 2.2
      vertex 92.69440883690764 43.36671069905881 5.2
    endloop
  endfacet
  facet normal 0.09801714032956384 -0.9951847266721966 0
    outer loop
      vertex 90.2 38.7 2.2
      vertex 90.78527096604839 38.75764415879031 5.2
      vertex 90.2 38.7 5.2
    endloop
  endfacet
  facet normal 0.29028467725446333 -0.9569403357322085 0
    outer loop
      vertex 90.78527096604839 38.75764415879031 2.2
      vertex 91.34805029709527 38.928361402466145 5.2
      vertex 90.78527096604839 38.75764415879031 5.2
    endloop
  endfacet
  facet normal 0.47139673682598693 -0.8819212643483607 0
    outer loop
      vertex 91.34805029709527 38.928361402466145 2.2
      vertex 91.86671069905881 39.205591163092365 5.2
      vertex 91.34805029709527 38.928361402466145 5.2
    endloop
  endfacet
  facet normal 0.6343932841636463 -0.7730104533627363 0
    outer loop
      vertex 91.86671069905881 39.205591163092365 2.2
      vertex 92.32132034355965 39.57867965644036 5.2
      vertex 91.86671069905881 39.205591163092365 5.2
    endloop
  endfacet
  facet normal 0 0 1
    outer loop
      vertex 90.2 38.7 5.2
      vertex 90.78527096604839 38.75764415879031 5.2
      vertex 90.2 40.45 5.2
    endloop
  endfacet
  facet normal 0 0 1
    outer loop
      vertex 90.78527096604839 38.75764415879031 5.2
      vertex 91.34805029709527 38.928361402466145 5.2
      vertex 90.52352380637815 40.49259271713867 5.2
    endloop
  endfacet
  facet normal 0 0 1
    outer loop
      vertex 91.34805029709527 38.928361402466145 5.2
      vertex 91.86671069905881 39.205591163092365 5.2
      vertex 91.28253175473056 41.075 5.2
    endloop
  endfacet
  facet normal 0.7730104533627412 -0.6343932841636404 0
    outer loop
      vertex 92.69440883690764 40.0332893009412 2.2
      vertex 92.69440883690764 40.0332893009412 5.2
      vertex 92.32132034355965 39.57867965644036 5.2
    endloop
  endfacet
  facet normal 0.881921264348353 -0.47139673682600136 0
    outer loop
      vertex 92.97163859753387 40.551949702904736 2.2
      vertex 92.97163859753387 40.551949702904736 5.2
      vertex 92.69440883690764 40.0332893009412 5.2
    endloop
  endfacet
  facet normal 0.956940335732212 -0.29028467725445234 0
    outer loop
      vertex 93.14235584120969 41.11472903395162 2.2
      vertex 93.14235584120969 41.11472903395162 5.2
      vertex 92.97163859753387 40.551949702904736 5.2
    endloop
  endfacet
  facet normal 0 0 1
    outer loop
      vertex 89.87647619362185 40.49259271713867 5.2
      vertex 90.2 38.7 5.2
      vertex 90.2 40.45 5.2
    endloop
  endfacet
  facet normal 0 0 1
    outer loop
      vertex 90.78527096604839 38.75764415879031 5.2
      vertex 90.52352380637815 40.49259271713867 5.2
      vertex 90.2 40.45 5.2
    endloop
  endfacet
  facet normal 0 0 1
    outer loop
      vertex 91.34805029709527 38.928361402466145 5.2
      vertex 90.825 40.61746824526946 5.2
      vertex 90.52352380637815 40.49259271713867 5.2
    endloop
  endfacet
  facet normal 0 0 1
    outer loop
      vertex 91.34805029709527 38.928361402466145 5.2
      vertex 91.08388347648318 40.81611652351682 5.2
      vertex 90.825 40.61746824526946 5.2
    endloop
  endfacet
  facet normal 0 0 1
    outer loop
      vertex 91.34805029709527 38.928361402466145 5.2
      vertex 91.28253175473056 41.075 5.2
      vertex 91.08388347648318 40.81611652351682 5.2
    endloop
  endfacet
  facet normal 0 0 1
    outer loop
      vertex 91.86671069905881 39.205591163092365 5.2
      vertex 91.40740728286134 41.376476193621855 5.2
      vertex 91.28253175473056 41.075 5.2
    endloop
  endfacet
  facet normal 0 0 1
    outer loop
      vertex 91.86671069905881 39.205591163092365 5.2
      vertex 91.45 41.7 5.2
      vertex 91.40740728286134 41.376476193621855 5.2
    endloop
  endfacet
  facet normal 0 0 1
    outer loop
      vertex 91.86671069905881 39.205591163092365 5.2
      vertex 91.40740728286134 42.02352380637815 5.2
      vertex 91.45 41.7 5.2
    endloop
  endfacet
  facet normal 0 0 1
    outer loop
      vertex 91.86671069905881 39.205591163092365 5.2
      vertex 92.32132034355965 39.57867965644036 5.2
      vertex 91.86671069905881 44.19440883690764 5.2
    endloop
  endfacet
  facet normal 0 0 1
    outer loop
      vertex 92.32132034355965 39.57867965644036 5.2
      vertex 92.69440883690764 40.0332893009412 5.2
      vertex 92.32132034355965 43.82132034355965 5.2
    endloop
  endfacet
  facet normal 0 0 1
    outer loop
      vertex 92.69440883690764 40.0332893009412 5.2
      vertex 92.97163859753387 40.551949702904736 5.2
      vertex 92.69440883690764 43.36671069905881 5.2
    endloop
  endfacet
  facet normal 0.9951847266721966 -0.09801714032956384 0
    outer loop
      vertex 93.2 41.7 2.2
      vertex 93.2 41.7 5.2
      vertex 93.14235584120969 41.11472903395162 5.2
    endloop
  endfacet
  facet normal 0.9951847266721966 0.09801714032956384 0
    outer loop
      vertex 93.14235584120969 42.28527096604839 2.2
      vertex 93.14235584120969 42.28527096604839 5.2
      vertex 93.2 41.7 5.2
    endloop
  endfacet
  facet normal 0.956940335732212 0.29028467725445234 0
    outer loop
      vertex 92.97163859753387 42.84805029709527 2.2
      vertex 92.97163859753387 42.84805029709527 5.2
      vertex 93.14235584120969 42.28527096604839 5.2
    endloop
  endfacet
  facet normal 0 0 1
    outer loop
      vertex 91.86671069905881 39.205591163092365 5.2
      vertex 91.34805029709527 44.47163859753386 5.2
      vertex 91.40740728286134 42.02352380637815 5.2
    endloop
  endfacet
  facet normal 0 0 1
    outer loop
      vertex 92.32132034355965 39.57867965644036 5.2
      vertex 92.32132034355965 43.82132034355965 5.2
      vertex 91.86671069905881 44.19440883690764 5.2
    endloop
  endfacet
  facet normal 0 0 1
    outer loop
      vertex 91.40740728286134 42.02352380637815 5.2
      vertex 91.34805029709527 44.47163859753386 5.2
      vertex 91.28253175473056 42.325 5.2
    endloop
  endfacet
  facet normal 0 0 1
    outer loop
      vertex 91.86671069905881 39.205591163092365 5.2
      vertex 91.86671069905881 44.19440883690764 5.2
      vertex 91.34805029709527 44.47163859753386 5.2
    endloop
  endfacet
  facet normal 0 0 1
    outer loop
      vertex 92.97163859753387 40.551949702904736 5.2
      vertex 93.14235584120969 41.11472903395162 5.2
      vertex 92.97163859753387 42.84805029709527 5.2
    endloop
  endfacet
  facet normal 0 0 1
    outer loop
      vertex 93.14235584120969 41.11472903395162 5.2
      vertex 93.2 41.7 5.2
      vertex 93.14235584120969 42.28527096604839 5.2
    endloop
  endfacet
  facet normal 0 0 1
    outer loop
      vertex 93.14235584120969 41.11472903395162 5.2
      vertex 93.14235584120969 42.28527096604839 5.2
      vertex 92.97163859753387 42.84805029709527 5.2
    endloop
  endfacet
  facet normal 0 0 1
    outer loop
      vertex 92.69440883690764 40.0332893009412 5.2
      vertex 92.69440883690764 43.36671069905881 5.2
      vertex 92.32132034355965 43.82132034355965 5.2
    endloop
  endfacet
  facet normal 0 0 1
    outer loop
      vertex 92.97163859753387 40.551949702904736 5.2
      vertex 92.97163859753387 42.84805029709527 5.2
      vertex 92.69440883690764 43.36671069905881 5.2
    endloop
  endfacet
  facet normal 0.6343932841636463 0.7730104533627363 0
    outer loop
      vertex 92.32132034355965 43.82132034355965 2.2
      vertex 91.86671069905881 44.19440883690764 5.2
      vertex 92.32132034355965 43.82132034355965 5.2
    endloop
  endfacet
  facet normal 0.29028467725446333 0.9569403357322085 0
    outer loop
      vertex 91.34805029709527 44.47163859753386 2.2
      vertex 90.78527096604839 44.64235584120969 5.2
      vertex 91.34805029709527 44.47163859753386 5.2
    endloop
  endfacet
  facet normal 0.47139673682598693 0.8819212643483607 0
    outer loop
      vertex 91.86671069905881 44.19440883690764 2.2
      vertex 91.34805029709527 44.47163859753386 5.2
      vertex 91.86671069905881 44.19440883690764 5.2
    endloop
  endfacet
  facet normal 0.881921264348353 0.47139673682600136 0
    outer loop
      vertex 92.69440883690764 43.36671069905881 2.2
      vertex 92.69440883690764 43.36671069905881 5.2
      vertex 92.97163859753387 42.84805029709527 5.2
    endloop
  endfacet
  facet normal 0.7730104533627412 0.6343932841636404 0
    outer loop
      vertex 92.32132034355965 43.82132034355965 2.2
      vertex 92.32132034355965 43.82132034355965 5.2
      vertex 92.69440883690764 43.36671069905881 5.2
    endloop
  endfacet
  facet normal 0 0 1
    outer loop
      vertex 90.825 42.78253175473055 5.2
      vertex 91.08388347648318 42.58388347648319 5.2
      vertex 90.78527096604839 44.64235584120969 5.2
    endloop
  endfacet
  facet normal 0 0 1
    outer loop
      vertex 90.52352380637815 42.907407282861335 5.2
      vertex 90.2 44.7 5.2
      vertex 90.2 42.95 5.2
    endloop
  endfacet
  facet normal 0 0 1
    outer loop
      vertex 90.52352380637815 42.907407282861335 5.2
      vertex 90.825 42.78253175473055 5.2
      vertex 90.78527096604839 44.64235584120969 5.2
    endloop
  endfacet
  facet normal 0 0 1
    outer loop
      vertex 91.28253175473056 42.325 5.2
      vertex 91.34805029709527 44.47163859753386 5.2
      vertex 91.08388347648318 42.58388347648319 5.2
    endloop
  endfacet
  facet normal 0 0 1
    outer loop
      vertex 89.61472903395162 44.64235584120969 5.2
      vertex 90.2 42.95 5.2
      vertex 90.2 44.7 5.2
    endloop
  endfacet
  facet normal 0 0 1
    outer loop
      vertex 90.52352380637815 42.907407282861335 5.2
      vertex 90.78527096604839 44.64235584120969 5.2
      vertex 90.2 44.7 5.2
    endloop
  endfacet
  facet normal 0 0 1
    outer loop
      vertex 91.08388347648318 42.58388347648319 5.2
      vertex 91.34805029709527 44.47163859753386 5.2
      vertex 90.78527096604839 44.64235584120969 5.2
    endloop
  endfacet
  facet normal 0.09801714032956384 0.9951847266721966 0
    outer loop
      vertex 90.2 44.7 2.2
      vertex 90.2 44.7 5.2
      vertex 90.78527096604839 44.64235584120969 2.2
    endloop
  endfacet
  facet normal 0.29028467725446333 0.9569403357322085 2.246007229497645e-18
    outer loop
      vertex 91.34805029709527 44.47163859753386 2.2
      vertex 90.78527096604839 44.64235584120969 2.2
      vertex 90.78527096604839 44.64235584120969 5.2
    endloop
  endfacet
  facet normal -0.09801714032956384 0.9951847266721966 1.0461036539618565e-18
    outer loop
      vertex 89.61472903395162 44.64235584120969 5.2
      vertex 90.2 44.7 5.2
      vertex 90.2 44.7 2.2
    endloop
  endfacet
  facet normal 0.09801714032956384 0.9951847266721966 0
    outer loop
      vertex 90.78527096604839 44.64235584120969 2.2
      vertex 90.2 44.7 5.2
      vertex 90.78527096604839 44.64235584120969 5.2
    endloop
  endfacet
  facet normal -0.29028467725447005 -0.9569403357322065 0
    outer loop
      vertex 134.1147290339516 6.257644158790308 2.2
      vertex 134.1147290339516 6.257644158790308 5.2
      vertex 133.55194970290472 6.428361402466139 2.2
    endloop
  endfacet
  facet normal -0.09801714032955848 -0.995184726672197 -1.934433109194875e-18
    outer loop
      vertex 134.1147290339516 6.257644158790308 2.2
      vertex 134.7 6.199999999999999 2.2
      vertex 134.7 6.199999999999999 5.2
    endloop
  endfacet
  facet normal 0.09801714032955848 -0.995184726672197 1.934433109194875e-18
    outer loop
      vertex 134.7 6.199999999999999 2.2
      vertex 135.2852709660484 6.257644158790308 2.2
      vertex 135.2852709660484 6.257644158790308 5.2
    endloop
  endfacet
  facet normal -0.09801714032955848 -0.995184726672197 0
    outer loop
      vertex 134.1147290339516 6.257644158790308 2.2
      vertex 134.7 6.199999999999999 5.2
      vertex 134.1147290339516 6.257644158790308 5.2
    endloop
  endfacet
  facet normal 0.09801714032955848 -0.995184726672197 0
    outer loop
      vertex 134.7 6.199999999999999 2.2
      vertex 135.2852709660484 6.257644158790308 5.2
      vertex 134.7 6.199999999999999 5.2
    endloop
  endfacet
  facet normal 0.29028467725447005 -0.9569403357322065 0
    outer loop
      vertex 135.2852709660484 6.257644158790308 2.2
      vertex 135.84805029709526 6.428361402466139 5.2
      vertex 135.2852709660484 6.257644158790308 5.2
    endloop
  endfacet
  facet normal -0.7730104533627257 -0.6343932841636593 -2.7198517591121336e-18
    outer loop
      vertex 132.57867965644036 7.0786796564403565 2.2
      vertex 132.20559116309235 7.533289300941193 5.2
      vertex 132.20559116309235 7.533289300941193 2.2
    endloop
  endfacet
  facet normal -0.8819212643483533 -0.4713967368260007 7.604402631901043e-18
    outer loop
      vertex 132.20559116309235 7.533289300941193 2.2
      vertex 131.92836140246612 8.05194970290473 5.2
      vertex 131.92836140246612 8.05194970290473 2.2
    endloop
  endfacet
  facet normal -0.47139673682600286 -0.8819212643483523 1.839829616662789e-18
    outer loop
      vertex 133.0332893009412 6.705591163092364 2.2
      vertex 133.55194970290472 6.428361402466139 2.2
      vertex 133.55194970290472 6.428361402466139 5.2
    endloop
  endfacet
  facet normal -0.6343932841636463 -0.7730104533627363 7.31385217081912e-18
    outer loop
      vertex 132.57867965644036 7.0786796564403565 2.2
      vertex 133.0332893009412 6.705591163092364 2.2
      vertex 133.0332893009412 6.705591163092364 5.2
    endloop
  endfacet
  facet normal -0.9569403357322122 -0.29028467725445145 -3.329226827401984e-18
    outer loop
      vertex 131.92836140246612 8.05194970290473 2.2
      vertex 131.7576441587903 8.614729033951615 5.2
      vertex 131.7576441587903 8.614729033951615 2.2
    endloop
  endfacet
  facet normal -0.9951847266721966 -0.09801714032956384 -1.0461036539618565e-18
    outer loop
      vertex 131.7576441587903 8.614729033951615 2.2
      vertex 131.7 9.2 5.2
      vertex 131.7 9.2 2.2
    endloop
  endfacet
  facet normal -0.9951847266721966 0.09801714032956384 1.0461036539618565e-18
    outer loop
      vertex 131.7 9.2 2.2
      vertex 131.7576441587903 9.785270966048383 5.2
      vertex 131.7576441587903 9.785270966048383 2.2
    endloop
  endfacet
  facet normal -0.9569403357322122 0.29028467725445145 3.329226827401984e-18
    outer loop
      vertex 131.7576441587903 9.785270966048383 2.2
      vertex 131.92836140246612 10.348050297095268 5.2
      vertex 131.92836140246612 10.348050297095268 2.2
    endloop
  endfacet
  facet normal -0.8819212643483537 0.4713967368260001 6.1034525455475845e-18
    outer loop
      vertex 131.92836140246612 10.348050297095268 2.2
      vertex 132.20559116309235 10.866710699058807 5.2
      vertex 132.20559116309235 10.866710699058807 2.2
    endloop
  endfacet
  facet normal -0.7730104533627244 0.6343932841636607 4.644411928106942e-18
    outer loop
      vertex 132.20559116309235 10.866710699058807 2.2
      vertex 132.57867965644036 11.321320343559641 5.2
      vertex 132.57867965644036 11.321320343559641 2.2
    endloop
  endfacet
  facet normal -0.6343932841636463 0.7730104533627363 0
    outer loop
      vertex 132.57867965644036 11.321320343559641 2.2
      vertex 132.57867965644036 11.321320343559641 5.2
      vertex 133.0332893009412 11.694408836907634 2.2
    endloop
  endfacet
  facet normal -0.471396736826004 0.8819212643483516 0
    outer loop
      vertex 133.0332893009412 11.694408836907634 2.2
      vertex 133.0332893009412 11.694408836907634 5.2
      vertex 133.55194970290472 11.97163859753386 2.2
    endloop
  endfacet
  facet normal -0.29028467725447005 0.9569403357322065 0
    outer loop
      vertex 133.55194970290472 11.97163859753386 2.2
      vertex 133.55194970290472 11.97163859753386 5.2
      vertex 134.1147290339516 12.14235584120969 2.2
    endloop
  endfacet
  facet normal -0.09801714032955848 0.995184726672197 0
    outer loop
      vertex 134.1147290339516 12.14235584120969 2.2
      vertex 134.1147290339516 12.14235584120969 5.2
      vertex 134.7 12.2 2.2
    endloop
  endfacet
  facet normal 0.09801714032955848 0.995184726672197 0
    outer loop
      vertex 134.7 12.2 2.2
      vertex 134.7 12.2 5.2
      vertex 135.2852709660484 12.14235584120969 2.2
    endloop
  endfacet
  facet normal 0.29028467725447005 -0.9569403357322065 -7.86557777938196e-19
    outer loop
      vertex 135.2852709660484 6.257644158790308 2.2
      vertex 135.84805029709526 6.428361402466139 2.2
      vertex 135.84805029709526 6.428361402466139 5.2
    endloop
  endfacet
  facet normal 0.47139673682600286 -0.8819212643483523 -1.839829616662789e-18
    outer loop
      vertex 135.84805029709526 6.428361402466139 2.2
      vertex 136.36671069905879 6.705591163092364 2.2
      vertex 136.36671069905879 6.705591163092364 5.2
    endloop
  endfacet
  facet normal 0.6343932841636463 -0.7730104533627363 -7.31385217081912e-18
    outer loop
      vertex 136.36671069905879 6.705591163092364 2.2
      vertex 136.82132034355962 7.0786796564403565 2.2
      vertex 136.82132034355962 7.0786796564403565 5.2
    endloop
  endfacet
  facet normal 0.7730104533627257 -0.6343932841636593 0
    outer loop
      vertex 136.82132034355962 7.0786796564403565 2.2
      vertex 137.19440883690763 7.533289300941193 2.2
      vertex 136.82132034355962 7.0786796564403565 5.2
    endloop
  endfacet
  facet normal 0.8819212643483533 -0.4713967368260007 0
    outer loop
      vertex 137.19440883690763 7.533289300941193 2.2
      vertex 137.47163859753385 8.05194970290473 2.2
      vertex 137.19440883690763 7.533289300941193 5.2
    endloop
  endfacet
  facet normal 0.9569403357322122 -0.29028467725445145 0
    outer loop
      vertex 137.47163859753385 8.05194970290473 2.2
      vertex 137.64235584120968 8.614729033951615 2.2
      vertex 137.47163859753385 8.05194970290473 5.2
    endloop
  endfacet
  facet normal 0.9951847266721966 -0.09801714032956384 0
    outer loop
      vertex 137.64235584120968 8.614729033951615 2.2
      vertex 137.7 9.2 2.2
      vertex 137.64235584120968 8.614729033951615 5.2
    endloop
  endfacet
  facet normal 0.9951847266721966 0.09801714032956384 0
    outer loop
      vertex 137.7 9.2 2.2
      vertex 137.64235584120968 9.785270966048383 2.2
      vertex 137.7 9.2 5.2
    endloop
  endfacet
  facet normal 0.7730104533627244 0.6343932841636607 0
    outer loop
      vertex 137.19440883690763 10.866710699058807 2.2
      vertex 136.82132034355962 11.321320343559641 2.2
      vertex 137.19440883690763 10.866710699058807 5.2
    endloop
  endfacet
  facet normal 0.9569403357322122 0.29028467725445145 0
    outer loop
      vertex 137.64235584120968 9.785270966048383 2.2
      vertex 137.47163859753385 10.348050297095268 2.2
      vertex 137.64235584120968 9.785270966048383 5.2
    endloop
  endfacet
  facet normal 0.8819212643483537 0.4713967368260001 0
    outer loop
      vertex 137.47163859753385 10.348050297095268 2.2
      vertex 137.19440883690763 10.866710699058807 2.2
      vertex 137.47163859753385 10.348050297095268 5.2
    endloop
  endfacet
  facet normal 0.471396736826004 0.8819212643483516 -7.554086517240785e-18
    outer loop
      vertex 136.36671069905879 11.694408836907634 2.2
      vertex 135.84805029709526 11.97163859753386 2.2
      vertex 135.84805029709526 11.97163859753386 5.2
    endloop
  endfacet
  facet normal 0.6343932841636463 0.7730104533627363 7.31385217081912e-18
    outer loop
      vertex 136.82132034355962 11.321320343559641 2.2
      vertex 136.36671069905879 11.694408836907634 2.2
      vertex 136.36671069905879 11.694408836907634 5.2
    endloop
  endfacet
  facet normal 0.29028467725447005 0.9569403357322065 0
    outer loop
      vertex 135.2852709660484 12.14235584120969 2.2
      vertex 135.2852709660484 12.14235584120969 5.2
      vertex 135.84805029709526 11.97163859753386 2.2
    endloop
  endfacet
  facet normal -0.7730104533627257 -0.6343932841636593 0
    outer loop
      vertex 132.57867965644036 7.0786796564403565 2.2
      vertex 132.57867965644036 7.0786796564403565 5.2
      vertex 132.20559116309235 7.533289300941193 5.2
    endloop
  endfacet
  facet normal -0.8819212643483533 -0.4713967368260007 0
    outer loop
      vertex 132.20559116309235 7.533289300941193 2.2
      vertex 132.20559116309235 7.533289300941193 5.2
      vertex 131.92836140246612 8.05194970290473 5.2
    endloop
  endfacet
  facet normal -0.47139673682600286 -0.8819212643483523 0
    outer loop
      vertex 133.0332893009412 6.705591163092364 2.2
      vertex 133.55194970290472 6.428361402466139 5.2
      vertex 133.0332893009412 6.705591163092364 5.2
    endloop
  endfacet
  facet normal -0.29028467725447005 -0.9569403357322065 7.86557777938196e-19
    outer loop
      vertex 134.1147290339516 6.257644158790308 5.2
      vertex 133.55194970290472 6.428361402466139 5.2
      vertex 133.55194970290472 6.428361402466139 2.2
    endloop
  endfacet
  facet normal -0.6343932841636463 -0.7730104533627363 0
    outer loop
      vertex 132.57867965644036 7.0786796564403565 2.2
      vertex 133.0332893009412 6.705591163092364 5.2
      vertex 132.57867965644036 7.0786796564403565 5.2
    endloop
  endfacet
  facet normal 0 0 1
    outer loop
      vertex 134.1147290339516 6.257644158790308 5.2
      vertex 133.8161165235168 8.316116523516815 5.2
      vertex 133.55194970290472 6.428361402466139 5.2
    endloop
  endfacet
  facet normal 0 0 1
    outer loop
      vertex 134.1147290339516 6.257644158790308 5.2
      vertex 134.7 6.199999999999999 5.2
      vertex 134.37647619362184 7.992592717138664 5.2
    endloop
  endfacet
  facet normal 0 0 1
    outer loop
      vertex 134.7 6.199999999999999 5.2
      vertex 135.2852709660484 6.257644158790308 5.2
      vertex 134.7 7.949999999999999 5.2
    endloop
  endfacet
  facet normal 0 0 1
    outer loop
      vertex 133.55194970290472 6.428361402466139 5.2
      vertex 133.8161165235168 8.316116523516815 5.2
      vertex 133.61746824526944 8.575 5.2
    endloop
  endfacet
  facet normal 0 0 1
    outer loop
      vertex 134.1147290339516 6.257644158790308 5.2
      vertex 134.37647619362184 7.992592717138664 5.2
      vertex 134.075 8.117468245269452 5.2
    endloop
  endfacet
  facet normal 0 0 1
    outer loop
      vertex 134.7 6.199999999999999 5.2
      vertex 134.7 7.949999999999999 5.2
      vertex 134.37647619362184 7.992592717138664 5.2
    endloop
  endfacet
  facet normal 0 0 1
    outer loop
      vertex 134.1147290339516 6.257644158790308 5.2
      vertex 134.075 8.117468245269452 5.2
      vertex 133.8161165235168 8.316116523516815 5.2
    endloop
  endfacet
  facet normal -0.9569403357322122 -0.29028467725445145 0
    outer loop
      vertex 131.92836140246612 8.05194970290473 2.2
      vertex 131.92836140246612 8.05194970290473 5.2
      vertex 131.7576441587903 8.614729033951615 5.2
    endloop
  endfacet
  facet normal -0.9951847266721966 -0.09801714032956384 0
    outer loop
      vertex 131.7576441587903 8.614729033951615 2.2
      vertex 131.7576441587903 8.614729033951615 5.2
      vertex 131.7 9.2 5.2
    endloop
  endfacet
  facet normal -0.9951847266721966 0.09801714032956384 0
    outer loop
      vertex 131.7 9.2 2.2
      vertex 131.7 9.2 5.2
      vertex 131.7576441587903 9.785270966048383 5.2
    endloop
  endfacet
  facet normal 0 0 1
    outer loop
      vertex 132.20559116309235 7.533289300941193 5.2
      vertex 131.92836140246612 10.348050297095268 5.2
      vertex 131.92836140246612 8.05194970290473 5.2
    endloop
  endfacet
  facet normal 0 0 1
    outer loop
      vertex 132.57867965644036 7.0786796564403565 5.2
      vertex 132.20559116309235 10.866710699058807 5.2
      vertex 132.20559116309235 7.533289300941193 5.2
    endloop
  endfacet
  facet normal 0 0 1
    outer loop
      vertex 131.92836140246612 8.05194970290473 5.2
      vertex 131.7576441587903 9.785270966048383 5.2
      vertex 131.7576441587903 8.614729033951615 5.2
    endloop
  endfacet
  facet normal 0 0 1
    outer loop
      vertex 131.7576441587903 8.614729033951615 5.2
      vertex 131.7576441587903 9.785270966048383 5.2
      vertex 131.7 9.2 5.2
    endloop
  endfacet
  facet normal 0 0 1
    outer loop
      vertex 131.92836140246612 8.05194970290473 5.2
      vertex 131.92836140246612 10.348050297095268 5.2
      vertex 131.7576441587903 9.785270966048383 5.2
    endloop
  endfacet
  facet normal 0 0 1
    outer loop
      vertex 133.0332893009412 6.705591163092364 5.2
      vertex 133.55194970290472 6.428361402466139 5.2
      vertex 133.0332893009412 11.694408836907634 5.2
    endloop
  endfacet
  facet normal 0 0 1
    outer loop
      vertex 133.55194970290472 6.428361402466139 5.2
      vertex 133.61746824526944 8.575 5.2
      vertex 133.49259271713865 8.876476193621848 5.2
    endloop
  endfacet
  facet normal 0 0 1
    outer loop
      vertex 132.57867965644036 7.0786796564403565 5.2
      vertex 133.0332893009412 6.705591163092364 5.2
      vertex 132.57867965644036 11.321320343559641 5.2
    endloop
  endfacet
  facet normal 0 0 1
    outer loop
      vertex 133.55194970290472 6.428361402466139 5.2
      vertex 133.49259271713865 8.876476193621848 5.2
      vertex 133.0332893009412 11.694408836907634 5.2
    endloop
  endfacet
  facet normal -0.9569403357322122 0.29028467725445145 0
    outer loop
      vertex 131.7576441587903 9.785270966048383 2.2
      vertex 131.7576441587903 9.785270966048383 5.2
      vertex 131.92836140246612 10.348050297095268 5.2
    endloop
  endfacet
  facet normal -0.8819212643483537 0.4713967368260001 0
    outer loop
      vertex 131.92836140246612 10.348050297095268 2.2
      vertex 131.92836140246612 10.348050297095268 5.2
      vertex 132.20559116309235 10.866710699058807 5.2
    endloop
  endfacet
  facet normal -0.7730104533627244 0.6343932841636607 0
    outer loop
      vertex 132.20559116309235 10.866710699058807 2.2
      vertex 132.20559116309235 10.866710699058807 5.2
      vertex 132.57867965644036 11.321320343559641 5.2
    endloop
  endfacet
  facet normal 0 0 1
    outer loop
      vertex 132.20559116309235 7.533289300941193 5.2
      vertex 132.20559116309235 10.866710699058807 5.2
      vertex 131.92836140246612 10.348050297095268 5.2
    endloop
  endfacet
  facet normal 0 0 1
    outer loop
      vertex 132.57867965644036 7.0786796564403565 5.2
      vertex 132.57867965644036 11.321320343559641 5.2
      vertex 132.20559116309235 10.866710699058807 5.2
    endloop
  endfacet
  facet normal 0 0 1
    outer loop
      vertex 133.0332893009412 6.705591163092364 5.2
      vertex 133.0332893009412 11.694408836907634 5.2
      vertex 132.57867965644036 11.321320343559641 5.2
    endloop
  endfacet
  facet normal 0 0 1
    outer loop
      vertex 133.49259271713865 8.876476193621848 5.2
      vertex 133.45 9.2 5.2
      vertex 133.0332893009412 11.694408836907634 5.2
    endloop
  endfacet
  facet normal 0 0 1
    outer loop
      vertex 133.45 9.2 5.2
      vertex 133.49259271713865 9.52352380637815 5.2
      vertex 133.0332893009412 11.694408836907634 5.2
    endloop
  endfacet
  facet normal 0 0 1
    outer loop
      vertex 133.49259271713865 9.52352380637815 5.2
      vertex 133.61746824526944 9.825 5.2
      vertex 133.0332893009412 11.694408836907634 5.2
    endloop
  endfacet
  facet normal 0 0 1
    outer loop
      vertex 133.61746824526944 9.825 5.2
      vertex 133.8161165235168 10.083883476483184 5.2
      vertex 133.55194970290472 11.97163859753386 5.2
    endloop
  endfacet
  facet normal 0 0 1
    outer loop
      vertex 133.8161165235168 10.083883476483184 5.2
      vertex 134.075 10.282531754730547 5.2
      vertex 133.55194970290472 11.97163859753386 5.2
    endloop
  endfacet
  facet normal 0 0 1
    outer loop
      vertex 134.075 10.282531754730547 5.2
      vertex 134.37647619362184 10.407407282861335 5.2
      vertex 133.55194970290472 11.97163859753386 5.2
    endloop
  endfacet
  facet normal 0 0 1
    outer loop
      vertex 134.37647619362184 10.407407282861335 5.2
      vertex 134.7 10.45 5.2
      vertex 134.1147290339516 12.14235584120969 5.2
    endloop
  endfacet
  facet normal 0 0 1
    outer loop
      vertex 134.7 10.45 5.2
      vertex 135.02352380637814 10.407407282861335 5.2
      vertex 134.7 12.2 5.2
    endloop
  endfacet
  facet normal -0.6343932841636463 0.7730104533627363 0
    outer loop
      vertex 133.0332893009412 11.694408836907634 2.2
      vertex 132.57867965644036 11.321320343559641 5.2
      vertex 133.0332893009412 11.694408836907634 5.2
    endloop
  endfacet
  facet normal -0.471396736826004 0.8819212643483516 0
    outer loop
      vertex 133.55194970290472 11.97163859753386 2.2
      vertex 133.0332893009412 11.694408836907634 5.2
      vertex 133.55194970290472 11.97163859753386 5.2
    endloop
  endfacet
  facet normal -0.29028467725447005 0.9569403357322065 0
    outer loop
      vertex 134.1147290339516 12.14235584120969 2.2
      vertex 133.55194970290472 11.97163859753386 5.2
      vertex 134.1147290339516 12.14235584120969 5.2
    endloop
  endfacet
  facet normal -0.09801714032955848 0.995184726672197 0
    outer loop
      vertex 134.7 12.2 2.2
      vertex 134.1147290339516 12.14235584120969 5.2
      vertex 134.7 12.2 5.2
    endloop
  endfacet
  facet normal 0 0 1
    outer loop
      vertex 133.61746824526944 9.825 5.2
      vertex 133.55194970290472 11.97163859753386 5.2
      vertex 133.0332893009412 11.694408836907634 5.2
    endloop
  endfacet
  facet normal 0 0 1
    outer loop
      vertex 134.37647619362184 10.407407282861335 5.2
      vertex 134.1147290339516 12.14235584120969 5.2
      vertex 133.55194970290472 11.97163859753386 5.2
    endloop
  endfacet
  facet normal 0 0 1
    outer loop
      vertex 134.7 10.45 5.2
      vertex 134.7 12.2 5.2
      vertex 134.1147290339516 12.14235584120969 5.2
    endloop
  endfacet
  facet normal 0.47139673682600286 -0.8819212643483523 0
    outer loop
      vertex 135.84805029709526 6.428361402466139 2.2
      vertex 136.36671069905879 6.705591163092364 5.2
      vertex 135.84805029709526 6.428361402466139 5.2
    endloop
  endfacet
  facet normal 0.6343932841636463 -0.7730104533627363 0
    outer loop
      vertex 136.36671069905879 6.705591163092364 2.2
      vertex 136.82132034355962 7.0786796564403565 5.2
      vertex 136.36671069905879 6.705591163092364 5.2
    endloop
  endfacet
  facet normal 0.7730104533627257 -0.6343932841636593 0
    outer loop
      vertex 137.19440883690763 7.533289300941193 2.2
      vertex 137.19440883690763 7.533289300941193 5.2
      vertex 136.82132034355962 7.0786796564403565 5.2
    endloop
  endfacet
  facet normal 0.8819212643483533 -0.4713967368260007 0
    outer loop
      vertex 137.47163859753385 8.05194970290473 2.2
      vertex 137.47163859753385 8.05194970290473 5.2
      vertex 137.19440883690763 7.533289300941193 5.2
    endloop
  endfacet
  facet normal 0 0 1
    outer loop
      vertex 135.2852709660484 6.257644158790308 5.2
      vertex 135.84805029709526 6.428361402466139 5.2
      vertex 135.02352380637814 7.992592717138664 5.2
    endloop
  endfacet
  facet normal 0 0 1
    outer loop
      vertex 135.2852709660484 6.257644158790308 5.2
      vertex 135.02352380637814 7.992592717138664 5.2
      vertex 134.7 7.949999999999999 5.2
    endloop
  endfacet
  facet normal 0 0 1
    outer loop
      vertex 135.84805029709526 6.428361402466139 5.2
      vertex 135.325 8.117468245269452 5.2
      vertex 135.02352380637814 7.992592717138664 5.2
    endloop
  endfacet
  facet normal 0 0 1
    outer loop
      vertex 135.84805029709526 6.428361402466139 5.2
      vertex 136.36671069905879 6.705591163092364 5.2
      vertex 135.78253175473054 8.575 5.2
    endloop
  endfacet
  facet normal 0 0 1
    outer loop
      vertex 135.84805029709526 6.428361402466139 5.2
      vertex 135.58388347648318 8.316116523516815 5.2
      vertex 135.325 8.117468245269452 5.2
    endloop
  endfacet
  facet normal 0 0 1
    outer loop
      vertex 135.84805029709526 6.428361402466139 5.2
      vertex 135.78253175473054 8.575 5.2
      vertex 135.58388347648318 8.316116523516815 5.2
    endloop
  endfacet
  facet normal 0.9569403357322122 -0.29028467725445145 0
    outer loop
      vertex 137.64235584120968 8.614729033951615 2.2
      vertex 137.64235584120968 8.614729033951615 5.2
      vertex 137.47163859753385 8.05194970290473 5.2
    endloop
  endfacet
  facet normal 0.9951847266721966 -0.09801714032956384 0
    outer loop
      vertex 137.7 9.2 2.2
      vertex 137.7 9.2 5.2
      vertex 137.64235584120968 8.614729033951615 5.2
    endloop
  endfacet
  facet normal 0 0 1
    outer loop
      vertex 136.36671069905879 6.705591163092364 5.2
      vertex 135.90740728286133 8.876476193621848 5.2
      vertex 135.78253175473054 8.575 5.2
    endloop
  endfacet
  facet normal 0 0 1
    outer loop
      vertex 136.36671069905879 6.705591163092364 5.2
      vertex 135.95 9.2 5.2
      vertex 135.90740728286133 8.876476193621848 5.2
    endloop
  endfacet
  facet normal 0 0 1
    outer loop
      vertex 136.36671069905879 6.705591163092364 5.2
      vertex 135.90740728286133 9.52352380637815 5.2
      vertex 135.95 9.2 5.2
    endloop
  endfacet
  facet normal 0 0 1
    outer loop
      vertex 136.36671069905879 6.705591163092364 5.2
      vertex 136.82132034355962 7.0786796564403565 5.2
      vertex 136.36671069905879 11.694408836907634 5.2
    endloop
  endfacet
  facet normal 0 0 1
    outer loop
      vertex 136.82132034355962 7.0786796564403565 5.2
      vertex 137.19440883690763 7.533289300941193 5.2
      vertex 136.82132034355962 11.321320343559641 5.2
    endloop
  endfacet
  facet normal 0 0 1
    outer loop
      vertex 136.36671069905879 6.705591163092364 5.2
      vertex 135.84805029709526 11.97163859753386 5.2
      vertex 135.90740728286133 9.52352380637815 5.2
    endloop
  endfacet
  facet normal 0 0 1
    outer loop
      vertex 137.19440883690763 7.533289300941193 5.2
      vertex 137.47163859753385 8.05194970290473 5.2
      vertex 137.19440883690763 10.866710699058807 5.2
    endloop
  endfacet
  facet normal 0 0 1
    outer loop
      vertex 137.47163859753385 8.05194970290473 5.2
      vertex 137.64235584120968 8.614729033951615 5.2
      vertex 137.47163859753385 10.348050297095268 5.2
    endloop
  endfacet
  facet normal 0 0 1
    outer loop
      vertex 137.64235584120968 8.614729033951615 5.2
      vertex 137.7 9.2 5.2
      vertex 137.64235584120968 9.785270966048383 5.2
    endloop
  endfacet
  facet normal 0.9951847266721966 0.09801714032956384 0
    outer loop
      vertex 137.64235584120968 9.785270966048383 2.2
      vertex 137.64235584120968 9.785270966048383 5.2
      vertex 137.7 9.2 5.2
    endloop
  endfacet
  facet normal 0.9569403357322122 0.29028467725445145 0
    outer loop
      vertex 137.47163859753385 10.348050297095268 2.2
      vertex 137.47163859753385 10.348050297095268 5.2
      vertex 137.64235584120968 9.785270966048383 5.2
    endloop
  endfacet
  facet normal 0.8819212643483537 0.4713967368260001 0
    outer loop
      vertex 137.19440883690763 10.866710699058807 2.2
      vertex 137.19440883690763 10.866710699058807 5.2
      vertex 137.47163859753385 10.348050297095268 5.2
    endloop
  endfacet
  facet normal 0 0 1
    outer loop
      vertex 137.19440883690763 7.533289300941193 5.2
      vertex 137.19440883690763 10.866710699058807 5.2
      vertex 136.82132034355962 11.321320343559641 5.2
    endloop
  endfacet
  facet normal 0 0 1
    outer loop
      vertex 136.36671069905879 6.705591163092364 5.2
      vertex 136.36671069905879 11.694408836907634 5.2
      vertex 135.84805029709526 11.97163859753386 5.2
    endloop
  endfacet
  facet normal 0 0 1
    outer loop
      vertex 136.82132034355962 7.0786796564403565 5.2
      vertex 136.82132034355962 11.321320343559641 5.2
      vertex 136.36671069905879 11.694408836907634 5.2
    endloop
  endfacet
  facet normal 0 0 1
    outer loop
      vertex 135.90740728286133 9.52352380637815 5.2
      vertex 135.84805029709526 11.97163859753386 5.2
      vertex 135.78253175473054 9.825 5.2
    endloop
  endfacet
  facet normal 0 0 1
    outer loop
      vertex 135.78253175473054 9.825 5.2
      vertex 135.84805029709526 11.97163859753386 5.2
      vertex 135.58388347648318 10.083883476483184 5.2
    endloop
  endfacet
  facet normal 0 0 1
    outer loop
      vertex 135.325 10.282531754730547 5.2
      vertex 135.58388347648318 10.083883476483184 5.2
      vertex 135.2852709660484 12.14235584120969 5.2
    endloop
  endfacet
  facet normal 0 0 1
    outer loop
      vertex 135.325 10.282531754730547 5.2
      vertex 135.2852709660484 12.14235584120969 5.2
      vertex 135.02352380637814 10.407407282861335 5.2
    endloop
  endfacet
  facet normal 0 0 1
    outer loop
      vertex 137.64235584120968 8.614729033951615 5.2
      vertex 137.64235584120968 9.785270966048383 5.2
      vertex 137.47163859753385 10.348050297095268 5.2
    endloop
  endfacet
  facet normal 0 0 1
    outer loop
      vertex 137.47163859753385 8.05194970290473 5.2
      vertex 137.47163859753385 10.348050297095268 5.2
      vertex 137.19440883690763 10.866710699058807 5.2
    endloop
  endfacet
  facet normal 0.7730104533627244 0.6343932841636607 0
    outer loop
      vertex 136.82132034355962 11.321320343559641 2.2
      vertex 136.82132034355962 11.321320343559641 5.2
      vertex 137.19440883690763 10.866710699058807 5.2
    endloop
  endfacet
  facet normal 0.6343932841636463 0.7730104533627363 0
    outer loop
      vertex 136.82132034355962 11.321320343559641 2.2
      vertex 136.36671069905879 11.694408836907634 5.2
      vertex 136.82132034355962 11.321320343559641 5.2
    endloop
  endfacet
  facet normal 0.471396736826004 0.8819212643483516 0
    outer loop
      vertex 136.36671069905879 11.694408836907634 2.2
      vertex 135.84805029709526 11.97163859753386 5.2
      vertex 136.36671069905879 11.694408836907634 5.2
    endloop
  endfacet
  facet normal 0.09801714032955848 0.995184726672197 0
    outer loop
      vertex 135.2852709660484 12.14235584120969 2.2
      vertex 134.7 12.2 5.2
      vertex 135.2852709660484 12.14235584120969 5.2
    endloop
  endfacet
  facet normal 0.29028467725447005 0.9569403357322065 0
    outer loop
      vertex 135.84805029709526 11.97163859753386 2.2
      vertex 135.2852709660484 12.14235584120969 5.2
      vertex 135.84805029709526 11.97163859753386 5.2
    endloop
  endfacet
  facet normal 0 0 1
    outer loop
      vertex 135.58388347648318 10.083883476483184 5.2
      vertex 135.84805029709526 11.97163859753386 5.2
      vertex 135.2852709660484 12.14235584120969 5.2
    endloop
  endfacet
  facet normal 0 0 1
    outer loop
      vertex 134.7 12.2 5.2
      vertex 135.02352380637814 10.407407282861335 5.2
      vertex 135.2852709660484 12.14235584120969 5.2
    endloop
  endfacet
  facet normal -0.29028467725447005 -0.9569403357322065 7.86557777938196e-19
    outer loop
      vertex 133.55194970290472 38.928361402466145 2.2
      vertex 134.1147290339516 38.75764415879031 2.2
      vertex 134.1147290339516 38.75764415879031 5.2
    endloop
  endfacet
  facet normal -0.09801714032956148 -0.9951847266721968 -1.2633474536999371e-18
    outer loop
      vertex 134.1147290339516 38.75764415879031 2.2
      vertex 134.7 38.7 2.2
      vertex 134.7 38.7 5.2
    endloop
  endfacet
  facet normal -0.6343932841636463 -0.7730104533627363 7.31385217081912e-18
    outer loop
      vertex 132.57867965644036 39.57867965644036 2.2
      vertex 133.0332893009412 39.205591163092365 2.2
      vertex 133.0332893009412 39.205591163092365 5.2
    endloop
  endfacet
  facet normal -0.471396736825997 -0.8819212643483554 0
    outer loop
      vertex 133.55194970290472 38.928361402466145 2.2
      vertex 133.55194970290472 38.928361402466145 5.2
      vertex 133.0332893009412 39.205591163092365 2.2
    endloop
  endfacet
  facet normal -0.7730104533627293 -0.6343932841636548 3.0538287478722385e-18
    outer loop
      vertex 132.57867965644036 39.57867965644036 2.2
      vertex 132.20559116309235 40.0332893009412 5.2
      vertex 132.20559116309235 40.0332893009412 2.2
    endloop
  endfacet
  facet normal -0.881921264348353 -0.47139673682600136 5.5805560079510524e-18
    outer loop
      vertex 132.20559116309235 40.0332893009412 2.2
      vertex 131.92836140246612 40.551949702904736 5.2
      vertex 131.92836140246612 40.551949702904736 2.2
    endloop
  endfacet
  facet normal -0.956940335732212 -0.29028467725445234 3.3709615292578775e-18
    outer loop
      vertex 131.92836140246612 40.551949702904736 2.2
      vertex 131.7576441587903 41.11472903395162 5.2
      vertex 131.7576441587903 41.11472903395162 2.2
    endloop
  endfacet
  facet normal -0.9951847266721966 -0.09801714032956384 -1.0461036539618565e-18
    outer loop
      vertex 131.7576441587903 41.11472903395162 2.2
      vertex 131.7 41.7 5.2
      vertex 131.7 41.7 2.2
    endloop
  endfacet
  facet normal -0.9951847266721966 0.09801714032956384 1.0461036539618565e-18
    outer loop
      vertex 131.7 41.7 2.2
      vertex 131.7576441587903 42.28527096604839 5.2
      vertex 131.7576441587903 42.28527096604839 2.2
    endloop
  endfacet
  facet normal -0.956940335732212 0.29028467725445234 -3.3709615292578775e-18
    outer loop
      vertex 131.7576441587903 42.28527096604839 2.2
      vertex 131.92836140246612 42.84805029709527 5.2
      vertex 131.92836140246612 42.84805029709527 2.2
    endloop
  endfacet
  facet normal -0.881921264348353 0.47139673682600136 -5.5805560079510524e-18
    outer loop
      vertex 131.92836140246612 42.84805029709527 2.2
      vertex 132.20559116309235 43.36671069905881 5.2
      vertex 132.20559116309235 43.36671069905881 2.2
    endloop
  endfacet
  facet normal -0.7730104533627293 0.6343932841636548 -3.0538287478722385e-18
    outer loop
      vertex 132.20559116309235 43.36671069905881 2.2
      vertex 132.57867965644036 43.82132034355965 5.2
      vertex 132.57867965644036 43.82132034355965 2.2
    endloop
  endfacet
  facet normal -0.6343932841636463 0.7730104533627363 0
    outer loop
      vertex 132.57867965644036 43.82132034355965 2.2
      vertex 132.57867965644036 43.82132034355965 5.2
      vertex 133.0332893009412 44.19440883690764 2.2
    endloop
  endfacet
  facet normal -0.471396736825997 0.8819212643483554 0
    outer loop
      vertex 133.0332893009412 44.19440883690764 2.2
      vertex 133.0332893009412 44.19440883690764 5.2
      vertex 133.55194970290472 44.47163859753386 2.2
    endloop
  endfacet
  facet normal -0.29028467725447005 0.9569403357322065 0
    outer loop
      vertex 133.55194970290472 44.47163859753386 2.2
      vertex 133.55194970290472 44.47163859753386 5.2
      vertex 134.1147290339516 44.64235584120969 2.2
    endloop
  endfacet
  facet normal 0.09801714032956148 -0.9951847266721968 1.2633474536999371e-18
    outer loop
      vertex 134.7 38.7 2.2
      vertex 135.2852709660484 38.75764415879031 2.2
      vertex 135.2852709660484 38.75764415879031 5.2
    endloop
  endfacet
  facet normal 0.29028467725447005 -0.9569403357322065 -7.86557777938196e-19
    outer loop
      vertex 135.2852709660484 38.75764415879031 2.2
      vertex 135.84805029709526 38.928361402466145 2.2
      vertex 135.84805029709526 38.928361402466145 5.2
    endloop
  endfacet
  facet normal 0.471396736825997 -0.8819212643483554 -1.6143048819841196e-18
    outer loop
      vertex 135.84805029709526 38.928361402466145 2.2
      vertex 136.36671069905879 39.205591163092365 2.2
      vertex 136.36671069905879 39.205591163092365 5.2
    endloop
  endfacet
  facet normal 0.6343932841636463 -0.7730104533627363 -7.31385217081912e-18
    outer loop
      vertex 136.36671069905879 39.205591163092365 2.2
      vertex 136.82132034355962 39.57867965644036 2.2
      vertex 136.82132034355962 39.57867965644036 5.2
    endloop
  endfacet
  facet normal 0.7730104533627293 -0.6343932841636548 0
    outer loop
      vertex 136.82132034355962 39.57867965644036 2.2
      vertex 137.19440883690763 40.0332893009412 2.2
      vertex 136.82132034355962 39.57867965644036 5.2
    endloop
  endfacet
  facet normal 0.881921264348353 -0.47139673682600136 0
    outer loop
      vertex 137.19440883690763 40.0332893009412 2.2
      vertex 137.47163859753385 40.551949702904736 2.2
      vertex 137.19440883690763 40.0332893009412 5.2
    endloop
  endfacet
  facet normal 0.956940335732212 -0.29028467725445234 0
    outer loop
      vertex 137.47163859753385 40.551949702904736 2.2
      vertex 137.64235584120968 41.11472903395162 2.2
      vertex 137.47163859753385 40.551949702904736 5.2
    endloop
  endfacet
  facet normal 0.9951847266721966 -0.09801714032956384 0
    outer loop
      vertex 137.64235584120968 41.11472903395162 2.2
      vertex 137.7 41.7 2.2
      vertex 137.64235584120968 41.11472903395162 5.2
    endloop
  endfacet
  facet normal 0.9951847266721966 0.09801714032956384 0
    outer loop
      vertex 137.7 41.7 2.2
      vertex 137.64235584120968 42.28527096604839 2.2
      vertex 137.7 41.7 5.2
    endloop
  endfacet
  facet normal 0.956940335732212 0.29028467725445234 0
    outer loop
      vertex 137.64235584120968 42.28527096604839 2.2
      vertex 137.47163859753385 42.84805029709527 2.2
      vertex 137.64235584120968 42.28527096604839 5.2
    endloop
  endfacet
  facet normal 0.7730104533627293 0.6343932841636548 3.0538287478722385e-18
    outer loop
      vertex 136.82132034355962 43.82132034355965 2.2
      vertex 137.19440883690763 43.36671069905881 5.2
      vertex 137.19440883690763 43.36671069905881 2.2
    endloop
  endfacet
  facet normal 0.471396736825997 0.8819212643483554 0
    outer loop
      vertex 135.84805029709526 44.47163859753386 2.2
      vertex 135.84805029709526 44.47163859753386 5.2
      vertex 136.36671069905879 44.19440883690764 2.2
    endloop
  endfacet
  facet normal 0.6343932841636463 0.7730104533627363 7.31385217081912e-18
    outer loop
      vertex 136.82132034355962 43.82132034355965 2.2
      vertex 136.36671069905879 44.19440883690764 2.2
      vertex 136.36671069905879 44.19440883690764 5.2
    endloop
  endfacet
  facet normal 0.881921264348353 0.47139673682600136 0
    outer loop
      vertex 137.47163859753385 42.84805029709527 2.2
      vertex 137.19440883690763 43.36671069905881 2.2
      vertex 137.47163859753385 42.84805029709527 5.2
    endloop
  endfacet
  facet normal -0.7730104533627293 -0.6343932841636548 0
    outer loop
      vertex 132.57867965644036 39.57867965644036 2.2
      vertex 132.57867965644036 39.57867965644036 5.2
      vertex 132.20559116309235 40.0332893009412 5.2
    endloop
  endfacet
  facet normal -0.29028467725447005 -0.9569403357322065 0
    outer loop
      vertex 133.55194970290472 38.928361402466145 2.2
      vertex 134.1147290339516 38.75764415879031 5.2
      vertex 133.55194970290472 38.928361402466145 5.2
    endloop
  endfacet
  facet normal -0.09801714032956148 -0.9951847266721968 0
    outer loop
      vertex 134.1147290339516 38.75764415879031 2.2
      vertex 134.7 38.7 5.2
      vertex 134.1147290339516 38.75764415879031 5.2
    endloop
  endfacet
  facet normal 0.09801714032956148 -0.9951847266721968 0
    outer loop
      vertex 134.7 38.7 2.2
      vertex 135.2852709660484 38.75764415879031 5.2
      vertex 134.7 38.7 5.2
    endloop
  endfacet
  facet normal -0.471396736825997 -0.8819212643483554 0
    outer loop
      vertex 133.0332893009412 39.205591163092365 2.2
      vertex 133.55194970290472 38.928361402466145 5.2
      vertex 133.0332893009412 39.205591163092365 5.2
    endloop
  endfacet
  facet normal -0.6343932841636463 -0.7730104533627363 0
    outer loop
      vertex 132.57867965644036 39.57867965644036 2.2
      vertex 133.0332893009412 39.205591163092365 5.2
      vertex 132.57867965644036 39.57867965644036 5.2
    endloop
  endfacet
  facet normal 0 0 1
    outer loop
      vertex 134.1147290339516 38.75764415879031 5.2
      vertex 134.7 38.7 5.2
      vertex 134.37647619362184 40.49259271713867 5.2
    endloop
  endfacet
  facet normal 0 0 1
    outer loop
      vertex 134.7 38.7 5.2
      vertex 135.2852709660484 38.75764415879031 5.2
      vertex 134.7 40.45 5.2
    endloop
  endfacet
  facet normal 0 0 1
    outer loop
      vertex 133.55194970290472 38.928361402466145 5.2
      vertex 134.1147290339516 38.75764415879031 5.2
      vertex 133.8161165235168 40.81611652351682 5.2
    endloop
  endfacet
  facet normal -0.881921264348353 -0.47139673682600136 0
    outer loop
      vertex 132.20559116309235 40.0332893009412 2.2
      vertex 132.20559116309235 40.0332893009412 5.2
      vertex 131.92836140246612 40.551949702904736 5.2
    endloop
  endfacet
  facet normal -0.956940335732212 -0.29028467725445234 0
    outer loop
      vertex 131.92836140246612 40.551949702904736 2.2
      vertex 131.92836140246612 40.551949702904736 5.2
      vertex 131.7576441587903 41.11472903395162 5.2
    endloop
  endfacet
  facet normal -0.9951847266721966 -0.09801714032956384 0
    outer loop
      vertex 131.7576441587903 41.11472903395162 2.2
      vertex 131.7576441587903 41.11472903395162 5.2
      vertex 131.7 41.7 5.2
    endloop
  endfacet
  facet normal 0 0 1
    outer loop
      vertex 132.20559116309235 40.0332893009412 5.2
      vertex 131.92836140246612 42.84805029709527 5.2
      vertex 131.92836140246612 40.551949702904736 5.2
    endloop
  endfacet
  facet normal 0 0 1
    outer loop
      vertex 131.92836140246612 40.551949702904736 5.2
      vertex 131.7576441587903 42.28527096604839 5.2
      vertex 131.7576441587903 41.11472903395162 5.2
    endloop
  endfacet
  facet normal 0 0 1
    outer loop
      vertex 132.57867965644036 39.57867965644036 5.2
      vertex 132.20559116309235 43.36671069905881 5.2
      vertex 132.20559116309235 40.0332893009412 5.2
    endloop
  endfacet
  facet normal 0 0 1
    outer loop
      vertex 133.55194970290472 38.928361402466145 5.2
      vertex 133.8161165235168 40.81611652351682 5.2
      vertex 133.61746824526944 41.075 5.2
    endloop
  endfacet
  facet normal 0 0 1
    outer loop
      vertex 133.55194970290472 38.928361402466145 5.2
      vertex 133.61746824526944 41.075 5.2
      vertex 133.49259271713865 41.376476193621855 5.2
    endloop
  endfacet
  facet normal 0 0 1
    outer loop
      vertex 134.1147290339516 38.75764415879031 5.2
      vertex 134.37647619362184 40.49259271713867 5.2
      vertex 134.075 40.61746824526946 5.2
    endloop
  endfacet
  facet normal 0 0 1
    outer loop
      vertex 134.1147290339516 38.75764415879031 5.2
      vertex 134.075 40.61746824526946 5.2
      vertex 133.8161165235168 40.81611652351682 5.2
    endloop
  endfacet
  facet normal 0 0 1
    outer loop
      vertex 134.7 38.7 5.2
      vertex 134.7 40.45 5.2
      vertex 134.37647619362184 40.49259271713867 5.2
    endloop
  endfacet
  facet normal 0 0 1
    outer loop
      vertex 132.57867965644036 39.57867965644036 5.2
      vertex 133.0332893009412 39.205591163092365 5.2
      vertex 132.57867965644036 43.82132034355965 5.2
    endloop
  endfacet
  facet normal 0 0 1
    outer loop
      vertex 133.55194970290472 38.928361402466145 5.2
      vertex 133.0332893009412 44.19440883690764 5.2
      vertex 133.0332893009412 39.205591163092365 5.2
    endloop
  endfacet
  facet normal -0.9951847266721966 0.09801714032956384 0
    outer loop
      vertex 131.7 41.7 2.2
      vertex 131.7 41.7 5.2
      vertex 131.7576441587903 42.28527096604839 5.2
    endloop
  endfacet
  facet normal -0.956940335732212 0.29028467725445234 0
    outer loop
      vertex 131.7576441587903 42.28527096604839 2.2
      vertex 131.7576441587903 42.28527096604839 5.2
      vertex 131.92836140246612 42.84805029709527 5.2
    endloop
  endfacet
  facet normal 0 0 1
    outer loop
      vertex 131.7576441587903 41.11472903395162 5.2
      vertex 131.7576441587903 42.28527096604839 5.2
      vertex 131.7 41.7 5.2
    endloop
  endfacet
  facet normal 0 0 1
    outer loop
      vertex 131.92836140246612 40.551949702904736 5.2
      vertex 131.92836140246612 42.84805029709527 5.2
      vertex 131.7576441587903 42.28527096604839 5.2
    endloop
  endfacet
  facet normal 0 0 1
    outer loop
      vertex 132.20559116309235 40.0332893009412 5.2
      vertex 132.20559116309235 43.36671069905881 5.2
      vertex 131.92836140246612 42.84805029709527 5.2
    endloop
  endfacet
  facet normal 0 0 1
    outer loop
      vertex 132.57867965644036 39.57867965644036 5.2
      vertex 132.57867965644036 43.82132034355965 5.2
      vertex 132.20559116309235 43.36671069905881 5.2
    endloop
  endfacet
  facet normal 0 0 1
    outer loop
      vertex 133.55194970290472 38.928361402466145 5.2
      vertex 133.49259271713865 41.376476193621855 5.2
      vertex 133.0332893009412 44.19440883690764 5.2
    endloop
  endfacet
  facet normal 0 0 1
    outer loop
      vertex 133.0332893009412 39.205591163092365 5.2
      vertex 133.0332893009412 44.19440883690764 5.2
      vertex 132.57867965644036 43.82132034355965 5.2
    endloop
  endfacet
  facet normal 0 0 1
    outer loop
      vertex 133.49259271713865 41.376476193621855 5.2
      vertex 133.45 41.7 5.2
      vertex 133.0332893009412 44.19440883690764 5.2
    endloop
  endfacet
  facet normal 0 0 1
    outer loop
      vertex 133.45 41.7 5.2
      vertex 133.49259271713865 42.02352380637815 5.2
      vertex 133.0332893009412 44.19440883690764 5.2
    endloop
  endfacet
  facet normal 0 0 1
    outer loop
      vertex 133.49259271713865 42.02352380637815 5.2
      vertex 133.61746824526944 42.325 5.2
      vertex 133.0332893009412 44.19440883690764 5.2
    endloop
  endfacet
  facet normal -0.881921264348353 0.47139673682600136 0
    outer loop
      vertex 131.92836140246612 42.84805029709527 2.2
      vertex 131.92836140246612 42.84805029709527 5.2
      vertex 132.20559116309235 43.36671069905881 5.2
    endloop
  endfacet
  facet normal -0.7730104533627293 0.6343932841636548 0
    outer loop
      vertex 132.20559116309235 43.36671069905881 2.2
      vertex 132.20559116309235 43.36671069905881 5.2
      vertex 132.57867965644036 43.82132034355965 5.2
    endloop
  endfacet
  facet normal -0.6343932841636463 0.7730104533627363 0
    outer loop
      vertex 133.0332893009412 44.19440883690764 2.2
      vertex 132.57867965644036 43.82132034355965 5.2
      vertex 133.0332893009412 44.19440883690764 5.2
    endloop
  endfacet
  facet normal -0.471396736825997 0.8819212643483554 0
    outer loop
      vertex 133.55194970290472 44.47163859753386 2.2
      vertex 133.0332893009412 44.19440883690764 5.2
      vertex 133.55194970290472 44.47163859753386 5.2
    endloop
  endfacet
  facet normal 0 0 1
    outer loop
      vertex 133.61746824526944 42.325 5.2
      vertex 133.8161165235168 42.58388347648319 5.2
      vertex 133.55194970290472 44.47163859753386 5.2
    endloop
  endfacet
  facet normal 0 0 1
    outer loop
      vertex 133.61746824526944 42.325 5.2
      vertex 133.55194970290472 44.47163859753386 5.2
      vertex 133.0332893009412 44.19440883690764 5.2
    endloop
  endfacet
  facet normal 0 0 1
    outer loop
      vertex 133.8161165235168 42.58388347648319 5.2
      vertex 134.075 42.78253175473055 5.2
      vertex 133.55194970290472 44.47163859753386 5.2
    endloop
  endfacet
  facet normal 0 0 1
    outer loop
      vertex 134.075 42.78253175473055 5.2
      vertex 134.37647619362184 42.907407282861335 5.2
      vertex 133.55194970290472 44.47163859753386 5.2
    endloop
  endfacet
  facet normal 0 0 1
    outer loop
      vertex 134.37647619362184 42.907407282861335 5.2
      vertex 134.7 42.95 5.2
      vertex 134.1147290339516 44.64235584120969 5.2
    endloop
  endfacet
  facet normal 0 0 1
    outer loop
      vertex 134.7 42.95 5.2
      vertex 135.02352380637814 42.907407282861335 5.2
      vertex 134.7 44.7 5.2
    endloop
  endfacet
  facet normal 0 0 1
    outer loop
      vertex 134.37647619362184 42.907407282861335 5.2
      vertex 134.1147290339516 44.64235584120969 5.2
      vertex 133.55194970290472 44.47163859753386 5.2
    endloop
  endfacet
  facet normal 0 0 1
    outer loop
      vertex 134.7 42.95 5.2
      vertex 134.7 44.7 5.2
      vertex 134.1147290339516 44.64235584120969 5.2
    endloop
  endfacet
  facet normal 0.29028467725447005 -0.9569403357322065 0
    outer loop
      vertex 135.2852709660484 38.75764415879031 2.2
      vertex 135.84805029709526 38.928361402466145 5.2
      vertex 135.2852709660484 38.75764415879031 5.2
    endloop
  endfacet
  facet normal 0.471396736825997 -0.8819212643483554 0
    outer loop
      vertex 135.84805029709526 38.928361402466145 2.2
      vertex 136.36671069905879 39.205591163092365 5.2
      vertex 135.84805029709526 38.928361402466145 5.2
    endloop
  endfacet
  facet normal 0.6343932841636463 -0.7730104533627363 0
    outer loop
      vertex 136.36671069905879 39.205591163092365 2.2
      vertex 136.82132034355962 39.57867965644036 5.2
      vertex 136.36671069905879 39.205591163092365 5.2
    endloop
  endfacet
  facet normal 0 0 1
    outer loop
      vertex 135.2852709660484 38.75764415879031 5.2
      vertex 135.84805029709526 38.928361402466145 5.2
      vertex 135.02352380637814 40.49259271713867 5.2
    endloop
  endfacet
  facet normal 0 0 1
    outer loop
      vertex 135.84805029709526 38.928361402466145 5.2
      vertex 136.36671069905879 39.205591163092365 5.2
      vertex 135.78253175473054 41.075 5.2
    endloop
  endfacet
  facet normal 0.7730104533627293 -0.6343932841636548 0
    outer loop
      vertex 137.19440883690763 40.0332893009412 2.2
      vertex 137.19440883690763 40.0332893009412 5.2
      vertex 136.82132034355962 39.57867965644036 5.2
    endloop
  endfacet
  facet normal 0.881921264348353 -0.47139673682600136 0
    outer loop
      vertex 137.47163859753385 40.551949702904736 2.2
      vertex 137.47163859753385 40.551949702904736 5.2
      vertex 137.19440883690763 40.0332893009412 5.2
    endloop
  endfacet
  facet normal 0.956940335732212 -0.29028467725445234 0
    outer loop
      vertex 137.64235584120968 41.11472903395162 2.2
      vertex 137.64235584120968 41.11472903395162 5.2
      vertex 137.47163859753385 40.551949702904736 5.2
    endloop
  endfacet
  facet normal 0 0 1
    outer loop
      vertex 134.7 40.45 5.2
      vertex 135.2852709660484 38.75764415879031 5.2
      vertex 135.02352380637814 40.49259271713867 5.2
    endloop
  endfacet
  facet normal 0 0 1
    outer loop
      vertex 135.84805029709526 38.928361402466145 5.2
      vertex 135.325 40.61746824526946 5.2
      vertex 135.02352380637814 40.49259271713867 5.2
    endloop
  endfacet
  facet normal 0 0 1
    outer loop
      vertex 135.84805029709526 38.928361402466145 5.2
      vertex 135.58388347648318 40.81611652351682 5.2
      vertex 135.325 40.61746824526946 5.2
    endloop
  endfacet
  facet normal 0 0 1
    outer loop
      vertex 135.84805029709526 38.928361402466145 5.2
      vertex 135.78253175473054 41.075 5.2
      vertex 135.58388347648318 40.81611652351682 5.2
    endloop
  endfacet
  facet normal 0 0 1
    outer loop
      vertex 136.36671069905879 39.205591163092365 5.2
      vertex 135.90740728286133 41.376476193621855 5.2
      vertex 135.78253175473054 41.075 5.2
    endloop
  endfacet
  facet normal 0 0 1
    outer loop
      vertex 136.36671069905879 39.205591163092365 5.2
      vertex 135.95 41.7 5.2
      vertex 135.90740728286133 41.376476193621855 5.2
    endloop
  endfacet
  facet normal 0 0 1
    outer loop
      vertex 136.36671069905879 39.205591163092365 5.2
      vertex 135.90740728286133 42.02352380637815 5.2
      vertex 135.95 41.7 5.2
    endloop
  endfacet
  facet normal 0 0 1
    outer loop
      vertex 136.36671069905879 39.205591163092365 5.2
      vertex 136.82132034355962 39.57867965644036 5.2
      vertex 136.36671069905879 44.19440883690764 5.2
    endloop
  endfacet
  facet normal 0 0 1
    outer loop
      vertex 136.82132034355962 39.57867965644036 5.2
      vertex 137.19440883690763 40.0332893009412 5.2
      vertex 136.82132034355962 43.82132034355965 5.2
    endloop
  endfacet
  facet normal 0 0 1
    outer loop
      vertex 137.19440883690763 40.0332893009412 5.2
      vertex 137.47163859753385 40.551949702904736 5.2
      vertex 137.19440883690763 43.36671069905881 5.2
    endloop
  endfacet
  facet normal 0.9951847266721966 -0.09801714032956384 0
    outer loop
      vertex 137.7 41.7 2.2
      vertex 137.7 41.7 5.2
      vertex 137.64235584120968 41.11472903395162 5.2
    endloop
  endfacet
  facet normal 0.9951847266721966 0.09801714032956384 0
    outer loop
      vertex 137.64235584120968 42.28527096604839 2.2
      vertex 137.64235584120968 42.28527096604839 5.2
      vertex 137.7 41.7 5.2
    endloop
  endfacet
  facet normal 0.956940335732212 0.29028467725445234 0
    outer loop
      vertex 137.47163859753385 42.84805029709527 2.2
      vertex 137.47163859753385 42.84805029709527 5.2
      vertex 137.64235584120968 42.28527096604839 5.2
    endloop
  endfacet
  facet normal 0 0 1
    outer loop
      vertex 136.36671069905879 39.205591163092365 5.2
      vertex 135.84805029709526 44.47163859753386 5.2
      vertex 135.90740728286133 42.02352380637815 5.2
    endloop
  endfacet
  facet normal 0 0 1
    outer loop
      vertex 135.90740728286133 42.02352380637815 5.2
      vertex 135.84805029709526 44.47163859753386 5.2
      vertex 135.78253175473054 42.325 5.2
    endloop
  endfacet
  facet normal 0 0 1
    outer loop
      vertex 136.82132034355962 39.57867965644036 5.2
      vertex 136.82132034355962 43.82132034355965 5.2
      vertex 136.36671069905879 44.19440883690764 5.2
    endloop
  endfacet
  facet normal 0 0 1
    outer loop
      vertex 137.19440883690763 40.0332893009412 5.2
      vertex 137.19440883690763 43.36671069905881 5.2
      vertex 136.82132034355962 43.82132034355965 5.2
    endloop
  endfacet
  facet normal 0 0 1
    outer loop
      vertex 136.36671069905879 39.205591163092365 5.2
      vertex 136.36671069905879 44.19440883690764 5.2
      vertex 135.84805029709526 44.47163859753386 5.2
    endloop
  endfacet
  facet normal 0 0 1
    outer loop
      vertex 137.47163859753385 40.551949702904736 5.2
      vertex 137.64235584120968 41.11472903395162 5.2
      vertex 137.47163859753385 42.84805029709527 5.2
    endloop
  endfacet
  facet normal 0 0 1
    outer loop
      vertex 137.64235584120968 41.11472903395162 5.2
      vertex 137.7 41.7 5.2
      vertex 137.64235584120968 42.28527096604839 5.2
    endloop
  endfacet
  facet normal 0 0 1
    outer loop
      vertex 137.64235584120968 41.11472903395162 5.2
      vertex 137.64235584120968 42.28527096604839 5.2
      vertex 137.47163859753385 42.84805029709527 5.2
    endloop
  endfacet
  facet normal 0 0 1
    outer loop
      vertex 137.47163859753385 40.551949702904736 5.2
      vertex 137.47163859753385 42.84805029709527 5.2
      vertex 137.19440883690763 43.36671069905881 5.2
    endloop
  endfacet
  facet normal 0.7730104533627293 0.6343932841636548 0
    outer loop
      vertex 136.82132034355962 43.82132034355965 2.2
      vertex 136.82132034355962 43.82132034355965 5.2
      vertex 137.19440883690763 43.36671069905881 5.2
    endloop
  endfacet
  facet normal 0.29028467725447005 0.9569403357322065 0
    outer loop
      vertex 135.84805029709526 44.47163859753386 2.2
      vertex 135.2852709660484 44.64235584120969 5.2
      vertex 135.84805029709526 44.47163859753386 5.2
    endloop
  endfacet
  facet normal 0.6343932841636463 0.7730104533627363 0
    outer loop
      vertex 136.82132034355962 43.82132034355965 2.2
      vertex 136.36671069905879 44.19440883690764 5.2
      vertex 136.82132034355962 43.82132034355965 5.2
    endloop
  endfacet
  facet normal 0.471396736825997 0.8819212643483554 0
    outer loop
      vertex 136.36671069905879 44.19440883690764 2.2
      vertex 135.84805029709526 44.47163859753386 5.2
      vertex 136.36671069905879 44.19440883690764 5.2
    endloop
  endfacet
  facet normal 0.881921264348353 0.47139673682600136 0
    outer loop
      vertex 137.19440883690763 43.36671069905881 2.2
      vertex 137.19440883690763 43.36671069905881 5.2
      vertex 137.47163859753385 42.84805029709527 5.2
    endloop
  endfacet
  facet normal 0 0 1
    outer loop
      vertex 135.325 42.78253175473055 5.2
      vertex 135.58388347648318 42.58388347648319 5.2
      vertex 135.2852709660484 44.64235584120969 5.2
    endloop
  endfacet
  facet normal 0 0 1
    outer loop
      vertex 135.78253175473054 42.325 5.2
      vertex 135.84805029709526 44.47163859753386 5.2
      vertex 135.58388347648318 42.58388347648319 5.2
    endloop
  endfacet
  facet normal 0 0 1
    outer loop
      vertex 135.02352380637814 42.907407282861335 5.2
      vertex 135.325 42.78253175473055 5.2
      vertex 135.2852709660484 44.64235584120969 5.2
    endloop
  endfacet
  facet normal 0 0 1
    outer loop
      vertex 135.02352380637814 42.907407282861335 5.2
      vertex 135.2852709660484 44.64235584120969 5.2
      vertex 134.7 44.7 5.2
    endloop
  endfacet
  facet normal 0 0 1
    outer loop
      vertex 135.58388347648318 42.58388347648319 5.2
      vertex 135.84805029709526 44.47163859753386 5.2
      vertex 135.2852709660484 44.64235584120969 5.2
    endloop
  endfacet
  facet normal -0.09801714032956148 0.9951847266721968 0
    outer loop
      vertex 134.1147290339516 44.64235584120969 2.2
      vertex 134.1147290339516 44.64235584120969 5.2
      vertex 134.7 44.7 2.2
    endloop
  endfacet
  facet normal 0.09801714032956148 0.9951847266721968 0
    outer loop
      vertex 134.7 44.7 2.2
      vertex 134.7 44.7 5.2
      vertex 135.2852709660484 44.64235584120969 2.2
    endloop
  endfacet
  facet normal 0.29028467725447005 0.9569403357322065 7.86557777938196e-19
    outer loop
      vertex 135.84805029709526 44.47163859753386 2.2
      vertex 135.2852709660484 44.64235584120969 2.2
      vertex 135.2852709660484 44.64235584120969 5.2
    endloop
  endfacet
  facet normal -0.29028467725447005 0.9569403357322065 -7.86557777938196e-19
    outer loop
      vertex 133.55194970290472 44.47163859753386 5.2
      vertex 134.1147290339516 44.64235584120969 5.2
      vertex 134.1147290339516 44.64235584120969 2.2
    endloop
  endfacet
  facet normal -0.09801714032956148 0.9951847266721968 0
    outer loop
      vertex 134.7 44.7 2.2
      vertex 134.1147290339516 44.64235584120969 5.2
      vertex 134.7 44.7 5.2
    endloop
  endfacet
  facet normal 0.09801714032956148 0.9951847266721968 0
    outer loop
      vertex 135.2852709660484 44.64235584120969 2.2
      vertex 134.7 44.7 5.2
      vertex 135.2852709660484 44.64235584120969 5.2
    endloop
  endfacet
  facet normal 0.3826834323650875 0.9238795325112876 0
    outer loop
      vertex 89.87647619362185 7.992592717138664 5.2
      vertex 89.87647619362185 7.992592717138664 2.7
      vertex 89.575 8.117468245269452 2.7
    endloop
  endfacet
  facet normal 0.6087614290087299 0.793353340291228 0
    outer loop
      vertex 89.575 8.117468245269452 5.2
      vertex 89.575 8.117468245269452 2.7
      vertex 89.31611652351683 8.316116523516815 2.7
    endloop
  endfacet
  facet normal 0.7933533402912176 0.6087614290087434 0
    outer loop
      vertex 89.31611652351683 8.316116523516815 5.2
      vertex 89.31611652351683 8.316116523516815 2.7
      vertex 89.11746824526945 8.575 2.7
    endloop
  endfacet
  facet normal 0.9238795325112871 0.38268343236508906 0
    outer loop
      vertex 89.11746824526945 8.575 5.2
      vertex 89.11746824526945 8.575 2.7
      vertex 88.99259271713866 8.876476193621848 2.7
    endloop
  endfacet
  facet normal 0.991444861373812 0.1305261922200386 0
    outer loop
      vertex 88.99259271713866 8.876476193621848 5.2
      vertex 88.99259271713866 8.876476193621848 2.7
      vertex 88.95 9.2 2.7
    endloop
  endfacet
  facet normal 0.991444861373812 -0.1305261922200386 0
    outer loop
      vertex 88.95 9.2 5.2
      vertex 88.95 9.2 2.7
      vertex 88.99259271713866 9.52352380637815 2.7
    endloop
  endfacet
  facet normal 0.793353340291221 -0.608761429008739 -3.647014054431615e-15
    outer loop
      vertex 89.15057629164401 9.86814724608053 2.7
      vertex 89.11746824526945 9.825 2.2
      vertex 89.31611652351683 10.083883476483184 2.7
    endloop
  endfacet
  facet normal 0.7933533402912177 -0.6087614290087434 1.1601758307246018e-17
    outer loop
      vertex 89.11746824526945 9.825 2.2
      vertex 89.31611652351683 10.083883476483184 2.2
      vertex 89.31611652351683 10.083883476483184 2.7
    endloop
  endfacet
  facet normal 0.60876142900873 -0.7933533402912281 -2.6465102667163957e-18
    outer loop
      vertex 89.31611652351683 10.083883476483184 2.2
      vertex 89.575 10.282531754730547 2.2
      vertex 89.575 10.282531754730547 2.7
    endloop
  endfacet
  facet normal 0.6087614290087405 -0.79335334029122 -8.692650685555013e-15
    outer loop
      vertex 89.35926376959736 10.116991522857745 2.7
      vertex 89.31611652351683 10.083883476483184 2.2
      vertex 89.575 10.282531754730547 2.7
    endloop
  endfacet
  facet normal 0.9238795325112871 -0.38268343236508906 0
    outer loop
      vertex 88.99259271713866 9.52352380637815 5.2
      vertex 88.99259271713866 9.52352380637815 2.7
      vertex 89.11746824526945 9.825 2.7
    endloop
  endfacet
  facet normal 0.7933533402912007 -0.6087614290087656 0
    outer loop
      vertex 89.11746824526945 9.825 5.2
      vertex 89.11746824526945 9.825 2.7
      vertex 89.15057629164401 9.86814724608053 2.7
    endloop
  endfacet
  facet normal 0.7933533402912212 -0.6087614290087391 0
    outer loop
      vertex 89.31611652351683 10.083883476483184 5.2
      vertex 89.15057629164401 9.86814724608053 2.7
      vertex 89.31611652351683 10.083883476483184 2.7
    endloop
  endfacet
  facet normal 0.6087614290086771 -0.7933533402912686 0
    outer loop
      vertex 89.31611652351683 10.083883476483184 5.2
      vertex 89.31611652351683 10.083883476483184 2.7
      vertex 89.35926376959736 10.116991522857745 2.7
    endloop
  endfacet
  facet normal 0.6087614290087405 -0.79335334029122 0
    outer loop
      vertex 89.575 10.282531754730547 5.2
      vertex 89.35926376959736 10.116991522857745 2.7
      vertex 89.575 10.282531754730547 2.7
    endloop
  endfacet
  facet normal 0.3826834323650898 -0.9238795325112866 0
    outer loop
      vertex 89.575 10.282531754730547 5.2
      vertex 89.575 10.282531754730547 2.7
      vertex 89.87647619362185 10.407407282861335 2.7
    endloop
  endfacet
  facet normal 0.3826834323650875 0.9238795325112876 0
    outer loop
      vertex 89.575 8.117468245269452 5.2
      vertex 89.87647619362185 7.992592717138664 5.2
      vertex 89.575 8.117468245269452 2.7
    endloop
  endfacet
  facet normal 0.6087614290087299 0.793353340291228 0
    outer loop
      vertex 89.31611652351683 8.316116523516815 5.2
      vertex 89.575 8.117468245269452 5.2
      vertex 89.31611652351683 8.316116523516815 2.7
    endloop
  endfacet
  facet normal 0.7933533402912176 0.6087614290087434 -2.3203516614492036e-18
    outer loop
      vertex 89.31611652351683 8.316116523516815 5.2
      vertex 89.11746824526945 8.575 2.7
      vertex 89.11746824526945 8.575 5.2
    endloop
  endfacet
  facet normal 0.9238795325112871 0.38268343236508906 -3.1039490278433387e-18
    outer loop
      vertex 89.11746824526945 8.575 5.2
      vertex 88.99259271713866 8.876476193621848 2.7
      vertex 88.99259271713866 8.876476193621848 5.2
    endloop
  endfacet
  facet normal 0.991444861373812 0.1305261922200386 6.686296578231034e-19
    outer loop
      vertex 88.99259271713866 8.876476193621848 5.2
      vertex 88.95 9.2 2.7
      vertex 88.95 9.2 5.2
    endloop
  endfacet
  facet normal 0.991444861373812 -0.1305261922200386 -6.686296578231034e-19
    outer loop
      vertex 88.95 9.2 5.2
      vertex 88.99259271713866 9.52352380637815 2.7
      vertex 88.99259271713866 9.52352380637815 5.2
    endloop
  endfacet
  facet normal 0.9238795325112871 -0.38268343236508906 3.1039490278433387e-18
    outer loop
      vertex 88.99259271713866 9.52352380637815 5.2
      vertex 89.11746824526945 9.825 2.7
      vertex 89.11746824526945 9.825 5.2
    endloop
  endfacet
  facet normal 0.7933533402912176 -0.6087614290087434 6.081130757006108e-16
    outer loop
      vertex 89.11746824526945 9.825 5.2
      vertex 89.15057629164401 9.86814724608053 2.7
      vertex 89.31611652351683 10.083883476483184 5.2
    endloop
  endfacet
  facet normal 0.6087614290087299 -0.793353340291228 1.448717299442858e-15
    outer loop
      vertex 89.31611652351683 10.083883476483184 5.2
      vertex 89.35926376959736 10.116991522857745 2.7
      vertex 89.575 10.282531754730547 5.2
    endloop
  endfacet
  facet normal 0.3826834323650898 -0.9238795325112866 4.075101168045797e-18
    outer loop
      vertex 89.575 10.282531754730547 5.2
      vertex 89.87647619362185 10.407407282861335 2.7
      vertex 89.87647619362185 10.407407282861335 5.2
    endloop
  endfacet
  facet normal -0.1305261922200499 0.9914448613738106 -2.42502709005479e-15
    outer loop
      vertex 90.43838596259442 7.981384107365331 2.2
      vertex 90.49051117307425 7.98824652151227 2.506122448979592
      vertex 90.52352380637815 7.992592717138664 2.2
    endloop
  endfacet
  facet normal -0.60876142900873 0.7933533402912281 0
    outer loop
      vertex 90.825 8.117468245269452 2.2
      vertex 90.825 8.117468245269452 2.7
      vertex 91.08388347648318 8.316116523516815 2.2
    endloop
  endfacet
  facet normal -0.6087614290087405 0.79335334029122 -8.692650685555013e-15
    outer loop
      vertex 91.04073623040264 8.283008477142253 2.7
      vertex 91.08388347648318 8.316116523516815 2.2
      vertex 90.825 8.117468245269452 2.7
    endloop
  endfacet
  facet normal -0.7933533402912177 0.6087614290087434 1.1601758307246018e-17
    outer loop
      vertex 91.28253175473056 8.575 2.2
      vertex 91.08388347648318 8.316116523516815 2.2
      vertex 91.08388347648318 8.316116523516815 2.7
    endloop
  endfacet
  facet normal -0.793353340291221 0.608761429008739 -3.647014054431615e-15
    outer loop
      vertex 91.24942370835599 8.531852753919468 2.7
      vertex 91.28253175473056 8.575 2.2
      vertex 91.08388347648318 8.316116523516815 2.7
    endloop
  endfacet
  facet normal 0.1305261922200534 0.9914448613738102 0
    outer loop
      vertex 90.2 7.949999999999999 5.2
      vertex 90.2 7.949999999999999 2.7
      vertex 89.87647619362185 7.992592717138664 2.7
    endloop
  endfacet
  facet normal -0.1305261922200534 0.9914448613738102 0
    outer loop
      vertex 90.52352380637815 7.992592717138664 5.2
      vertex 90.52352380637815 7.992592717138664 2.7
      vertex 90.2 7.949999999999999 2.7
    endloop
  endfacet
  facet normal -0.3826834323650875 0.9238795325112876 0
    outer loop
      vertex 90.825 8.117468245269452 5.2
      vertex 90.825 8.117468245269452 2.7
      vertex 90.52352380637815 7.992592717138664 2.7
    endloop
  endfacet
  facet normal -0.6087614290087405 0.79335334029122 0
    outer loop
      vertex 90.825 8.117468245269452 5.2
      vertex 91.04073623040264 8.283008477142253 2.7
      vertex 90.825 8.117468245269452 2.7
    endloop
  endfacet
  facet normal -0.6087614290086771 0.7933533402912686 0
    outer loop
      vertex 91.08388347648318 8.316116523516815 5.2
      vertex 91.08388347648318 8.316116523516815 2.7
      vertex 91.04073623040264 8.283008477142253 2.7
    endloop
  endfacet
  facet normal -0.7933533402912212 0.6087614290087391 0
    outer loop
      vertex 91.08388347648318 8.316116523516815 5.2
      vertex 91.24942370835599 8.531852753919468 2.7
      vertex 91.08388347648318 8.316116523516815 2.7
    endloop
  endfacet
  facet normal -0.7933533402912007 0.6087614290087656 0
    outer loop
      vertex 91.28253175473056 8.575 5.2
      vertex 91.28253175473056 8.575 2.7
      vertex 91.24942370835599 8.531852753919468 2.7
    endloop
  endfacet
  facet normal -0.9238795325112871 0.38268343236508906 0
    outer loop
      vertex 91.40740728286134 8.876476193621848 5.2
      vertex 91.40740728286134 8.876476193621848 2.7
      vertex 91.28253175473056 8.575 2.7
    endloop
  endfacet
  facet normal -0.991444861373812 0.1305261922200386 0
    outer loop
      vertex 91.45 9.2 5.2
      vertex 91.45 9.2 2.7
      vertex 91.40740728286134 8.876476193621848 2.7
    endloop
  endfacet
  facet normal -0.991444861373812 -0.1305261922200386 0
    outer loop
      vertex 91.40740728286134 9.52352380637815 5.2
      vertex 91.40740728286134 9.52352380637815 2.7
      vertex 91.45 9.2 2.7
    endloop
  endfacet
  facet normal -0.6087614290087299 -0.793353340291228 0
    outer loop
      vertex 90.825 10.282531754730547 5.2
      vertex 90.825 10.282531754730547 2.7
      vertex 91.08388347648318 10.083883476483184 2.7
    endloop
  endfacet
  facet normal -0.9238795325112871 -0.38268343236508906 0
    outer loop
      vertex 91.28253175473056 9.825 5.2
      vertex 91.28253175473056 9.825 2.7
      vertex 91.40740728286134 9.52352380637815 2.7
    endloop
  endfacet
  facet normal -0.7933533402912176 -0.6087614290087434 0
    outer loop
      vertex 91.08388347648318 10.083883476483184 5.2
      vertex 91.08388347648318 10.083883476483184 2.7
      vertex 91.28253175473056 9.825 2.7
    endloop
  endfacet
  facet normal 0.13052619222005074 -0.9914448613738105 0
    outer loop
      vertex 89.87647619362185 10.407407282861335 5.2
      vertex 89.87647619362185 10.407407282861335 2.7
      vertex 90.2 10.45 2.7
    endloop
  endfacet
  facet normal -0.13052619222005074 -0.9914448613738105 0
    outer loop
      vertex 90.2 10.45 5.2
      vertex 90.2 10.45 2.7
      vertex 90.52352380637815 10.407407282861335 2.7
    endloop
  endfacet
  facet normal -0.3826834323650898 -0.9238795325112866 0
    outer loop
      vertex 90.52352380637815 10.407407282861335 5.2
      vertex 90.52352380637815 10.407407282861335 2.7
      vertex 90.825 10.282531754730547 2.7
    endloop
  endfacet
  facet normal 0.1305261922200534 0.9914448613738102 0
    outer loop
      vertex 89.87647619362185 7.992592717138664 5.2
      vertex 90.2 7.949999999999999 5.2
      vertex 89.87647619362185 7.992592717138664 2.7
    endloop
  endfacet
  facet normal -0.1305261922200534 0.9914448613738102 0
    outer loop
      vertex 90.2 7.949999999999999 5.2
      vertex 90.52352380637815 7.992592717138664 5.2
      vertex 90.2 7.949999999999999 2.7
    endloop
  endfacet
  facet normal -0.3826834323650875 0.9238795325112876 0
    outer loop
      vertex 90.52352380637815 7.992592717138664 5.2
      vertex 90.825 8.117468245269452 5.2
      vertex 90.52352380637815 7.992592717138664 2.7
    endloop
  endfacet
  facet normal -0.6087614290087299 0.793353340291228 1.447205478468306e-15
    outer loop
      vertex 90.825 8.117468245269452 5.2
      vertex 91.08388347648318 8.316116523516815 5.2
      vertex 91.04073623040264 8.283008477142253 2.7
    endloop
  endfacet
  facet normal -0.7933533402912176 0.6087614290087434 6.0767348989918075e-16
    outer loop
      vertex 91.08388347648318 8.316116523516815 5.2
      vertex 91.28253175473056 8.575 5.2
      vertex 91.24942370835599 8.531852753919468 2.7
    endloop
  endfacet
  facet normal -0.9238795325112871 0.38268343236508906 0
    outer loop
      vertex 91.28253175473056 8.575 5.2
      vertex 91.40740728286134 8.876476193621848 5.2
      vertex 91.28253175473056 8.575 2.7
    endloop
  endfacet
  facet normal -0.991444861373812 0.1305261922200386 0
    outer loop
      vertex 91.40740728286134 8.876476193621848 5.2
      vertex 91.45 9.2 5.2
      vertex 91.40740728286134 8.876476193621848 2.7
    endloop
  endfacet
  facet normal -0.991444861373812 -0.1305261922200386 0
    outer loop
      vertex 91.45 9.2 5.2
      vertex 91.40740728286134 9.52352380637815 5.2
      vertex 91.45 9.2 2.7
    endloop
  endfacet
  facet normal -0.3826834323650898 -0.9238795325112866 0
    outer loop
      vertex 90.825 10.282531754730547 5.2
      vertex 90.52352380637815 10.407407282861335 5.2
      vertex 90.825 10.282531754730547 2.7
    endloop
  endfacet
  facet normal -0.6087614290087299 -0.793353340291228 5.29302053343279e-19
    outer loop
      vertex 90.825 10.282531754730547 5.2
      vertex 91.08388347648318 10.083883476483184 2.7
      vertex 91.08388347648318 10.083883476483184 5.2
    endloop
  endfacet
  facet normal -0.9238795325112871 -0.38268343236508906 0
    outer loop
      vertex 91.40740728286134 9.52352380637815 5.2
      vertex 91.28253175473056 9.825 5.2
      vertex 91.40740728286134 9.52352380637815 2.7
    endloop
  endfacet
  facet normal -0.7933533402912176 -0.6087614290087434 0
    outer loop
      vertex 91.28253175473056 9.825 5.2
      vertex 91.08388347648318 10.083883476483184 5.2
      vertex 91.28253175473056 9.825 2.7
    endloop
  endfacet
  facet normal 0.13052619222005074 -0.9914448613738105 6.896924955740449e-20
    outer loop
      vertex 89.87647619362185 10.407407282861335 5.2
      vertex 90.2 10.45 2.7
      vertex 90.2 10.45 5.2
    endloop
  endfacet
  facet normal -0.13052619222005074 -0.9914448613738105 -6.896924955740449e-20
    outer loop
      vertex 90.2 10.45 5.2
      vertex 90.52352380637815 10.407407282861335 2.7
      vertex 90.52352380637815 10.407407282861335 5.2
    endloop
  endfacet
  facet normal 0.3826834323650852 0.9238795325112886 0
    outer loop
      vertex 89.87647619362185 40.49259271713867 5.2
      vertex 89.87647619362185 40.49259271713867 2.7
      vertex 89.575 40.61746824526946 2.7
    endloop
  endfacet
  facet normal 0.7933533402912176 0.6087614290087434 0
    outer loop
      vertex 89.31611652351683 40.81611652351682 5.2
      vertex 89.31611652351683 40.81611652351682 2.7
      vertex 89.11746824526945 41.075 2.7
    endloop
  endfacet
  facet normal 0.6087614290087265 0.7933533402912306 0
    outer loop
      vertex 89.575 40.61746824526946 5.2
      vertex 89.575 40.61746824526946 2.7
      vertex 89.31611652351683 40.81611652351682 2.7
    endloop
  endfacet
  facet normal 0.9238795325112886 0.3826834323650852 0
    outer loop
      vertex 89.11746824526945 41.075 5.2
      vertex 89.11746824526945 41.075 2.7
      vertex 88.99259271713866 41.376476193621855 2.7
    endloop
  endfacet
  facet normal 0.7933533402912177 -0.6087614290087434 1.1601758307246018e-17
    outer loop
      vertex 89.11746824526945 42.325 2.2
      vertex 89.31611652351683 42.58388347648319 2.2
      vertex 89.31611652351683 42.58388347648319 2.7
    endloop
  endfacet
  facet normal 0.7933533402912235 -0.6087614290087359 -6.2421517404513384e-15
    outer loop
      vertex 89.15057629164401 42.36814724608053 2.7
      vertex 89.11746824526945 42.325 2.2
      vertex 89.31611652351683 42.58388347648319 2.7
    endloop
  endfacet
  facet normal 0.6087614290087265 -0.7933533402912306 -1.430661537433583e-17
    outer loop
      vertex 89.31611652351683 42.58388347648319 2.2
      vertex 89.575 42.78253175473055 2.2
      vertex 89.575 42.78253175473055 2.7
    endloop
  endfacet
  facet normal 0.6087614290087446 -0.7933533402912167 -1.4889294391699777e-14
    outer loop
      vertex 89.35926376959736 42.616991522857745 2.7
      vertex 89.31611652351683 42.58388347648319 2.2
      vertex 89.575 42.78253175473055 2.7
    endloop
  endfacet
  facet normal 0.9914448613738118 0.13052619222004003 0
    outer loop
      vertex 88.99259271713866 41.376476193621855 5.2
      vertex 88.99259271713866 41.376476193621855 2.7
      vertex 88.95 41.7 2.7
    endloop
  endfacet
  facet normal 0.9914448613738118 -0.13052619222004003 0
    outer loop
      vertex 88.95 41.7 5.2
      vertex 88.95 41.7 2.7
      vertex 88.99259271713866 42.02352380637815 2.7
    endloop
  endfacet
  facet normal 0.9238795325112886 -0.3826834323650852 0
    outer loop
      vertex 88.99259271713866 42.02352380637815 5.2
      vertex 88.99259271713866 42.02352380637815 2.7
      vertex 89.11746824526945 42.325 2.7
    endloop
  endfacet
  facet normal 0.7933533402911886 -0.6087614290087814 0
    outer loop
      vertex 89.11746824526945 42.325 5.2
      vertex 89.11746824526945 42.325 2.7
      vertex 89.15057629164401 42.36814724608053 2.7
    endloop
  endfacet
  facet normal 0.7933533402912235 -0.6087614290087359 0
    outer loop
      vertex 89.31611652351683 42.58388347648319 5.2
      vertex 89.15057629164401 42.36814724608053 2.7
      vertex 89.31611652351683 42.58388347648319 2.7
    endloop
  endfacet
  facet normal 0.6087614290086361 -0.7933533402913001 0
    outer loop
      vertex 89.31611652351683 42.58388347648319 5.2
      vertex 89.31611652351683 42.58388347648319 2.7
      vertex 89.35926376959736 42.616991522857745 2.7
    endloop
  endfacet
  facet normal 0.6087614290087446 -0.7933533402912167 0
    outer loop
      vertex 89.575 42.78253175473055 5.2
      vertex 89.35926376959736 42.616991522857745 2.7
      vertex 89.575 42.78253175473055 2.7
    endloop
  endfacet
  facet normal 0.3826834323650852 -0.9238795325112886 0
    outer loop
      vertex 89.575 42.78253175473055 5.2
      vertex 89.575 42.78253175473055 2.7
      vertex 89.87647619362185 42.907407282861335 2.7
    endloop
  endfacet
  facet normal 0.6087614290087265 0.7933533402912306 0
    outer loop
      vertex 89.31611652351683 40.81611652351682 5.2
      vertex 89.575 40.61746824526946 5.2
      vertex 89.31611652351683 40.81611652351682 2.7
    endloop
  endfacet
  facet normal 0.3826834323650852 0.9238795325112886 -2.5618810736841913e-18
    outer loop
      vertex 89.87647619362185 40.49259271713867 5.2
      vertex 89.575 40.61746824526946 2.7
      vertex 89.575 40.61746824526946 5.2
    endloop
  endfacet
  facet normal 0.7933533402912176 0.6087614290087434 -2.3203516614492036e-18
    outer loop
      vertex 89.31611652351683 40.81611652351682 5.2
      vertex 89.11746824526945 41.075 2.7
      vertex 89.11746824526945 41.075 5.2
    endloop
  endfacet
  facet normal 0.9238795325112886 0.3826834323650852 -2.5618810736841913e-18
    outer loop
      vertex 89.11746824526945 41.075 5.2
      vertex 88.99259271713866 41.376476193621855 2.7
      vertex 88.99259271713866 41.376476193621855 5.2
    endloop
  endfacet
  facet normal 0.9914448613738118 0.13052619222004003 -9.689721965632104e-19
    outer loop
      vertex 88.99259271713866 41.376476193621855 5.2
      vertex 88.95 41.7 2.7
      vertex 88.95 41.7 5.2
    endloop
  endfacet
  facet normal 0.9914448613738118 -0.13052619222004003 9.689721965632104e-19
    outer loop
      vertex 88.95 41.7 5.2
      vertex 88.99259271713866 42.02352380637815 2.7
      vertex 88.99259271713866 42.02352380637815 5.2
    endloop
  endfacet
  facet normal 0.9238795325112886 -0.3826834323650852 2.5618810736841913e-18
    outer loop
      vertex 88.99259271713866 42.02352380637815 5.2
      vertex 89.11746824526945 42.325 2.7
      vertex 89.11746824526945 42.325 5.2
    endloop
  endfacet
  facet normal 0.7933533402912176 -0.6087614290087434 1.039779835769245e-15
    outer loop
      vertex 89.11746824526945 42.325 5.2
      vertex 89.15057629164401 42.36814724608053 2.7
      vertex 89.31611652351683 42.58388347648319 5.2
    endloop
  endfacet
  facet normal 0.6087614290087265 -0.7933533402912306 2.4817771287473e-15
    outer loop
      vertex 89.31611652351683 42.58388347648319 5.2
      vertex 89.35926376959736 42.616991522857745 2.7
      vertex 89.575 42.78253175473055 5.2
    endloop
  endfacet
  facet normal 0.3826834323650852 -0.9238795325112886 2.5618810736841913e-18
    outer loop
      vertex 89.575 42.78253175473055 5.2
      vertex 89.87647619362185 42.907407282861335 2.7
      vertex 89.87647619362185 42.907407282861335 5.2
    endloop
  endfacet
  facet normal -0.6087614290087265 0.7933533402912306 0
    outer loop
      vertex 90.825 40.61746824526946 2.2
      vertex 90.825 40.61746824526946 2.7
      vertex 91.08388347648318 40.81611652351682 2.2
    endloop
  endfacet
  facet normal -0.6087614290087446 0.7933533402912167 -1.4889294391699777e-14
    outer loop
      vertex 91.04073623040264 40.78300847714226 2.7
      vertex 91.08388347648318 40.81611652351682 2.2
      vertex 90.825 40.61746824526946 2.7
    endloop
  endfacet
  facet normal -0.7933533402912177 0.6087614290087434 1.1601758307246018e-17
    outer loop
      vertex 91.28253175473056 41.075 2.2
      vertex 91.08388347648318 40.81611652351682 2.2
      vertex 91.08388347648318 40.81611652351682 2.7
    endloop
  endfacet
  facet normal -0.7933533402912235 0.6087614290087359 -6.2421517404513384e-15
    outer loop
      vertex 91.24942370835599 41.03185275391947 2.7
      vertex 91.28253175473056 41.075 2.2
      vertex 91.08388347648318 40.81611652351682 2.7
    endloop
  endfacet
  facet normal 0.13052619222006143 0.9914448613738092 0
    outer loop
      vertex 90.2 40.45 5.2
      vertex 90.2 40.45 2.7
      vertex 89.87647619362185 40.49259271713867 2.7
    endloop
  endfacet
  facet normal -0.13052619222006143 0.9914448613738092 0
    outer loop
      vertex 90.52352380637815 40.49259271713867 5.2
      vertex 90.52352380637815 40.49259271713867 2.7
      vertex 90.2 40.45 2.7
    endloop
  endfacet
  facet normal -0.3826834323650852 0.9238795325112886 0
    outer loop
      vertex 90.825 40.61746824526946 5.2
      vertex 90.825 40.61746824526946 2.7
      vertex 90.52352380637815 40.49259271713867 2.7
    endloop
  endfacet
  facet normal -0.6087614290087446 0.7933533402912167 0
    outer loop
      vertex 90.825 40.61746824526946 5.2
      vertex 91.04073623040264 40.78300847714226 2.7
      vertex 90.825 40.61746824526946 2.7
    endloop
  endfacet
  facet normal -0.6087614290086361 0.7933533402913001 0
    outer loop
      vertex 91.08388347648318 40.81611652351682 5.2
      vertex 91.08388347648318 40.81611652351682 2.7
      vertex 91.04073623040264 40.78300847714226 2.7
    endloop
  endfacet
  facet normal -0.7933533402912235 0.6087614290087359 0
    outer loop
      vertex 91.08388347648318 40.81611652351682 5.2
      vertex 91.24942370835599 41.03185275391947 2.7
      vertex 91.08388347648318 40.81611652351682 2.7
    endloop
  endfacet
  facet normal -0.7933533402911886 0.6087614290087814 0
    outer loop
      vertex 91.28253175473056 41.075 5.2
      vertex 91.28253175473056 41.075 2.7
      vertex 91.24942370835599 41.03185275391947 2.7
    endloop
  endfacet
  facet normal -0.9238795325112886 0.3826834323650852 0
    outer loop
      vertex 91.40740728286134 41.376476193621855 5.2
      vertex 91.40740728286134 41.376476193621855 2.7
      vertex 91.28253175473056 41.075 2.7
    endloop
  endfacet
  facet normal -0.9914448613738118 0.13052619222004003 0
    outer loop
      vertex 91.45 41.7 5.2
      vertex 91.45 41.7 2.7
      vertex 91.40740728286134 41.376476193621855 2.7
    endloop
  endfacet
  facet normal -0.9914448613738118 -0.13052619222004003 0
    outer loop
      vertex 91.40740728286134 42.02352380637815 5.2
      vertex 91.40740728286134 42.02352380637815 2.7
      vertex 91.45 41.7 2.7
    endloop
  endfacet
  facet normal 0.13052619222006143 -0.9914448613738092 0
    outer loop
      vertex 89.87647619362185 42.907407282861335 5.2
      vertex 89.87647619362185 42.907407282861335 2.7
      vertex 90.2 42.95 2.7
    endloop
  endfacet
  facet normal -0.13052619222006143 -0.9914448613738092 0
    outer loop
      vertex 90.2 42.95 5.2
      vertex 90.2 42.95 2.7
      vertex 90.52352380637815 42.907407282861335 2.7
    endloop
  endfacet
  facet normal -0.6087614290087265 -0.7933533402912306 0
    outer loop
      vertex 90.825 42.78253175473055 5.2
      vertex 90.825 42.78253175473055 2.7
      vertex 91.08388347648318 42.58388347648319 2.7
    endloop
  endfacet
  facet normal -0.3826834323650852 -0.9238795325112886 0
    outer loop
      vertex 90.52352380637815 42.907407282861335 5.2
      vertex 90.52352380637815 42.907407282861335 2.7
      vertex 90.825 42.78253175473055 2.7
    endloop
  endfacet
  facet normal -0.9238795325112886 -0.3826834323650852 0
    outer loop
      vertex 91.28253175473056 42.325 5.2
      vertex 91.28253175473056 42.325 2.7
      vertex 91.40740728286134 42.02352380637815 2.7
    endloop
  endfacet
  facet normal -0.7933533402912176 -0.6087614290087434 0
    outer loop
      vertex 91.08388347648318 42.58388347648319 5.2
      vertex 91.08388347648318 42.58388347648319 2.7
      vertex 91.28253175473056 42.325 2.7
    endloop
  endfacet
  facet normal 0.13052619222006143 0.9914448613738092 0
    outer loop
      vertex 89.87647619362185 40.49259271713867 5.2
      vertex 90.2 40.45 5.2
      vertex 89.87647619362185 40.49259271713867 2.7
    endloop
  endfacet
  facet normal -0.13052619222006143 0.9914448613738092 0
    outer loop
      vertex 90.2 40.45 5.2
      vertex 90.52352380637815 40.49259271713867 5.2
      vertex 90.2 40.45 2.7
    endloop
  endfacet
  facet normal -0.3826834323650852 0.9238795325112886 0
    outer loop
      vertex 90.52352380637815 40.49259271713867 5.2
      vertex 90.825 40.61746824526946 5.2
      vertex 90.52352380637815 40.49259271713867 2.7
    endloop
  endfacet
  facet normal -0.6087614290087265 0.7933533402912306 2.4787331244811064e-15
    outer loop
      vertex 90.825 40.61746824526946 5.2
      vertex 91.08388347648318 40.81611652351682 5.2
      vertex 91.04073623040264 40.78300847714226 2.7
    endloop
  endfacet
  facet normal -0.7933533402912176 0.6087614290087434 1.0402245010922814e-15
    outer loop
      vertex 91.08388347648318 40.81611652351682 5.2
      vertex 91.28253175473056 41.075 5.2
      vertex 91.24942370835599 41.03185275391947 2.7
    endloop
  endfacet
  facet normal -0.9238795325112886 0.3826834323650852 0
    outer loop
      vertex 91.28253175473056 41.075 5.2
      vertex 91.40740728286134 41.376476193621855 5.2
      vertex 91.28253175473056 41.075 2.7
    endloop
  endfacet
  facet normal -0.9914448613738118 0.13052619222004003 0
    outer loop
      vertex 91.40740728286134 41.376476193621855 5.2
      vertex 91.45 41.7 5.2
      vertex 91.40740728286134 41.376476193621855 2.7
    endloop
  endfacet
  facet normal -0.9914448613738118 -0.13052619222004003 0
    outer loop
      vertex 91.45 41.7 5.2
      vertex 91.40740728286134 42.02352380637815 5.2
      vertex 91.45 41.7 2.7
    endloop
  endfacet
  facet normal -0.9238795325112886 -0.3826834323650852 0
    outer loop
      vertex 91.40740728286134 42.02352380637815 5.2
      vertex 91.28253175473056 42.325 5.2
      vertex 91.40740728286134 42.02352380637815 2.7
    endloop
  endfacet
  facet normal 0.13052619222006143 -0.9914448613738092 -8.310336974483991e-19
    outer loop
      vertex 89.87647619362185 42.907407282861335 5.2
      vertex 90.2 42.95 2.7
      vertex 90.2 42.95 5.2
    endloop
  endfacet
  facet normal -0.13052619222006143 -0.9914448613738092 0
    outer loop
      vertex 90.52352380637815 42.907407282861335 5.2
      vertex 90.2 42.95 5.2
      vertex 90.52352380637815 42.907407282861335 2.7
    endloop
  endfacet
  facet normal -0.6087614290087265 -0.7933533402912306 2.8613230748671665e-18
    outer loop
      vertex 90.825 42.78253175473055 5.2
      vertex 91.08388347648318 42.58388347648319 2.7
      vertex 91.08388347648318 42.58388347648319 5.2
    endloop
  endfacet
  facet normal -0.3826834323650852 -0.9238795325112886 -2.5618810736841913e-18
    outer loop
      vertex 90.52352380637815 42.907407282861335 5.2
      vertex 90.825 42.78253175473055 2.7
      vertex 90.825 42.78253175473055 5.2
    endloop
  endfacet
  facet normal -0.7933533402912176 -0.6087614290087434 0
    outer loop
      vertex 91.28253175473056 42.325 5.2
      vertex 91.08388347648318 42.58388347648319 5.2
      vertex 91.28253175473056 42.325 2.7
    endloop
  endfacet
  facet normal 0.7933533402912387 0.608761429008716 0
    outer loop
      vertex 133.8161165235168 8.316116523516815 5.2
      vertex 133.8161165235168 8.316116523516815 2.7
      vertex 133.61746824526944 8.575 2.7
    endloop
  endfacet
  facet normal 0.9238795325112871 0.38268343236508906 0
    outer loop
      vertex 133.61746824526944 8.575 5.2
      vertex 133.61746824526944 8.575 2.7
      vertex 133.49259271713865 8.876476193621848 2.7
    endloop
  endfacet
  facet normal 0.3826834323650875 0.9238795325112876 0
    outer loop
      vertex 134.37647619362184 7.992592717138664 5.2
      vertex 134.37647619362184 7.992592717138664 2.7
      vertex 134.075 8.117468245269452 2.7
    endloop
  endfacet
  facet normal 0.608761429008709 0.7933533402912442 0
    outer loop
      vertex 134.075 8.117468245269452 5.2
      vertex 134.075 8.117468245269452 2.7
      vertex 133.8161165235168 8.316116523516815 2.7
    endloop
  endfacet
  facet normal 0.1305261922200534 0.9914448613738102 0
    outer loop
      vertex 134.7 7.949999999999999 5.2
      vertex 134.7 7.949999999999999 2.7
      vertex 134.37647619362184 7.992592717138664 2.7
    endloop
  endfacet
  facet normal 0.991444861373812 0.1305261922200386 0
    outer loop
      vertex 133.49259271713865 8.876476193621848 5.2
      vertex 133.49259271713865 8.876476193621848 2.7
      vertex 133.45 9.2 2.7
    endloop
  endfacet
  facet normal 0.991444861373812 -0.1305261922200386 0
    outer loop
      vertex 133.45 9.2 5.2
      vertex 133.45 9.2 2.7
      vertex 133.49259271713865 9.52352380637815 2.7
    endloop
  endfacet
  facet normal 0.608761429008709 -0.7933533402912442 -9.805210123494993e-18
    outer loop
      vertex 133.8161165235168 10.083883476483184 2.2
      vertex 134.075 10.282531754730547 2.2
      vertex 134.075 10.282531754730547 2.7
    endloop
  endfacet
  facet normal 0.6087614290087152 -0.7933533402912392 -5.228684418796915e-15
    outer loop
      vertex 133.85926376959733 10.116991522857745 2.7
      vertex 133.8161165235168 10.083883476483184 2.2
      vertex 134.075 10.282531754730547 2.7
    endloop
  endfacet
  facet normal 0.3826834323650908 -0.9238795325112863 -6.543379169546337e-16
    outer loop
      vertex 134.1252460322703 10.303344342752345 2.7
      vertex 134.075 10.282531754730547 2.2
      vertex 134.37647619362184 10.407407282861335 2.7
    endloop
  endfacet
  facet normal 0.38268343236508984 -0.9238795325112867 2.037550584022899e-17
    outer loop
      vertex 134.075 10.282531754730547 2.2
      vertex 134.37647619362184 10.407407282861335 2.2
      vertex 134.37647619362184 10.407407282861335 2.7
    endloop
  endfacet
  facet normal 0.9238795325112871 -0.38268343236508906 0
    outer loop
      vertex 133.49259271713865 9.52352380637815 5.2
      vertex 133.49259271713865 9.52352380637815 2.7
      vertex 133.61746824526944 9.825 2.7
    endloop
  endfacet
  facet normal 0.7933533402912387 -0.608761429008716 0
    outer loop
      vertex 133.61746824526944 9.825 5.2
      vertex 133.61746824526944 9.825 2.7
      vertex 133.8161165235168 10.083883476483184 2.7
    endloop
  endfacet
  facet normal 0.6087614290086771 -0.7933533402912686 0
    outer loop
      vertex 133.8161165235168 10.083883476483184 5.2
      vertex 133.8161165235168 10.083883476483184 2.7
      vertex 133.85926376959733 10.116991522857745 2.7
    endloop
  endfacet
  facet normal 0.6087614290087153 -0.7933533402912393 0
    outer loop
      vertex 134.075 10.282531754730547 5.2
      vertex 133.85926376959733 10.116991522857745 2.7
      vertex 134.075 10.282531754730547 2.7
    endloop
  endfacet
  facet normal 0.3826834323650852 -0.9238795325112886 0
    outer loop
      vertex 134.075 10.282531754730547 5.2
      vertex 134.075 10.282531754730547 2.7
      vertex 134.1252460322703 10.303344342752345 2.7
    endloop
  endfacet
  facet normal 0.3826834323650907 -0.9238795325112863 0
    outer loop
      vertex 134.37647619362184 10.407407282861335 5.2
      vertex 134.1252460322703 10.303344342752345 2.7
      vertex 134.37647619362184 10.407407282861335 2.7
    endloop
  endfacet
  facet normal 0.13052619222005074 -0.9914448613738105 0
    outer loop
      vertex 134.37647619362184 10.407407282861335 5.2
      vertex 134.37647619362184 10.407407282861335 2.7
      vertex 134.7 10.45 2.7
    endloop
  endfacet
  facet normal -0.13052619222005074 -0.9914448613738105 0
    outer loop
      vertex 134.7 10.45 5.2
      vertex 134.7 10.45 2.7
      vertex 135.02352380637814 10.407407282861335 2.7
    endloop
  endfacet
  facet normal -0.1305261922200713 0.9914448613738077 1.286934920018327e-15
    outer loop
      vertex 134.93838596259442 7.981384107365331 2.2
      vertex 134.99051117307425 7.98824652151227 2.506122448979592
      vertex 135.02352380637814 7.992592717138664 2.2
    endloop
  endfacet
  facet normal -0.3826834323650875 0.9238795325112876 -4.6719168128494116e-18
    outer loop
      vertex 135.325 8.117468245269452 2.2
      vertex 135.02352380637814 7.992592717138664 2.2
      vertex 135.02352380637814 7.992592717138664 2.7
    endloop
  endfacet
  facet normal -0.38268343236508795 0.9238795325112874 -3.2610997168296827e-16
    outer loop
      vertex 135.27475396772968 8.096655657247654 2.7
      vertex 135.325 8.117468245269452 2.2
      vertex 135.02352380637814 7.992592717138664 2.7
    endloop
  endfacet
  facet normal -0.608761429008709 0.7933533402912442 -9.805210123494993e-18
    outer loop
      vertex 135.58388347648318 8.316116523516815 2.2
      vertex 135.325 8.117468245269452 2.2
      vertex 135.325 8.117468245269452 2.7
    endloop
  endfacet
  facet normal -0.6087614290087152 0.7933533402912392 -5.228684418796915e-15
    outer loop
      vertex 135.54073623040264 8.283008477142253 2.7
      vertex 135.58388347648318 8.316116523516815 2.2
      vertex 135.325 8.117468245269452 2.7
    endloop
  endfacet
  facet normal -0.1305261922200534 0.9914448613738102 0
    outer loop
      vertex 135.02352380637814 7.992592717138664 5.2
      vertex 135.02352380637814 7.992592717138664 2.7
      vertex 134.7 7.949999999999999 2.7
    endloop
  endfacet
  facet normal -0.38268343236508795 0.9238795325112875 0
    outer loop
      vertex 135.02352380637814 7.992592717138664 5.2
      vertex 135.27475396772968 8.096655657247654 2.7
      vertex 135.02352380637814 7.992592717138664 2.7
    endloop
  endfacet
  facet normal -0.3826834323650852 0.9238795325112886 0
    outer loop
      vertex 135.325 8.117468245269452 5.2
      vertex 135.325 8.117468245269452 2.7
      vertex 135.27475396772968 8.096655657247654 2.7
    endloop
  endfacet
  facet normal -0.6087614290087153 0.7933533402912393 0
    outer loop
      vertex 135.325 8.117468245269452 5.2
      vertex 135.54073623040264 8.283008477142253 2.7
      vertex 135.325 8.117468245269452 2.7
    endloop
  endfacet
  facet normal -0.6087614290086771 0.7933533402912686 0
    outer loop
      vertex 135.58388347648318 8.316116523516815 5.2
      vertex 135.58388347648318 8.316116523516815 2.7
      vertex 135.54073623040264 8.283008477142253 2.7
    endloop
  endfacet
  facet normal -0.7933533402912387 0.608761429008716 0
    outer loop
      vertex 135.78253175473054 8.575 5.2
      vertex 135.78253175473054 8.575 2.7
      vertex 135.58388347648318 8.316116523516815 2.7
    endloop
  endfacet
  facet normal -0.9238795325112871 0.38268343236508906 0
    outer loop
      vertex 135.90740728286133 8.876476193621848 5.2
      vertex 135.90740728286133 8.876476193621848 2.7
      vertex 135.78253175473054 8.575 2.7
    endloop
  endfacet
  facet normal -0.991444861373812 0.1305261922200386 0
    outer loop
      vertex 135.95 9.2 5.2
      vertex 135.95 9.2 2.7
      vertex 135.90740728286133 8.876476193621848 2.7
    endloop
  endfacet
  facet normal -0.991444861373812 -0.1305261922200386 0
    outer loop
      vertex 135.90740728286133 9.52352380637815 5.2
      vertex 135.90740728286133 9.52352380637815 2.7
      vertex 135.95 9.2 2.7
    endloop
  endfacet
  facet normal -0.9238795325112871 -0.38268343236508906 0
    outer loop
      vertex 135.78253175473054 9.825 5.2
      vertex 135.78253175473054 9.825 2.7
      vertex 135.90740728286133 9.52352380637815 2.7
    endloop
  endfacet
  facet normal -0.608761429008709 -0.7933533402912442 0
    outer loop
      vertex 135.325 10.282531754730547 5.2
      vertex 135.325 10.282531754730547 2.7
      vertex 135.58388347648318 10.083883476483184 2.7
    endloop
  endfacet
  facet normal -0.7933533402912387 -0.608761429008716 0
    outer loop
      vertex 135.58388347648318 10.083883476483184 5.2
      vertex 135.58388347648318 10.083883476483184 2.7
      vertex 135.78253175473054 9.825 2.7
    endloop
  endfacet
  facet normal -0.3826834323650898 -0.9238795325112866 0
    outer loop
      vertex 135.02352380637814 10.407407282861335 5.2
      vertex 135.02352380637814 10.407407282861335 2.7
      vertex 135.325 10.282531754730547 2.7
    endloop
  endfacet
  facet normal 0.7933533402912387 0.608761429008716 0
    outer loop
      vertex 133.61746824526944 8.575 5.2
      vertex 133.8161165235168 8.316116523516815 5.2
      vertex 133.61746824526944 8.575 2.7
    endloop
  endfacet
  facet normal 0.3826834323650875 0.9238795325112876 0
    outer loop
      vertex 134.075 8.117468245269452 5.2
      vertex 134.37647619362184 7.992592717138664 5.2
      vertex 134.075 8.117468245269452 2.7
    endloop
  endfacet
  facet normal 0.608761429008709 0.7933533402912442 1.9610420246989985e-18
    outer loop
      vertex 134.075 8.117468245269452 5.2
      vertex 133.8161165235168 8.316116523516815 2.7
      vertex 133.8161165235168 8.316116523516815 5.2
    endloop
  endfacet
  facet normal 0.1305261922200534 0.9914448613738102 6.876407976234156e-19
    outer loop
      vertex 134.7 7.949999999999999 5.2
      vertex 134.37647619362184 7.992592717138664 2.7
      vertex 134.37647619362184 7.992592717138664 5.2
    endloop
  endfacet
  facet normal -0.1305261922200534 0.9914448613738102 0
    outer loop
      vertex 134.7 7.949999999999999 5.2
      vertex 135.02352380637814 7.992592717138664 5.2
      vertex 134.7 7.949999999999999 2.7
    endloop
  endfacet
  facet normal 0.9238795325112871 0.38268343236508906 -3.1039490278433387e-18
    outer loop
      vertex 133.61746824526944 8.575 5.2
      vertex 133.49259271713865 8.876476193621848 2.7
      vertex 133.49259271713865 8.876476193621848 5.2
    endloop
  endfacet
  facet normal 0.991444861373812 0.1305261922200386 6.686296578231034e-19
    outer loop
      vertex 133.49259271713865 8.876476193621848 5.2
      vertex 133.45 9.2 2.7
      vertex 133.45 9.2 5.2
    endloop
  endfacet
  facet normal 0.991444861373812 -0.1305261922200386 -6.686296578231034e-19
    outer loop
      vertex 133.45 9.2 5.2
      vertex 133.49259271713865 9.52352380637815 2.7
      vertex 133.49259271713865 9.52352380637815 5.2
    endloop
  endfacet
  facet normal 0.9238795325112871 -0.38268343236508906 3.1039490278433387e-18
    outer loop
      vertex 133.49259271713865 9.52352380637815 5.2
      vertex 133.61746824526944 9.825 2.7
      vertex 133.61746824526944 9.825 5.2
    endloop
  endfacet
  facet normal 0.7933533402912387 -0.608761429008716 6.756814228744606e-19
    outer loop
      vertex 133.61746824526944 9.825 5.2
      vertex 133.8161165235168 10.083883476483184 2.7
      vertex 133.8161165235168 10.083883476483184 5.2
    endloop
  endfacet
  facet normal 0.608761429008709 -0.7933533402912442 8.724528069373866e-16
    outer loop
      vertex 133.8161165235168 10.083883476483184 5.2
      vertex 133.85926376959733 10.116991522857745 2.7
      vertex 134.075 10.282531754730547 5.2
    endloop
  endfacet
  facet normal 0.3826834323650898 -0.9238795325112866 1.0983629526950271e-16
    outer loop
      vertex 134.075 10.282531754730547 5.2
      vertex 134.1252460322703 10.303344342752345 2.7
      vertex 134.37647619362184 10.407407282861335 5.2
    endloop
  endfacet
  facet normal 0.13052619222005074 -0.9914448613738105 6.896924955740449e-20
    outer loop
      vertex 134.37647619362184 10.407407282861335 5.2
      vertex 134.7 10.45 2.7
      vertex 134.7 10.45 5.2
    endloop
  endfacet
  facet normal -0.3826834323650875 0.9238795325112876 5.817887922657103e-17
    outer loop
      vertex 135.02352380637814 7.992592717138664 5.2
      vertex 135.325 8.117468245269452 5.2
      vertex 135.27475396772968 8.096655657247654 2.7
    endloop
  endfacet
  facet normal -0.608761429008709 0.7933533402912442 8.690390569061168e-16
    outer loop
      vertex 135.325 8.117468245269452 5.2
      vertex 135.58388347648318 8.316116523516815 5.2
      vertex 135.54073623040264 8.283008477142253 2.7
    endloop
  endfacet
  facet normal -0.7933533402912387 0.608761429008716 0
    outer loop
      vertex 135.58388347648318 8.316116523516815 5.2
      vertex 135.78253175473054 8.575 5.2
      vertex 135.58388347648318 8.316116523516815 2.7
    endloop
  endfacet
  facet normal -0.9238795325112871 0.38268343236508906 0
    outer loop
      vertex 135.78253175473054 8.575 5.2
      vertex 135.90740728286133 8.876476193621848 5.2
      vertex 135.78253175473054 8.575 2.7
    endloop
  endfacet
  facet normal -0.991444861373812 0.1305261922200386 0
    outer loop
      vertex 135.90740728286133 8.876476193621848 5.2
      vertex 135.95 9.2 5.2
      vertex 135.90740728286133 8.876476193621848 2.7
    endloop
  endfacet
  facet normal -0.991444861373812 -0.1305261922200386 0
    outer loop
      vertex 135.95 9.2 5.2
      vertex 135.90740728286133 9.52352380637815 5.2
      vertex 135.95 9.2 2.7
    endloop
  endfacet
  facet normal -0.9238795325112871 -0.38268343236508906 0
    outer loop
      vertex 135.90740728286133 9.52352380637815 5.2
      vertex 135.78253175473054 9.825 5.2
      vertex 135.90740728286133 9.52352380637815 2.7
    endloop
  endfacet
  facet normal -0.7933533402912387 -0.608761429008716 0
    outer loop
      vertex 135.78253175473054 9.825 5.2
      vertex 135.58388347648318 10.083883476483184 5.2
      vertex 135.78253175473054 9.825 2.7
    endloop
  endfacet
  facet normal -0.3826834323650898 -0.9238795325112866 0
    outer loop
      vertex 135.325 10.282531754730547 5.2
      vertex 135.02352380637814 10.407407282861335 5.2
      vertex 135.325 10.282531754730547 2.7
    endloop
  endfacet
  facet normal -0.608761429008709 -0.7933533402912442 1.9610420246989985e-18
    outer loop
      vertex 135.325 10.282531754730547 5.2
      vertex 135.58388347648318 10.083883476483184 2.7
      vertex 135.58388347648318 10.083883476483184 5.2
    endloop
  endfacet
  facet normal -0.13052619222005074 -0.9914448613738105 -6.896924955740449e-20
    outer loop
      vertex 134.7 10.45 5.2
      vertex 135.02352380637814 10.407407282861335 2.7
      vertex 135.02352380637814 10.407407282861335 5.2
    endloop
  endfacet
  facet normal 0.3826834323650852 0.9238795325112886 0
    outer loop
      vertex 134.37647619362184 40.49259271713867 5.2
      vertex 134.37647619362184 40.49259271713867 2.7
      vertex 134.075 40.61746824526946 2.7
    endloop
  endfacet
  facet normal 0.13052619222006143 0.9914448613738092 0
    outer loop
      vertex 134.7 40.45 5.2
      vertex 134.7 40.45 2.7
      vertex 134.37647619362184 40.49259271713867 2.7
    endloop
  endfacet
  facet normal 0.7933533402912387 0.608761429008716 0
    outer loop
      vertex 133.8161165235168 40.81611652351682 5.2
      vertex 133.8161165235168 40.81611652351682 2.7
      vertex 133.61746824526944 41.075 2.7
    endloop
  endfacet
  facet normal 0.9238795325112886 0.3826834323650852 0
    outer loop
      vertex 133.61746824526944 41.075 5.2
      vertex 133.61746824526944 41.075 2.7
      vertex 133.49259271713865 41.376476193621855 2.7
    endloop
  endfacet
  facet normal 0.6087614290087056 0.7933533402912468 0
    outer loop
      vertex 134.075 40.61746824526946 5.2
      vertex 134.075 40.61746824526946 2.7
      vertex 133.8161165235168 40.81611652351682 2.7
    endloop
  endfacet
  facet normal 0.6087614290087054 -0.7933533402912467 2.1063429603079825e-17
    outer loop
      vertex 133.8161165235168 42.58388347648319 2.2
      vertex 134.075 42.78253175473055 2.2
      vertex 134.075 42.78253175473055 2.7
    endloop
  endfacet
  facet normal 0.6087614290087194 -0.7933533402912362 -1.143170743666659e-14
    outer loop
      vertex 133.85926376959733 42.616991522857745 2.7
      vertex 133.8161165235168 42.58388347648319 2.2
      vertex 134.075 42.78253175473055 2.7
    endloop
  endfacet
  facet normal 0.3826834323650852 -0.9238795325112886 0
    outer loop
      vertex 134.37647619362184 42.907407282861335 2.2
      vertex 134.37647619362184 42.907407282861335 2.7
      vertex 134.075 42.78253175473055 2.2
    endloop
  endfacet
  facet normal 0.3826834323650852 -0.9238795325112886 2.117973588698056e-18
    outer loop
      vertex 134.1252460322703 42.80334434275235 2.7
      vertex 134.075 42.78253175473055 2.2
      vertex 134.37647619362184 42.907407282861335 2.7
    endloop
  endfacet
  facet normal 0.9914448613738118 0.13052619222004003 0
    outer loop
      vertex 133.49259271713865 41.376476193621855 5.2
      vertex 133.49259271713865 41.376476193621855 2.7
      vertex 133.45 41.7 2.7
    endloop
  endfacet
  facet normal 0.9914448613738118 -0.13052619222004003 0
    outer loop
      vertex 133.45 41.7 5.2
      vertex 133.45 41.7 2.7
      vertex 133.49259271713865 42.02352380637815 2.7
    endloop
  endfacet
  facet normal 0.9238795325112886 -0.3826834323650852 0
    outer loop
      vertex 133.49259271713865 42.02352380637815 5.2
      vertex 133.49259271713865 42.02352380637815 2.7
      vertex 133.61746824526944 42.325 2.7
    endloop
  endfacet
  facet normal 0.7933533402912387 -0.608761429008716 0
    outer loop
      vertex 133.61746824526944 42.325 5.2
      vertex 133.61746824526944 42.325 2.7
      vertex 133.8161165235168 42.58388347648319 2.7
    endloop
  endfacet
  facet normal 0.6087614290086361 -0.7933533402913001 0
    outer loop
      vertex 133.8161165235168 42.58388347648319 5.2
      vertex 133.8161165235168 42.58388347648319 2.7
      vertex 133.85926376959733 42.616991522857745 2.7
    endloop
  endfacet
  facet normal 0.6087614290087193 -0.793353340291236 0
    outer loop
      vertex 134.075 42.78253175473055 5.2
      vertex 133.85926376959733 42.616991522857745 2.7
      vertex 134.075 42.78253175473055 2.7
    endloop
  endfacet
  facet normal 0.3826834323650852 -0.9238795325112886 0
    outer loop
      vertex 134.075 42.78253175473055 5.2
      vertex 134.075 42.78253175473055 2.7
      vertex 134.1252460322703 42.80334434275235 2.7
    endloop
  endfacet
  facet normal 0.3826834323650852 -0.9238795325112885 0
    outer loop
      vertex 134.37647619362184 42.907407282861335 5.2
      vertex 134.1252460322703 42.80334434275235 2.7
      vertex 134.37647619362184 42.907407282861335 2.7
    endloop
  endfacet
  facet normal 0.13052619222006143 -0.9914448613738092 0
    outer loop
      vertex 134.37647619362184 42.907407282861335 5.2
      vertex 134.37647619362184 42.907407282861335 2.7
      vertex 134.7 42.95 2.7
    endloop
  endfacet
  facet normal -0.13052619222006143 -0.9914448613738092 0
    outer loop
      vertex 134.7 42.95 5.2
      vertex 134.7 42.95 2.7
      vertex 135.02352380637814 42.907407282861335 2.7
    endloop
  endfacet
  facet normal -0.3826834323650852 0.9238795325112886 0
    outer loop
      vertex 135.02352380637814 40.49259271713867 2.2
      vertex 135.02352380637814 40.49259271713867 2.7
      vertex 135.325 40.61746824526946 2.2
    endloop
  endfacet
  facet normal -0.6087614290087054 0.7933533402912467 2.1063429603079825e-17
    outer loop
      vertex 135.58388347648318 40.81611652351682 2.2
      vertex 135.325 40.61746824526946 2.2
      vertex 135.325 40.61746824526946 2.7
    endloop
  endfacet
  facet normal -0.3826834323650852 0.9238795325112886 2.117973588698056e-18
    outer loop
      vertex 135.27475396772968 40.59665565724766 2.7
      vertex 135.325 40.61746824526946 2.2
      vertex 135.02352380637814 40.49259271713867 2.7
    endloop
  endfacet
  facet normal -0.6087614290087194 0.7933533402912362 -1.143170743666659e-14
    outer loop
      vertex 135.54073623040264 40.78300847714226 2.7
      vertex 135.58388347648318 40.81611652351682 2.2
      vertex 135.325 40.61746824526946 2.7
    endloop
  endfacet
  facet normal -0.13052619222006143 0.9914448613738092 0
    outer loop
      vertex 135.02352380637814 40.49259271713867 5.2
      vertex 135.02352380637814 40.49259271713867 2.7
      vertex 134.7 40.45 2.7
    endloop
  endfacet
  facet normal -0.3826834323650852 0.9238795325112885 0
    outer loop
      vertex 135.02352380637814 40.49259271713867 5.2
      vertex 135.27475396772968 40.59665565724766 2.7
      vertex 135.02352380637814 40.49259271713867 2.7
    endloop
  endfacet
  facet normal -0.3826834323650852 0.9238795325112886 0
    outer loop
      vertex 135.325 40.61746824526946 5.2
      vertex 135.325 40.61746824526946 2.7
      vertex 135.27475396772968 40.59665565724766 2.7
    endloop
  endfacet
  facet normal -0.6087614290087193 0.793353340291236 0
    outer loop
      vertex 135.325 40.61746824526946 5.2
      vertex 135.54073623040264 40.78300847714226 2.7
      vertex 135.325 40.61746824526946 2.7
    endloop
  endfacet
  facet normal -0.6087614290086361 0.7933533402913001 0
    outer loop
      vertex 135.58388347648318 40.81611652351682 5.2
      vertex 135.58388347648318 40.81611652351682 2.7
      vertex 135.54073623040264 40.78300847714226 2.7
    endloop
  endfacet
  facet normal -0.7933533402912387 0.608761429008716 0
    outer loop
      vertex 135.78253175473054 41.075 5.2
      vertex 135.78253175473054 41.075 2.7
      vertex 135.58388347648318 40.81611652351682 2.7
    endloop
  endfacet
  facet normal -0.9238795325112886 0.3826834323650852 0
    outer loop
      vertex 135.90740728286133 41.376476193621855 5.2
      vertex 135.90740728286133 41.376476193621855 2.7
      vertex 135.78253175473054 41.075 2.7
    endloop
  endfacet
  facet normal -0.9914448613738118 0.13052619222004003 0
    outer loop
      vertex 135.95 41.7 5.2
      vertex 135.95 41.7 2.7
      vertex 135.90740728286133 41.376476193621855 2.7
    endloop
  endfacet
  facet normal -0.9914448613738118 -0.13052619222004003 0
    outer loop
      vertex 135.90740728286133 42.02352380637815 5.2
      vertex 135.90740728286133 42.02352380637815 2.7
      vertex 135.95 41.7 2.7
    endloop
  endfacet
  facet normal -0.9238795325112886 -0.3826834323650852 0
    outer loop
      vertex 135.78253175473054 42.325 5.2
      vertex 135.78253175473054 42.325 2.7
      vertex 135.90740728286133 42.02352380637815 2.7
    endloop
  endfacet
  facet normal -0.7933533402912387 -0.608761429008716 0
    outer loop
      vertex 135.58388347648318 42.58388347648319 5.2
      vertex 135.58388347648318 42.58388347648319 2.7
      vertex 135.78253175473054 42.325 2.7
    endloop
  endfacet
  facet normal -0.6087614290087056 -0.7933533402912468 0
    outer loop
      vertex 135.325 42.78253175473055 5.2
      vertex 135.325 42.78253175473055 2.7
      vertex 135.58388347648318 42.58388347648319 2.7
    endloop
  endfacet
  facet normal -0.3826834323650852 -0.9238795325112886 0
    outer loop
      vertex 135.02352380637814 42.907407282861335 5.2
      vertex 135.02352380637814 42.907407282861335 2.7
      vertex 135.325 42.78253175473055 2.7
    endloop
  endfacet
  facet normal 0.13052619222006143 0.9914448613738092 0
    outer loop
      vertex 134.37647619362184 40.49259271713867 5.2
      vertex 134.7 40.45 5.2
      vertex 134.37647619362184 40.49259271713867 2.7
    endloop
  endfacet
  facet normal -0.13052619222006143 0.9914448613738092 0
    outer loop
      vertex 134.7 40.45 5.2
      vertex 135.02352380637814 40.49259271713867 5.2
      vertex 134.7 40.45 2.7
    endloop
  endfacet
  facet normal 0.7933533402912387 0.608761429008716 0
    outer loop
      vertex 133.61746824526944 41.075 5.2
      vertex 133.8161165235168 40.81611652351682 5.2
      vertex 133.61746824526944 41.075 2.7
    endloop
  endfacet
  facet normal 0.9238795325112886 0.3826834323650852 -2.5618810736841913e-18
    outer loop
      vertex 133.61746824526944 41.075 5.2
      vertex 133.49259271713865 41.376476193621855 2.7
      vertex 133.49259271713865 41.376476193621855 5.2
    endloop
  endfacet
  facet normal 0.6087614290087056 0.7933533402912468 -4.2126859206159655e-18
    outer loop
      vertex 134.075 40.61746824526946 5.2
      vertex 133.8161165235168 40.81611652351682 2.7
      vertex 133.8161165235168 40.81611652351682 5.2
    endloop
  endfacet
  facet normal 0.3826834323650852 0.9238795325112886 -2.5618810736841913e-18
    outer loop
      vertex 134.37647619362184 40.49259271713867 5.2
      vertex 134.075 40.61746824526946 2.7
      vertex 134.075 40.61746824526946 5.2
    endloop
  endfacet
  facet normal 0.9914448613738118 0.13052619222004003 -9.689721965632104e-19
    outer loop
      vertex 133.49259271713865 41.376476193621855 5.2
      vertex 133.45 41.7 2.7
      vertex 133.45 41.7 5.2
    endloop
  endfacet
  facet normal 0.9914448613738118 -0.13052619222004003 9.689721965632104e-19
    outer loop
      vertex 133.45 41.7 5.2
      vertex 133.49259271713865 42.02352380637815 2.7
      vertex 133.49259271713865 42.02352380637815 5.2
    endloop
  endfacet
  facet normal 0.9238795325112886 -0.3826834323650852 2.5618810736841913e-18
    outer loop
      vertex 133.49259271713865 42.02352380637815 5.2
      vertex 133.61746824526944 42.325 2.7
      vertex 133.61746824526944 42.325 5.2
    endloop
  endfacet
  facet normal 0.7933533402912387 -0.608761429008716 6.756814228744606e-19
    outer loop
      vertex 133.61746824526944 42.325 5.2
      vertex 133.8161165235168 42.58388347648319 2.7
      vertex 133.8161165235168 42.58388347648319 5.2
    endloop
  endfacet
  facet normal 0.6087614290087056 -0.7933533402912468 1.905512636241791e-15
    outer loop
      vertex 133.8161165235168 42.58388347648319 5.2
      vertex 133.85926376959733 42.616991522857745 2.7
      vertex 134.075 42.78253175473055 5.2
    endloop
  endfacet
  facet normal 0.3826834323650852 -0.9238795325112886 4.269801789473652e-19
    outer loop
      vertex 134.075 42.78253175473055 5.2
      vertex 134.1252460322703 42.80334434275235 2.7
      vertex 134.37647619362184 42.907407282861335 5.2
    endloop
  endfacet
  facet normal 0.13052619222006143 -0.9914448613738092 -8.310336974483991e-19
    outer loop
      vertex 134.37647619362184 42.907407282861335 5.2
      vertex 134.7 42.95 2.7
      vertex 134.7 42.95 5.2
    endloop
  endfacet
  facet normal -0.3826834323650852 0.9238795325112886 2.134900894736826e-18
    outer loop
      vertex 135.02352380637814 40.49259271713867 5.2
      vertex 135.325 40.61746824526946 5.2
      vertex 135.27475396772968 40.59665565724766 2.7
    endloop
  endfacet
  facet normal -0.6087614290087056 0.7933533402912468 1.9090724518857803e-15
    outer loop
      vertex 135.325 40.61746824526946 5.2
      vertex 135.58388347648318 40.81611652351682 5.2
      vertex 135.54073623040264 40.78300847714226 2.7
    endloop
  endfacet
  facet normal -0.7933533402912387 0.608761429008716 0
    outer loop
      vertex 135.58388347648318 40.81611652351682 5.2
      vertex 135.78253175473054 41.075 5.2
      vertex 135.58388347648318 40.81611652351682 2.7
    endloop
  endfacet
  facet normal -0.9238795325112886 0.3826834323650852 0
    outer loop
      vertex 135.78253175473054 41.075 5.2
      vertex 135.90740728286133 41.376476193621855 5.2
      vertex 135.78253175473054 41.075 2.7
    endloop
  endfacet
  facet normal -0.9914448613738118 0.13052619222004003 0
    outer loop
      vertex 135.90740728286133 41.376476193621855 5.2
      vertex 135.95 41.7 5.2
      vertex 135.90740728286133 41.376476193621855 2.7
    endloop
  endfacet
  facet normal -0.9914448613738118 -0.13052619222004003 0
    outer loop
      vertex 135.95 41.7 5.2
      vertex 135.90740728286133 42.02352380637815 5.2
      vertex 135.95 41.7 2.7
    endloop
  endfacet
  facet normal -0.9238795325112886 -0.3826834323650852 0
    outer loop
      vertex 135.90740728286133 42.02352380637815 5.2
      vertex 135.78253175473054 42.325 5.2
      vertex 135.90740728286133 42.02352380637815 2.7
    endloop
  endfacet
  facet normal -0.7933533402912387 -0.608761429008716 0
    outer loop
      vertex 135.78253175473054 42.325 5.2
      vertex 135.58388347648318 42.58388347648319 5.2
      vertex 135.78253175473054 42.325 2.7
    endloop
  endfacet
  facet normal -0.13052619222006143 -0.9914448613738092 8.310336974483991e-19
    outer loop
      vertex 134.7 42.95 5.2
      vertex 135.02352380637814 42.907407282861335 2.7
      vertex 135.02352380637814 42.907407282861335 5.2
    endloop
  endfacet
  facet normal -0.3826834323650852 -0.9238795325112886 -2.5618810736841913e-18
    outer loop
      vertex 135.02352380637814 42.907407282861335 5.2
      vertex 135.325 42.78253175473055 2.7
      vertex 135.325 42.78253175473055 5.2
    endloop
  endfacet
  facet normal -0.6087614290087056 -0.7933533402912468 -4.2126859206159655e-18
    outer loop
      vertex 135.325 42.78253175473055 5.2
      vertex 135.58388347648318 42.58388347648319 2.7
      vertex 135.58388347648318 42.58388347648319 5.2
    endloop
  endfacet
  facet normal 0 0 1
    outer loop
      vertex 8.957537879754124 13.207537879754124 0.8000000000000003
      vertex 8.957537879754124 14.692462120245875 0.8000000000000003
      vertex 8.790673326026338 13.424999999999999 0.8000000000000003
    endloop
  endfacet
  facet normal 0 0 1
    outer loop
      vertex 8.790673326026338 13.424999999999999 0.8000000000000003
      vertex 8.790673326026338 14.475 0.8000000000000003
      vertex 8.685777882396478 13.678240002642353 0.8000000000000003
    endloop
  endfacet
  facet normal 0 0 1
    outer loop
      vertex 8.685777882396478 13.678240002642353 0.8000000000000003
      vertex 8.685777882396478 14.221759997357646 0.8000000000000003
      vertex 8.649999999999999 13.95 0.8000000000000003
    endloop
  endfacet
  facet normal 0 0 1
    outer loop
      vertex 8.685777882396478 13.678240002642353 0.8000000000000003
      vertex 8.790673326026338 14.475 0.8000000000000003
      vertex 8.685777882396478 14.221759997357646 0.8000000000000003
    endloop
  endfacet
  facet normal 0 0 1
    outer loop
      vertex 8.790673326026338 13.424999999999999 0.8000000000000003
      vertex 8.957537879754124 14.692462120245875 0.8000000000000003
      vertex 8.790673326026338 14.475 0.8000000000000003
    endloop
  endfacet
  facet normal 0.7933533402912349 0.6087614290087208 6.521743117800996e-18
    outer loop
      vertex 8.957537879754124 13.207537879754124 0.8000000000000003
      vertex 8.790673326026338 13.424999999999999 0.8000000000000003
      vertex 8.790673326026338 13.424999999999999 2.7
    endloop
  endfacet
  facet normal 0.9914448613738102 0.13052619222005402 1.7244263718202524e-18
    outer loop
      vertex 8.685777882396478 13.678240002642353 0.8000000000000003
      vertex 8.649999999999999 13.95 0.8000000000000003
      vertex 8.649999999999999 13.95 2.2
    endloop
  endfacet
  facet normal 0.9914448613738102 -0.13052619222005402 -1.7244263718202524e-18
    outer loop
      vertex 8.649999999999999 13.95 0.8000000000000003
      vertex 8.685777882396478 14.221759997357646 0.8000000000000003
      vertex 8.685777882396478 14.221759997357646 2.2
    endloop
  endfacet
  facet normal 0.9238795325112875 0.38268343236508806 -1.3152316995580442e-18
    outer loop
      vertex 8.790673326026338 13.424999999999999 0.8000000000000003
      vertex 8.685777882396478 13.678240002642353 0.8000000000000003
      vertex 8.685777882396478 13.678240002642353 2.7
    endloop
  endfacet
  facet normal 0.9914448613738102 -0.13052619222005402 0
    outer loop
      vertex 8.649999999999999 13.95 0.8000000000000003
      vertex 8.685777882396478 14.221759997357646 2.2
      vertex 8.649999999999999 13.95 2.2
    endloop
  endfacet
  facet normal 0.9238795325112875 -0.38268343236508806 1.3152316995580442e-18
    outer loop
      vertex 8.685777882396478 14.221759997357646 0.8000000000000003
      vertex 8.790673326026338 14.475 0.8000000000000003
      vertex 8.790673326026338 14.475 2.7
    endloop
  endfacet
  facet normal 0.7933533402912349 -0.6087614290087208 -6.521743117800996e-18
    outer loop
      vertex 8.790673326026338 14.475 0.8000000000000003
      vertex 8.957537879754124 14.692462120245875 0.8000000000000003
      vertex 8.957537879754124 14.692462120245875 2.7
    endloop
  endfacet
  facet normal 0.7933533402912349 0.6087614290087208 0
    outer loop
      vertex 8.957537879754124 13.207537879754124 0.8000000000000003
      vertex 8.790673326026338 13.424999999999999 2.7
      vertex 8.957537879754124 13.207537879754124 2.7
    endloop
  endfacet
  facet normal 0.9238795325112875 0.38268343236508806 0
    outer loop
      vertex 8.790673326026338 13.424999999999999 0.8000000000000003
      vertex 8.685777882396478 13.678240002642353 2.7
      vertex 8.790673326026338 13.424999999999999 2.7
    endloop
  endfacet
  facet normal 0.9914448613738102 0.13052619222005404 4.828393841096707e-18
    outer loop
      vertex 8.685777882396478 13.678240002642353 0.8000000000000003
      vertex 8.649999999999999 13.95 2.2
      vertex 8.649999999999999 13.95 2.7
    endloop
  endfacet
  facet normal 0.9914448613738102 0.13052619222005404 0
    outer loop
      vertex 8.685777882396478 13.678240002642353 0.8000000000000003
      vertex 8.649999999999999 13.95 2.7
      vertex 8.685777882396478 13.678240002642353 2.7
    endloop
  endfacet
  facet normal 0.9238795325112874 -0.382683432365088 0
    outer loop
      vertex 8.685777882396478 14.221759997357646 0.8000000000000003
      vertex 8.790673326026338 14.475 2.7
      vertex 8.685777882396478 14.221759997357646 2.2
    endloop
  endfacet
  facet normal 0.9914448613738092 -0.13052619222006123 0
    outer loop
      vertex 8.649999999999999 13.95 2.7
      vertex 8.649999999999999 13.95 2.2
      vertex 8.655962980399412 13.99529333289294 2.7
    endloop
  endfacet
  facet normal 0.9238795325112875 -0.382683432365088 0
    outer loop
      vertex 8.685777882396478 14.221759997357646 2.2
      vertex 8.790673326026338 14.475 2.7
      vertex 8.685777882396478 14.221759997357646 2.7
    endloop
  endfacet
  facet normal 0.7933533402912349 -0.6087614290087208 0
    outer loop
      vertex 8.790673326026338 14.475 0.8000000000000003
      vertex 8.957537879754124 14.692462120245875 2.7
      vertex 8.790673326026338 14.475 2.7
    endloop
  endfacet
  facet normal 0 0 1
    outer loop
      vertex 9.174999999999999 13.040673326026338 0.8000000000000003
      vertex 9.174999999999999 14.85932667397366 0.8000000000000003
      vertex 8.957537879754124 13.207537879754124 0.8000000000000003
    endloop
  endfacet
  facet normal 0 0 1
    outer loop
      vertex 9.428240002642353 12.935777882396478 0.8000000000000003
      vertex 9.428240002642353 14.964222117603521 0.8000000000000003
      vertex 9.174999999999999 13.040673326026338 0.8000000000000003
    endloop
  endfacet
  facet normal 0 0 1
    outer loop
      vertex 9.428240002642353 12.935777882396478 0.8000000000000003
      vertex 9.7 12.899999999999999 0.8000000000000003
      vertex 9.7 15 0.8000000000000003
    endloop
  endfacet
  facet normal 0 0 1
    outer loop
      vertex 9.7 12.899999999999999 0.8000000000000003
      vertex 9.971759997357646 12.935777882396478 0.8000000000000003
      vertex 9.971759997357646 14.964222117603521 0.8000000000000003
    endloop
  endfacet
  facet normal 0 0 1
    outer loop
      vertex 8.957537879754124 13.207537879754124 0.8000000000000003
      vertex 9.174999999999999 14.85932667397366 0.8000000000000003
      vertex 8.957537879754124 14.692462120245875 0.8000000000000003
    endloop
  endfacet
  facet normal 0 0 1
    outer loop
      vertex 9.174999999999999 13.040673326026338 0.8000000000000003
      vertex 9.428240002642353 14.964222117603521 0.8000000000000003
      vertex 9.174999999999999 14.85932667397366 0.8000000000000003
    endloop
  endfacet
  facet normal 0 0 1
    outer loop
      vertex 9.428240002642353 12.935777882396478 0.8000000000000003
      vertex 9.7 15 0.8000000000000003
      vertex 9.428240002642353 14.964222117603521 0.8000000000000003
    endloop
  endfacet
  facet normal 0 0 1
    outer loop
      vertex 9.7 12.899999999999999 0.8000000000000003
      vertex 9.971759997357646 14.964222117603521 0.8000000000000003
      vertex 9.7 15 0.8000000000000003
    endloop
  endfacet
  facet normal 0 0 1
    outer loop
      vertex 9.971759997357646 12.935777882396478 0.8000000000000003
      vertex 10.225 14.85932667397366 0.8000000000000003
      vertex 9.971759997357646 14.964222117603521 0.8000000000000003
    endloop
  endfacet
  facet normal 0 0 1
    outer loop
      vertex 9.971759997357646 12.935777882396478 0.8000000000000003
      vertex 10.225 13.040673326026338 0.8000000000000003
      vertex 10.225 14.85932667397366 0.8000000000000003
    endloop
  endfacet
  facet normal 0 0 1
    outer loop
      vertex 10.225 13.040673326026338 0.8000000000000003
      vertex 10.442462120245875 13.207537879754124 0.8000000000000003
      vertex 10.442462120245875 14.692462120245875 0.8000000000000003
    endloop
  endfacet
  facet normal 0 0 1
    outer loop
      vertex 10.442462120245875 13.207537879754124 0.8000000000000003
      vertex 10.60932667397366 13.424999999999999 0.8000000000000003
      vertex 10.60932667397366 14.475 0.8000000000000003
    endloop
  endfacet
  facet normal 0 0 1
    outer loop
      vertex 10.60932667397366 13.424999999999999 0.8000000000000003
      vertex 10.714222117603521 13.678240002642353 0.8000000000000003
      vertex 10.714222117603521 14.221759997357646 0.8000000000000003
    endloop
  endfacet
  facet normal 0 0 1
    outer loop
      vertex 10.60932667397366 13.424999999999999 0.8000000000000003
      vertex 10.714222117603521 14.221759997357646 0.8000000000000003
      vertex 10.60932667397366 14.475 0.8000000000000003
    endloop
  endfacet
  facet normal 0 0 1
    outer loop
      vertex 10.225 13.040673326026338 0.8000000000000003
      vertex 10.442462120245875 14.692462120245875 0.8000000000000003
      vertex 10.225 14.85932667397366 0.8000000000000003
    endloop
  endfacet
  facet normal 0 0 1
    outer loop
      vertex 10.442462120245875 13.207537879754124 0.8000000000000003
      vertex 10.60932667397366 14.475 0.8000000000000003
      vertex 10.442462120245875 14.692462120245875 0.8000000000000003
    endloop
  endfacet
  facet normal 0 0 1
    outer loop
      vertex 10.714222117603521 13.678240002642353 0.8000000000000003
      vertex 10.75 13.95 0.8000000000000003
      vertex 10.714222117603521 14.221759997357646 0.8000000000000003
    endloop
  endfacet
  facet normal 0.13052619222005402 0.9914448613738102 1.7244263718202524e-18
    outer loop
      vertex 9.428240002642353 12.935777882396478 0.8000000000000003
      vertex 9.7 12.899999999999999 2.2
      vertex 9.7 12.899999999999999 0.8000000000000003
    endloop
  endfacet
  facet normal -0.13052619222005402 0.9914448613738102 2.535495828794172e-17
    outer loop
      vertex 9.7 12.899999999999999 0.8000000000000003
      vertex 9.900244208579318 12.926362650186878 2.2
      vertex 9.971759997357646 12.935777882396478 0.8000000000000003
    endloop
  endfacet
  facet normal -0.382683432365088 0.9238795325112874 0
    outer loop
      vertex 9.971759997357646 12.935777882396478 0.8000000000000003
      vertex 9.971759997357646 12.935777882396478 2.2
      vertex 10.225 13.040673326026338 0.8000000000000003
    endloop
  endfacet
  facet normal -0.9238795325112874 0.382683432365088 0
    outer loop
      vertex 10.60932667397366 13.424999999999999 0.8000000000000003
      vertex 10.60932667397366 13.424999999999999 2.2
      vertex 10.714222117603521 13.678240002642353 0.8000000000000003
    endloop
  endfacet
  facet normal 0.38268343236508806 0.9238795325112875 0
    outer loop
      vertex 9.174999999999999 13.040673326026338 0.8000000000000003
      vertex 9.174999999999999 13.040673326026338 2.7
      vertex 9.428240002642353 12.935777882396478 0.8000000000000003
    endloop
  endfacet
  facet normal 0.6087614290087208 0.7933533402912349 6.521743117800996e-18
    outer loop
      vertex 8.957537879754124 13.207537879754124 0.8000000000000003
      vertex 9.174999999999999 13.040673326026338 2.7
      vertex 9.174999999999999 13.040673326026338 0.8000000000000003
    endloop
  endfacet
  facet normal -0.13052619222005382 0.99144486137381 0
    outer loop
      vertex 9.7 12.899999999999999 0.8000000000000003
      vertex 9.7 12.899999999999999 2.2
      vertex 9.900244208579318 12.926362650186878 2.2
    endloop
  endfacet
  facet normal -0.13052619222005454 0.99144486137381 0
    outer loop
      vertex 9.971759997357646 12.935777882396478 0.8000000000000003
      vertex 9.900244208579318 12.926362650186878 2.2
      vertex 9.971759997357646 12.935777882396478 2.2
    endloop
  endfacet
  facet normal -0.382683432365088 0.9238795325112874 0
    outer loop
      vertex 10.225 13.040673326026338 0.8000000000000003
      vertex 9.971759997357646 12.935777882396478 2.2
      vertex 10.225 13.040673326026338 2.2
    endloop
  endfacet
  facet normal -0.6087614290087208 0.7933533402912349 -6.521743117800996e-18
    outer loop
      vertex 10.225 13.040673326026338 0.8000000000000003
      vertex 10.442462120245875 13.207537879754124 2.7
      vertex 10.442462120245875 13.207537879754124 0.8000000000000003
    endloop
  endfacet
  facet normal -0.7933533402912349 0.6087614290087208 -6.521743117800996e-18
    outer loop
      vertex 10.60932667397366 13.424999999999999 0.8000000000000003
      vertex 10.442462120245875 13.207537879754124 0.8000000000000003
      vertex 10.442462120245875 13.207537879754124 2.7
    endloop
  endfacet
  facet normal -0.9914448613738102 0.13052619222005402 0
    outer loop
      vertex 10.714222117603521 13.678240002642353 0.8000000000000003
      vertex 10.714222117603521 13.678240002642353 2.2
      vertex 10.75 13.95 0.8000000000000003
    endloop
  endfacet
  facet normal -0.9914448613738102 -0.13052619222005402 0
    outer loop
      vertex 10.75 13.95 0.8000000000000003
      vertex 10.75 13.95 2.2
      vertex 10.714222117603521 14.221759997357646 0.8000000000000003
    endloop
  endfacet
  facet normal -0.9238795325112874 0.382683432365088 0
    outer loop
      vertex 10.714222117603521 13.678240002642353 0.8000000000000003
      vertex 10.60932667397366 13.424999999999999 2.2
      vertex 10.714222117603521 13.678240002642353 2.2
    endloop
  endfacet
  facet normal -0.9914448613738102 0.13052619222005402 0
    outer loop
      vertex 10.75 13.95 0.8000000000000003
      vertex 10.714222117603521 13.678240002642353 2.2
      vertex 10.75 13.95 2.2
    endloop
  endfacet
  facet normal -0.9238795325112875 -0.38268343236508806 -1.3152316995580442e-18
    outer loop
      vertex 10.60932667397366 14.475 0.8000000000000003
      vertex 10.714222117603521 14.221759997357646 0.8000000000000003
      vertex 10.714222117603521 14.221759997357646 2.7
    endloop
  endfacet
  facet normal 0.382683432365088 -0.9238795325112874 1.7849573065430597e-18
    outer loop
      vertex 9.174999999999999 14.85932667397366 0.8000000000000003
      vertex 9.428240002642353 14.964222117603521 0.8000000000000003
      vertex 9.428240002642353 14.964222117603521 2.2
    endloop
  endfacet
  facet normal 0.13052619222005402 -0.9914448613738102 0
    outer loop
      vertex 9.428240002642353 14.964222117603521 0.8000000000000003
      vertex 9.7 15 0.8000000000000003
      vertex 9.428240002642353 14.964222117603521 2.2
    endloop
  endfacet
  facet normal 0.6087614290087208 -0.7933533402912349 0
    outer loop
      vertex 8.957537879754124 14.692462120245875 0.8000000000000003
      vertex 9.174999999999999 14.85932667397366 0.8000000000000003
      vertex 8.957537879754124 14.692462120245875 2.7
    endloop
  endfacet
  facet normal -0.13052619222005404 -0.9914448613738102 1.270629958183344e-18
    outer loop
      vertex 9.971759997357646 14.964222117603521 0.8000000000000003
      vertex 9.7 15 2.7
      vertex 9.7 15 0.8000000000000003
    endloop
  endfacet
  facet normal 0.382683432365088 -0.9238795325112874 0
    outer loop
      vertex 9.174999999999999 14.85932667397366 0.8000000000000003
      vertex 9.428240002642353 14.964222117603521 2.2
      vertex 9.174999999999999 14.85932667397366 2.2
    endloop
  endfacet
  facet normal -0.7933533402912349 -0.6087614290087208 0
    outer loop
      vertex 10.60932667397366 14.475 0.8000000000000003
      vertex 10.60932667397366 14.475 2.7
      vertex 10.442462120245875 14.692462120245875 0.8000000000000003
    endloop
  endfacet
  facet normal -0.6087614290087208 -0.7933533402912349 6.521743117800996e-18
    outer loop
      vertex 10.442462120245875 14.692462120245875 0.8000000000000003
      vertex 10.225 14.85932667397366 2.7
      vertex 10.225 14.85932667397366 0.8000000000000003
    endloop
  endfacet
  facet normal -0.38268343236508806 -0.9238795325112875 0
    outer loop
      vertex 10.225 14.85932667397366 0.8000000000000003
      vertex 10.225 14.85932667397366 2.7
      vertex 9.971759997357646 14.964222117603521 0.8000000000000003
    endloop
  endfacet
  facet normal 0.38268343236508806 0.9238795325112875 0
    outer loop
      vertex 9.428240002642353 12.935777882396478 0.8000000000000003
      vertex 9.174999999999999 13.040673326026338 2.7
      vertex 9.428240002642353 12.935777882396478 2.7
    endloop
  endfacet
  facet normal 0.13052619222005404 0.9914448613738102 0
    outer loop
      vertex 9.428240002642353 12.935777882396478 0.8000000000000003
      vertex 9.428240002642353 12.935777882396478 2.7
      vertex 9.7 12.899999999999999 2.7
    endloop
  endfacet
  facet normal 0.13052619222005404 0.9914448613738102 4.828393841096707e-18
    outer loop
      vertex 9.428240002642353 12.935777882396478 0.8000000000000003
      vertex 9.7 12.899999999999999 2.7
      vertex 9.7 12.899999999999999 2.2
    endloop
  endfacet
  facet normal -0.13052619222005452 0.9914448613738099 -2.931839463414161e-15
    outer loop
      vertex 9.971759997357646 12.935777882396478 2.2
      vertex 9.900244208579318 12.926362650186878 2.2
      vertex 9.944029385382375 12.932127078070307 2.506122448979592
    endloop
  endfacet
  facet normal 0.6087614290087208 0.7933533402912349 0
    outer loop
      vertex 8.957537879754124 13.207537879754124 0.8000000000000003
      vertex 8.957537879754124 13.207537879754124 2.7
      vertex 9.174999999999999 13.040673326026338 2.7
    endloop
  endfacet
  facet normal -0.6087614290087209 0.793353340291235 0
    outer loop
      vertex 10.225 13.040673326026338 0.8000000000000003
      vertex 10.225 13.040673326026338 2.2
      vertex 10.442462120245875 13.207537879754124 2.7
    endloop
  endfacet
  facet normal -0.793353340291235 0.6087614290087209 0
    outer loop
      vertex 10.60932667397366 13.424999999999999 0.8000000000000003
      vertex 10.442462120245875 13.207537879754124 2.7
      vertex 10.60932667397366 13.424999999999999 2.2
    endloop
  endfacet
  facet normal -0.1305261922200227 0.9914448613738143 0
    outer loop
      vertex 9.971759997357646 12.935777882396478 2.2
      vertex 9.944029385382375 12.932127078070307 2.506122448979592
      vertex 9.971759997357646 12.935777882396478 2.7
    endloop
  endfacet
  facet normal -0.13052619222006123 0.9914448613738092 5.604746773814367e-15
    outer loop
      vertex 9.971759997357646 12.935777882396478 2.7
      vertex 9.944029385382375 12.932127078070307 2.506122448979592
      vertex 9.926466664464705 12.929814901997064 2.7
    endloop
  endfacet
  facet normal -0.3826834323650724 0.9238795325112941 0
    outer loop
      vertex 10.225 13.040673326026338 2.7
      vertex 10.225 13.040673326026338 2.2
      vertex 10.18279333289294 13.023190752088029 2.7
    endloop
  endfacet
  facet normal -0.6087614290087209 0.793353340291235 0
    outer loop
      vertex 10.225 13.040673326026338 2.2
      vertex 10.225 13.040673326026338 2.7
      vertex 10.442462120245875 13.207537879754124 2.7
    endloop
  endfacet
  facet normal -0.793353340291235 0.6087614290087209 0
    outer loop
      vertex 10.60932667397366 13.424999999999999 2.2
      vertex 10.442462120245875 13.207537879754124 2.7
      vertex 10.60932667397366 13.424999999999999 2.7
    endloop
  endfacet
  facet normal -0.9914448613738102 -0.13052619222005404 4.828393841096707e-18
    outer loop
      vertex 10.714222117603521 14.221759997357646 0.8000000000000003
      vertex 10.75 13.95 2.2
      vertex 10.75 13.95 2.7
    endloop
  endfacet
  facet normal -0.9914448613738102 -0.13052619222005404 0
    outer loop
      vertex 10.714222117603521 14.221759997357646 0.8000000000000003
      vertex 10.75 13.95 2.7
      vertex 10.714222117603521 14.221759997357646 2.7
    endloop
  endfacet
  facet normal -0.9238795325112941 0.3826834323650724 0
    outer loop
      vertex 10.714222117603521 13.678240002642353 2.2
      vertex 10.696739543665212 13.636033335535293 2.7
      vertex 10.714222117603521 13.678240002642353 2.7
    endloop
  endfacet
  facet normal -0.9914448613738092 0.13052619222006123 0
    outer loop
      vertex 10.75 13.95 2.7
      vertex 10.75 13.95 2.2
      vertex 10.744037019600587 13.904706667107058 2.7
    endloop
  endfacet
  facet normal 0.6087614290087209 -0.793353340291235 0
    outer loop
      vertex 9.174999999999999 14.85932667397366 0.8000000000000003
      vertex 9.174999999999999 14.85932667397366 2.2
      vertex 8.957537879754124 14.692462120245875 2.7
    endloop
  endfacet
  facet normal 0.13052619222005404 -0.9914448613738102 -4.828393841096707e-18
    outer loop
      vertex 9.7 15 0.8000000000000003
      vertex 9.428240002642353 14.964222117603521 2.7
      vertex 9.428240002642353 14.964222117603521 2.2
    endloop
  endfacet
  facet normal 0.13052619222005404 -0.9914448613738102 0
    outer loop
      vertex 9.7 15 0.8000000000000003
      vertex 9.7 15 2.7
      vertex 9.428240002642353 14.964222117603521 2.7
    endloop
  endfacet
  facet normal -0.13052619222005404 -0.9914448613738102 0
    outer loop
      vertex 9.971759997357646 14.964222117603521 0.8000000000000003
      vertex 9.971759997357646 14.964222117603521 2.7
      vertex 9.7 15 2.7
    endloop
  endfacet
  facet normal -0.38268343236508806 -0.9238795325112875 0
    outer loop
      vertex 9.971759997357646 14.964222117603521 0.8000000000000003
      vertex 10.225 14.85932667397366 2.7
      vertex 9.971759997357646 14.964222117603521 2.7
    endloop
  endfacet
  facet normal -0.9238795325112875 -0.38268343236508806 0
    outer loop
      vertex 10.60932667397366 14.475 0.8000000000000003
      vertex 10.714222117603521 14.221759997357646 2.7
      vertex 10.60932667397366 14.475 2.7
    endloop
  endfacet
  facet normal -0.7933533402912349 -0.6087614290087208 0
    outer loop
      vertex 10.442462120245875 14.692462120245875 0.8000000000000003
      vertex 10.60932667397366 14.475 2.7
      vertex 10.442462120245875 14.692462120245875 2.7
    endloop
  endfacet
  facet normal -0.6087614290087208 -0.7933533402912349 0
    outer loop
      vertex 10.442462120245875 14.692462120245875 0.8000000000000003
      vertex 10.442462120245875 14.692462120245875 2.7
      vertex 10.225 14.85932667397366 2.7
    endloop
  endfacet
  facet normal 0.6087614290087209 -0.793353340291235 0
    outer loop
      vertex 9.174999999999999 14.85932667397366 2.2
      vertex 9.174999999999999 14.85932667397366 2.7
      vertex 8.957537879754124 14.692462120245875 2.7
    endloop
  endfacet
  facet normal 0.3826834323650724 -0.9238795325112941 0
    outer loop
      vertex 9.174999999999999 14.85932667397366 2.7
      vertex 9.174999999999999 14.85932667397366 2.2
      vertex 9.217206667107058 14.87680924791197 2.7
    endloop
  endfacet
  facet normal 0.7933533402912373 0.6087614290087177 -3.035576421137282e-18
    outer loop
      vertex 8.957537879754124 36.20753787975413 0.8000000000000003
      vertex 8.790673326026338 36.425000000000004 0.8000000000000003
      vertex 8.790673326026338 36.425000000000004 2.7
    endloop
  endfacet
  facet normal 0 0 1
    outer loop
      vertex 8.957537879754124 36.20753787975413 0.8000000000000003
      vertex 8.957537879754124 37.69246212024588 0.8000000000000003
      vertex 8.790673326026338 36.425000000000004 0.8000000000000003
    endloop
  endfacet
  facet normal 0 0 1
    outer loop
      vertex 8.685777882396478 36.678240002642355 0.8000000000000003
      vertex 8.685777882396478 37.22175999735765 0.8000000000000003
      vertex 8.649999999999999 36.95 0.8000000000000003
    endloop
  endfacet
  facet normal 0 0 1
    outer loop
      vertex 8.790673326026338 36.425000000000004 0.8000000000000003
      vertex 8.790673326026338 37.475 0.8000000000000003
      vertex 8.685777882396478 36.678240002642355 0.8000000000000003
    endloop
  endfacet
  facet normal 0 0 1
    outer loop
      vertex 8.685777882396478 36.678240002642355 0.8000000000000003
      vertex 8.790673326026338 37.475 0.8000000000000003
      vertex 8.685777882396478 37.22175999735765 0.8000000000000003
    endloop
  endfacet
  facet normal 0 0 1
    outer loop
      vertex 8.790673326026338 36.425000000000004 0.8000000000000003
      vertex 8.957537879754124 37.69246212024588 0.8000000000000003
      vertex 8.790673326026338 37.475 0.8000000000000003
    endloop
  endfacet
  facet normal 0.9914448613738102 0.13052619222005318 -1.153096955593942e-18
    outer loop
      vertex 8.685777882396478 36.678240002642355 0.8000000000000003
      vertex 8.649999999999999 36.95 0.8000000000000003
      vertex 8.649999999999999 36.95 2.2
    endloop
  endfacet
  facet normal 0.9914448613738102 -0.13052619222005318 1.153096955593942e-18
    outer loop
      vertex 8.649999999999999 36.95 0.8000000000000003
      vertex 8.685777882396478 37.22175999735765 0.8000000000000003
      vertex 8.685777882396478 37.22175999735765 2.2
    endloop
  endfacet
  facet normal 0.9238795325112855 0.3826834323650925 1.4356418121793018e-18
    outer loop
      vertex 8.790673326026338 36.425000000000004 0.8000000000000003
      vertex 8.685777882396478 36.678240002642355 0.8000000000000003
      vertex 8.685777882396478 36.678240002642355 2.7
    endloop
  endfacet
  facet normal 0.9914448613738102 -0.13052619222005318 0
    outer loop
      vertex 8.649999999999999 36.95 0.8000000000000003
      vertex 8.685777882396478 37.22175999735765 2.2
      vertex 8.649999999999999 36.95 2.2
    endloop
  endfacet
  facet normal 0.9238795325112855 -0.3826834323650925 0
    outer loop
      vertex 8.685777882396478 37.22175999735765 0.8000000000000003
      vertex 8.790673326026338 37.475 2.2
      vertex 8.685777882396478 37.22175999735765 2.2
    endloop
  endfacet
  facet normal 0.9238795325112855 -0.3826834323650925 -1.948371030814767e-18
    outer loop
      vertex 8.685777882396478 37.22175999735765 0.8000000000000003
      vertex 8.790673326026338 37.475 0.8000000000000003
      vertex 8.790673326026338 37.475 2.2
    endloop
  endfacet
  facet normal 0.7933533402912373 -0.6087614290087177 -4.450603620018421e-16
    outer loop
      vertex 8.790673326026338 37.475 0.8000000000000003
      vertex 8.957537879754124 37.69246212024588 0.8000000000000003
      vertex 8.913626155088917 37.63523524649696 2.2
    endloop
  endfacet
  facet normal 0.7933533402912355 -0.6087614290087202 0
    outer loop
      vertex 8.790673326026338 37.475 0.8000000000000003
      vertex 8.913626155088917 37.63523524649696 2.2
      vertex 8.790673326026338 37.475 2.2
    endloop
  endfacet
  facet normal 0.7933533402912426 -0.6087614290087109 0
    outer loop
      vertex 8.957537879754124 37.69246212024588 0.8000000000000003
      vertex 8.957537879754124 37.69246212024588 2.2
      vertex 8.913626155088917 37.63523524649696 2.2
    endloop
  endfacet
  facet normal 0.7933533402912373 0.6087614290087177 0
    outer loop
      vertex 8.957537879754124 36.20753787975413 0.8000000000000003
      vertex 8.790673326026338 36.425000000000004 2.7
      vertex 8.957537879754124 36.20753787975413 2.7
    endloop
  endfacet
  facet normal 0.9238795325112855 0.3826834323650925 0
    outer loop
      vertex 8.790673326026338 36.425000000000004 0.8000000000000003
      vertex 8.685777882396478 36.678240002642355 2.7
      vertex 8.790673326026338 36.425000000000004 2.7
    endloop
  endfacet
  facet normal 0.9914448613738103 0.1305261922200532 0
    outer loop
      vertex 8.685777882396478 36.678240002642355 0.8000000000000003
      vertex 8.649999999999999 36.95 2.7
      vertex 8.685777882396478 36.678240002642355 2.7
    endloop
  endfacet
  facet normal 0.9914448613738103 0.13052619222005318 -3.228671475663038e-18
    outer loop
      vertex 8.685777882396478 36.678240002642355 0.8000000000000003
      vertex 8.649999999999999 36.95 2.2
      vertex 8.649999999999999 36.95 2.7
    endloop
  endfacet
  facet normal 0.9914448613738085 -0.13052619222006626 0
    outer loop
      vertex 8.649999999999999 36.95 2.7
      vertex 8.649999999999999 36.95 2.2
      vertex 8.655962980399412 36.99529333289294 2.7
    endloop
  endfacet
  facet normal 0.9238795325112941 -0.3826834323650724 0
    outer loop
      vertex 8.685777882396478 37.22175999735765 2.2
      vertex 8.703260456334787 37.26396666446471 2.7
      vertex 8.685777882396478 37.22175999735765 2.7
    endloop
  endfacet
  facet normal 0.7933533402912355 -0.6087614290087202 -8.346468486547065e-19
    outer loop
      vertex 8.913626155088917 37.63523524649696 2.2
      vertex 8.790673326026338 37.475 2.7
      vertex 8.790673326026338 37.475 2.2
    endloop
  endfacet
  facet normal 0.7933533402912374 -0.6087614290087178 1.2392253283970276e-15
    outer loop
      vertex 8.913626155088917 37.63523524649696 2.2
      vertex 8.957537879754124 37.69246212024588 2.7
      vertex 8.790673326026338 37.475 2.7
    endloop
  endfacet
  facet normal 0.6087614290086973 -0.793353340291253 0
    outer loop
      vertex 8.957537879754124 37.69246212024588 2.7
      vertex 8.957537879754124 37.69246212024588 2.2
      vertex 8.99378156646177 37.72027287920051 2.7
    endloop
  endfacet
  facet normal 0.13052619222003492 0.9914448613738127 0
    outer loop
      vertex 9.7 35.900000000000006 0.8000000000000003
      vertex 9.428240002642353 35.93577788239648 0.8000000000000003
      vertex 9.7 35.900000000000006 2.2
    endloop
  endfacet
  facet normal -0.13052619222003492 0.9914448613738127 0
    outer loop
      vertex 9.7 35.900000000000006 0.8000000000000003
      vertex 9.7 35.900000000000006 2.2
      vertex 9.971759997357646 35.93577788239648 0.8000000000000003
    endloop
  endfacet
  facet normal -0.3826834323650991 0.9238795325112829 -4.383132787583616e-18
    outer loop
      vertex 9.971759997357646 35.93577788239648 0.8000000000000003
      vertex 10.225 36.040673326026344 2.2
      vertex 10.225 36.040673326026344 0.8000000000000003
    endloop
  endfacet
  facet normal -0.6087614290087168 0.793353340291238 0
    outer loop
      vertex 10.225 36.040673326026344 0.8000000000000003
      vertex 10.225 36.040673326026344 2.2
      vertex 10.442462120245875 36.20753787975413 0.8000000000000003
    endloop
  endfacet
  facet normal -0.7933533402912373 0.6087614290087177 -4.405511857612005e-16
    outer loop
      vertex 10.442462120245875 36.20753787975413 0.8000000000000003
      vertex 10.486373844911082 36.264764753503044 2.2
      vertex 10.60932667397366 36.425000000000004 0.8000000000000003
    endloop
  endfacet
  facet normal -0.9238795325112855 0.3826834323650925 0
    outer loop
      vertex 10.60932667397366 36.425000000000004 0.8000000000000003
      vertex 10.60932667397366 36.425000000000004 2.2
      vertex 10.714222117603521 36.678240002642355 0.8000000000000003
    endloop
  endfacet
  facet normal 0.3826834323650991 0.9238795325112829 3.2296767908510854e-18
    outer loop
      vertex 9.174999999999999 36.040673326026344 0.8000000000000003
      vertex 9.428240002642353 35.93577788239648 2.7
      vertex 9.428240002642353 35.93577788239648 0.8000000000000003
    endloop
  endfacet
  facet normal 0.6087614290087168 0.7933533402912382 2.1290085260807023e-18
    outer loop
      vertex 9.174999999999999 36.040673326026344 0.8000000000000003
      vertex 8.957537879754124 36.20753787975413 0.8000000000000003
      vertex 8.957537879754124 36.20753787975413 2.7
    endloop
  endfacet
  facet normal -0.13052619222003492 0.9914448613738127 0
    outer loop
      vertex 9.971759997357646 35.93577788239648 0.8000000000000003
      vertex 9.7 35.900000000000006 2.2
      vertex 9.971759997357646 35.93577788239648 2.2
    endloop
  endfacet
  facet normal -0.6087614290087168 0.793353340291238 0
    outer loop
      vertex 10.442462120245875 36.20753787975413 0.8000000000000003
      vertex 10.225 36.040673326026344 2.2
      vertex 10.442462120245875 36.20753787975413 2.2
    endloop
  endfacet
  facet normal -0.7933533402912426 0.6087614290087109 0
    outer loop
      vertex 10.442462120245875 36.20753787975413 0.8000000000000003
      vertex 10.442462120245875 36.20753787975413 2.2
      vertex 10.486373844911082 36.264764753503044 2.2
    endloop
  endfacet
  facet normal -0.7933533402912355 0.6087614290087202 0
    outer loop
      vertex 10.60932667397366 36.425000000000004 0.8000000000000003
      vertex 10.486373844911082 36.264764753503044 2.2
      vertex 10.60932667397366 36.425000000000004 2.2
    endloop
  endfacet
  facet normal 0 0 1
    outer loop
      vertex 9.174999999999999 36.040673326026344 0.8000000000000003
      vertex 9.174999999999999 37.85932667397366 0.8000000000000003
      vertex 8.957537879754124 36.20753787975413 0.8000000000000003
    endloop
  endfacet
  facet normal 0 0 1
    outer loop
      vertex 9.428240002642353 35.93577788239648 0.8000000000000003
      vertex 9.428240002642353 37.964222117603526 0.8000000000000003
      vertex 9.174999999999999 36.040673326026344 0.8000000000000003
    endloop
  endfacet
  facet normal 0 0 1
    outer loop
      vertex 9.428240002642353 35.93577788239648 0.8000000000000003
      vertex 9.7 35.900000000000006 0.8000000000000003
      vertex 9.7 38 0.8000000000000003
    endloop
  endfacet
  facet normal 0 0 1
    outer loop
      vertex 9.7 35.900000000000006 0.8000000000000003
      vertex 9.971759997357646 35.93577788239648 0.8000000000000003
      vertex 9.971759997357646 37.964222117603526 0.8000000000000003
    endloop
  endfacet
  facet normal 0 0 1
    outer loop
      vertex 8.957537879754124 36.20753787975413 0.8000000000000003
      vertex 9.174999999999999 37.85932667397366 0.8000000000000003
      vertex 8.957537879754124 37.69246212024588 0.8000000000000003
    endloop
  endfacet
  facet normal 0 0 1
    outer loop
      vertex 9.174999999999999 36.040673326026344 0.8000000000000003
      vertex 9.428240002642353 37.964222117603526 0.8000000000000003
      vertex 9.174999999999999 37.85932667397366 0.8000000000000003
    endloop
  endfacet
  facet normal 0 0 1
    outer loop
      vertex 9.428240002642353 35.93577788239648 0.8000000000000003
      vertex 9.7 38 0.8000000000000003
      vertex 9.428240002642353 37.964222117603526 0.8000000000000003
    endloop
  endfacet
  facet normal 0 0 1
    outer loop
      vertex 9.7 35.900000000000006 0.8000000000000003
      vertex 9.971759997357646 37.964222117603526 0.8000000000000003
      vertex 9.7 38 0.8000000000000003
    endloop
  endfacet
  facet normal 0 0 1
    outer loop
      vertex 9.971759997357646 35.93577788239648 0.8000000000000003
      vertex 10.225 37.85932667397366 0.8000000000000003
      vertex 9.971759997357646 37.964222117603526 0.8000000000000003
    endloop
  endfacet
  facet normal 0 0 1
    outer loop
      vertex 9.971759997357646 35.93577788239648 0.8000000000000003
      vertex 10.225 36.040673326026344 0.8000000000000003
      vertex 10.225 37.85932667397366 0.8000000000000003
    endloop
  endfacet
  facet normal 0 0 1
    outer loop
      vertex 10.225 36.040673326026344 0.8000000000000003
      vertex 10.442462120245875 36.20753787975413 0.8000000000000003
      vertex 10.442462120245875 37.69246212024588 0.8000000000000003
    endloop
  endfacet
  facet normal 0 0 1
    outer loop
      vertex 10.442462120245875 36.20753787975413 0.8000000000000003
      vertex 10.60932667397366 36.425000000000004 0.8000000000000003
      vertex 10.60932667397366 37.475 0.8000000000000003
    endloop
  endfacet
  facet normal 0 0 1
    outer loop
      vertex 10.60932667397366 36.425000000000004 0.8000000000000003
      vertex 10.714222117603521 36.678240002642355 0.8000000000000003
      vertex 10.714222117603521 37.22175999735765 0.8000000000000003
    endloop
  endfacet
  facet normal 0 0 1
    outer loop
      vertex 10.714222117603521 36.678240002642355 0.8000000000000003
      vertex 10.75 36.95 0.8000000000000003
      vertex 10.714222117603521 37.22175999735765 0.8000000000000003
    endloop
  endfacet
  facet normal 0 0 1
    outer loop
      vertex 10.60932667397366 36.425000000000004 0.8000000000000003
      vertex 10.714222117603521 37.22175999735765 0.8000000000000003
      vertex 10.60932667397366 37.475 0.8000000000000003
    endloop
  endfacet
  facet normal 0 0 1
    outer loop
      vertex 10.442462120245875 36.20753787975413 0.8000000000000003
      vertex 10.60932667397366 37.475 0.8000000000000003
      vertex 10.442462120245875 37.69246212024588 0.8000000000000003
    endloop
  endfacet
  facet normal 0 0 1
    outer loop
      vertex 10.225 36.040673326026344 0.8000000000000003
      vertex 10.442462120245875 37.69246212024588 0.8000000000000003
      vertex 10.225 37.85932667397366 0.8000000000000003
    endloop
  endfacet
  facet normal -0.9914448613738102 0.13052619222005318 0
    outer loop
      vertex 10.714222117603521 36.678240002642355 0.8000000000000003
      vertex 10.714222117603521 36.678240002642355 2.2
      vertex 10.75 36.95 0.8000000000000003
    endloop
  endfacet
  facet normal -0.9914448613738102 -0.13052619222005318 0
    outer loop
      vertex 10.75 36.95 0.8000000000000003
      vertex 10.75 36.95 2.2
      vertex 10.714222117603521 37.22175999735765 0.8000000000000003
    endloop
  endfacet
  facet normal -0.9238795325112855 0.3826834323650925 0
    outer loop
      vertex 10.714222117603521 36.678240002642355 0.8000000000000003
      vertex 10.60932667397366 36.425000000000004 2.2
      vertex 10.714222117603521 36.678240002642355 2.2
    endloop
  endfacet
  facet normal -0.9914448613738102 0.13052619222005318 0
    outer loop
      vertex 10.75 36.95 0.8000000000000003
      vertex 10.714222117603521 36.678240002642355 2.2
      vertex 10.75 36.95 2.2
    endloop
  endfacet
  facet normal -0.9238795325112855 -0.3826834323650925 1.4356418121793018e-18
    outer loop
      vertex 10.60932667397366 37.475 0.8000000000000003
      vertex 10.714222117603521 37.22175999735765 0.8000000000000003
      vertex 10.714222117603521 37.22175999735765 2.7
    endloop
  endfacet
  facet normal 0.6087614290087168 -0.793353340291238 -2.8893687139666674e-18
    outer loop
      vertex 8.957537879754124 37.69246212024588 0.8000000000000003
      vertex 9.174999999999999 37.85932667397366 0.8000000000000003
      vertex 9.174999999999999 37.85932667397366 2.2
    endloop
  endfacet
  facet normal 0.3826834323650991 -0.9238795325112829 0
    outer loop
      vertex 9.174999999999999 37.85932667397366 0.8000000000000003
      vertex 9.428240002642353 37.964222117603526 0.8000000000000003
      vertex 9.174999999999999 37.85932667397366 2.2
    endloop
  endfacet
  facet normal 0.13052619222003492 -0.9914448613738127 -1.0314893791325825e-18
    outer loop
      vertex 9.428240002642353 37.964222117603526 0.8000000000000003
      vertex 9.7 38 0.8000000000000003
      vertex 9.7 38 2.2
    endloop
  endfacet
  facet normal -0.13052619222003492 -0.9914448613738127 0
    outer loop
      vertex 9.7 38 0.8000000000000003
      vertex 9.971759997357646 37.964222117603526 0.8000000000000003
      vertex 9.7 38 2.2
    endloop
  endfacet
  facet normal 0.6087614290087168 -0.793353340291238 0
    outer loop
      vertex 8.957537879754124 37.69246212024588 0.8000000000000003
      vertex 9.174999999999999 37.85932667397366 2.2
      vertex 8.957537879754124 37.69246212024588 2.2
    endloop
  endfacet
  facet normal -0.3826834323650991 -0.9238795325112829 3.2296767908510854e-18
    outer loop
      vertex 10.225 37.85932667397366 0.8000000000000003
      vertex 9.971759997357646 37.964222117603526 2.7
      vertex 9.971759997357646 37.964222117603526 0.8000000000000003
    endloop
  endfacet
  facet normal 0.13052619222003492 -0.9914448613738127 0
    outer loop
      vertex 9.428240002642353 37.964222117603526 0.8000000000000003
      vertex 9.7 38 2.2
      vertex 9.428240002642353 37.964222117603526 2.2
    endloop
  endfacet
  facet normal -0.7933533402912373 -0.6087614290087177 0
    outer loop
      vertex 10.60932667397366 37.475 0.8000000000000003
      vertex 10.60932667397366 37.475 2.7
      vertex 10.442462120245875 37.69246212024588 0.8000000000000003
    endloop
  endfacet
  facet normal -0.6087614290087168 -0.7933533402912382 0
    outer loop
      vertex 10.442462120245875 37.69246212024588 0.8000000000000003
      vertex 10.442462120245875 37.69246212024588 2.7
      vertex 10.225 37.85932667397366 0.8000000000000003
    endloop
  endfacet
  facet normal 0.1305261922200349 0.9914448613738125 0
    outer loop
      vertex 9.428240002642353 35.93577788239648 0.8000000000000003
      vertex 9.428240002642353 35.93577788239648 2.7
      vertex 9.7 35.900000000000006 2.2
    endloop
  endfacet
  facet normal 0.3826834323650991 0.9238795325112829 0
    outer loop
      vertex 9.174999999999999 36.040673326026344 0.8000000000000003
      vertex 9.174999999999999 36.040673326026344 2.7
      vertex 9.428240002642353 35.93577788239648 2.7
    endloop
  endfacet
  facet normal 0.6087614290087168 0.7933533402912382 0
    outer loop
      vertex 9.174999999999999 36.040673326026344 0.8000000000000003
      vertex 8.957537879754124 36.20753787975413 2.7
      vertex 9.174999999999999 36.040673326026344 2.7
    endloop
  endfacet
  facet normal -0.3826834323650991 0.9238795325112829 0
    outer loop
      vertex 9.971759997357646 35.93577788239648 0.8000000000000003
      vertex 9.971759997357646 35.93577788239648 2.2
      vertex 10.225 36.040673326026344 2.7
    endloop
  endfacet
  facet normal -0.3826834323650991 0.9238795325112831 -1.2272771805234122e-17
    outer loop
      vertex 9.971759997357646 35.93577788239648 0.8000000000000003
      vertex 10.225 36.040673326026344 2.7
      vertex 10.225 36.040673326026344 2.2
    endloop
  endfacet
  facet normal 0.13052619222003492 0.9914448613738126 0
    outer loop
      vertex 9.7 35.900000000000006 2.2
      vertex 9.428240002642353 35.93577788239648 2.7
      vertex 9.7 35.900000000000006 2.7
    endloop
  endfacet
  facet normal -0.1305261922199848 0.9914448613738193 0
    outer loop
      vertex 9.971759997357646 35.93577788239648 2.7
      vertex 9.971759997357646 35.93577788239648 2.2
      vertex 9.926466664464705 35.92981490199707 2.7
    endloop
  endfacet
  facet normal -0.38268343236509905 0.9238795325112829 0
    outer loop
      vertex 9.971759997357646 35.93577788239648 2.2
      vertex 9.971759997357646 35.93577788239648 2.7
      vertex 10.225 36.040673326026344 2.7
    endloop
  endfacet
  facet normal -0.7933533402912355 0.6087614290087202 -8.346468486547065e-19
    outer loop
      vertex 10.486373844911082 36.264764753503044 2.2
      vertex 10.60932667397366 36.425000000000004 2.7
      vertex 10.60932667397366 36.425000000000004 2.2
    endloop
  endfacet
  facet normal -0.6087614290086973 0.793353340291253 0
    outer loop
      vertex 10.442462120245875 36.20753787975413 2.7
      vertex 10.442462120245875 36.20753787975413 2.2
      vertex 10.406218433538228 36.1797271207995 2.7
    endloop
  endfacet
  facet normal -0.7933533402912374 0.6087614290087178 1.2392253283970276e-15
    outer loop
      vertex 10.486373844911082 36.264764753503044 2.2
      vertex 10.442462120245875 36.20753787975413 2.7
      vertex 10.60932667397366 36.425000000000004 2.7
    endloop
  endfacet
  facet normal -0.9914448613738103 -0.13052619222005318 -3.228671475663038e-18
    outer loop
      vertex 10.714222117603521 37.22175999735765 0.8000000000000003
      vertex 10.75 36.95 2.2
      vertex 10.75 36.95 2.7
    endloop
  endfacet
  facet normal -0.9914448613738103 -0.1305261922200532 0
    outer loop
      vertex 10.714222117603521 37.22175999735765 0.8000000000000003
      vertex 10.75 36.95 2.7
      vertex 10.714222117603521 37.22175999735765 2.7
    endloop
  endfacet
  facet normal -0.9238795325112941 0.3826834323650724 0
    outer loop
      vertex 10.714222117603521 36.678240002642355 2.2
      vertex 10.696739543665212 36.636033335535295 2.7
      vertex 10.714222117603521 36.678240002642355 2.7
    endloop
  endfacet
  facet normal -0.9914448613738085 0.13052619222006626 0
    outer loop
      vertex 10.75 36.95 2.7
      vertex 10.75 36.95 2.2
      vertex 10.744037019600587 36.904706667107064 2.7
    endloop
  endfacet
  facet normal 0.3826834323650991 -0.9238795325112831 -1.2272771805234122e-17
    outer loop
      vertex 9.428240002642353 37.964222117603526 0.8000000000000003
      vertex 9.174999999999999 37.85932667397366 2.7
      vertex 9.174999999999999 37.85932667397366 2.2
    endloop
  endfacet
  facet normal 0.3826834323650991 -0.9238795325112829 0
    outer loop
      vertex 9.428240002642353 37.964222117603526 0.8000000000000003
      vertex 9.428240002642353 37.964222117603526 2.2
      vertex 9.174999999999999 37.85932667397366 2.7
    endloop
  endfacet
  facet normal -0.1305261922200349 -0.9914448613738125 0
    outer loop
      vertex 9.971759997357646 37.964222117603526 0.8000000000000003
      vertex 9.971759997357646 37.964222117603526 2.7
      vertex 9.7 38 2.2
    endloop
  endfacet
  facet normal -0.9238795325112855 -0.3826834323650925 0
    outer loop
      vertex 10.60932667397366 37.475 0.8000000000000003
      vertex 10.714222117603521 37.22175999735765 2.7
      vertex 10.60932667397366 37.475 2.7
    endloop
  endfacet
  facet normal -0.7933533402912373 -0.6087614290087177 0
    outer loop
      vertex 10.442462120245875 37.69246212024588 0.8000000000000003
      vertex 10.60932667397366 37.475 2.7
      vertex 10.442462120245875 37.69246212024588 2.7
    endloop
  endfacet
  facet normal -0.6087614290087168 -0.7933533402912382 0
    outer loop
      vertex 10.225 37.85932667397366 0.8000000000000003
      vertex 10.442462120245875 37.69246212024588 2.7
      vertex 10.225 37.85932667397366 2.7
    endloop
  endfacet
  facet normal -0.3826834323650991 -0.9238795325112829 0
    outer loop
      vertex 10.225 37.85932667397366 0.8000000000000003
      vertex 10.225 37.85932667397366 2.7
      vertex 9.971759997357646 37.964222117603526 2.7
    endloop
  endfacet
  facet normal 0.38268343236509905 -0.9238795325112829 0
    outer loop
      vertex 9.428240002642353 37.964222117603526 2.2
      vertex 9.428240002642353 37.964222117603526 2.7
      vertex 9.174999999999999 37.85932667397366 2.7
    endloop
  endfacet
  facet normal 0.1305261922199848 -0.9914448613738193 0
    outer loop
      vertex 9.428240002642353 37.964222117603526 2.7
      vertex 9.428240002642353 37.964222117603526 2.2
      vertex 9.473533335535294 37.970185098002936 2.7
    endloop
  endfacet
  facet normal -0.13052619222003492 -0.9914448613738126 0
    outer loop
      vertex 9.7 38 2.2
      vertex 9.971759997357646 37.964222117603526 2.7
      vertex 9.7 38 2.7
    endloop
  endfacet
  facet normal 0 0 1
    outer loop
      vertex 66.79067332602634 13.424999999999999 0.8000000000000003
      vertex 66.79067332602634 14.475 0.8000000000000003
      vertex 66.68577788239648 13.678240002642353 0.8000000000000003
    endloop
  endfacet
  facet normal 0 0 1
    outer loop
      vertex 67.175 13.040673326026338 0.8000000000000003
      vertex 67.175 14.85932667397366 0.8000000000000003
      vertex 66.95753787975413 13.207537879754124 0.8000000000000003
    endloop
  endfacet
  facet normal 0 0 1
    outer loop
      vertex 67.175 13.040673326026338 0.8000000000000003
      vertex 67.42824000264235 12.935777882396478 0.8000000000000003
      vertex 67.42824000264235 14.964222117603521 0.8000000000000003
    endloop
  endfacet
  facet normal 0 0 1
    outer loop
      vertex 66.95753787975413 13.207537879754124 0.8000000000000003
      vertex 66.95753787975413 14.692462120245875 0.8000000000000003
      vertex 66.79067332602634 13.424999999999999 0.8000000000000003
    endloop
  endfacet
  facet normal 0 0 1
    outer loop
      vertex 66.68577788239648 13.678240002642353 0.8000000000000003
      vertex 66.68577788239648 14.221759997357646 0.8000000000000003
      vertex 66.65 13.95 0.8000000000000003
    endloop
  endfacet
  facet normal 0 0 1
    outer loop
      vertex 66.68577788239648 13.678240002642353 0.8000000000000003
      vertex 66.79067332602634 14.475 0.8000000000000003
      vertex 66.68577788239648 14.221759997357646 0.8000000000000003
    endloop
  endfacet
  facet normal 0 0 1
    outer loop
      vertex 66.79067332602634 13.424999999999999 0.8000000000000003
      vertex 66.95753787975413 14.692462120245875 0.8000000000000003
      vertex 66.79067332602634 14.475 0.8000000000000003
    endloop
  endfacet
  facet normal 0 0 1
    outer loop
      vertex 66.95753787975413 13.207537879754124 0.8000000000000003
      vertex 67.175 14.85932667397366 0.8000000000000003
      vertex 66.95753787975413 14.692462120245875 0.8000000000000003
    endloop
  endfacet
  facet normal 0 0 1
    outer loop
      vertex 67.175 13.040673326026338 0.8000000000000003
      vertex 67.42824000264235 14.964222117603521 0.8000000000000003
      vertex 67.175 14.85932667397366 0.8000000000000003
    endloop
  endfacet
  facet normal 0.3826834323650834 0.9238795325112893 2.5956655960901037e-18
    outer loop
      vertex 67.175 13.040673326026338 0.8000000000000003
      vertex 67.42824000264235 12.935777882396478 2.7
      vertex 67.42824000264235 12.935777882396478 0.8000000000000003
    endloop
  endfacet
  facet normal 0.7933533402912256 0.6087614290087331 6.376405278190793e-18
    outer loop
      vertex 66.95753787975413 13.207537879754124 0.8000000000000003
      vertex 66.79067332602634 13.424999999999999 0.8000000000000003
      vertex 66.79067332602634 13.424999999999999 2.7
    endloop
  endfacet
  facet normal 0.6087614290087303 0.7933533402912277 -4.7769231096973e-18
    outer loop
      vertex 67.175 13.040673326026338 0.8000000000000003
      vertex 66.95753787975413 13.207537879754124 0.8000000000000003
      vertex 66.95753787975413 13.207537879754124 2.7
    endloop
  endfacet
  facet normal 0.9238795325112921 0.38268343236507696 8.016306174183222e-19
    outer loop
      vertex 66.79067332602634 13.424999999999999 0.8000000000000003
      vertex 66.68577788239648 13.678240002642353 0.8000000000000003
      vertex 66.68577788239648 13.678240002642353 2.7
    endloop
  endfacet
  facet normal 0.9914448613738125 0.1305261922200349 7.600448056766396e-19
    outer loop
      vertex 66.68577788239648 13.678240002642353 0.8000000000000003
      vertex 66.65 13.95 0.8000000000000003
      vertex 66.65 13.95 2.7
    endloop
  endfacet
  facet normal 0.9914448613738125 -0.1305261922200349 -7.600448056766396e-19
    outer loop
      vertex 66.65 13.95 0.8000000000000003
      vertex 66.68577788239648 14.221759997357646 0.8000000000000003
      vertex 66.68577788239648 14.221759997357646 2.7
    endloop
  endfacet
  facet normal 0.923879532511292 -0.3826834323650769 -1.0879272664962943e-18
    outer loop
      vertex 66.68577788239648 14.221759997357646 0.8000000000000003
      vertex 66.79067332602634 14.475 0.8000000000000003
      vertex 66.79067332602634 14.475 2.2
    endloop
  endfacet
  facet normal 0.7933533402912256 -0.6087614290087331 -8.653692877544648e-18
    outer loop
      vertex 66.79067332602634 14.475 0.8000000000000003
      vertex 66.95753787975413 14.692462120245875 0.8000000000000003
      vertex 66.95753787975413 14.692462120245875 2.2
    endloop
  endfacet
  facet normal 0.6087614290087303 -0.7933533402912278 6.482967077446337e-18
    outer loop
      vertex 66.95753787975413 14.692462120245875 0.8000000000000003
      vertex 67.175 14.85932667397366 0.8000000000000003
      vertex 67.175 14.85932667397366 2.2
    endloop
  endfacet
  facet normal 0.38268343236508345 -0.9238795325112895 0
    outer loop
      vertex 67.175 14.85932667397366 0.8000000000000003
      vertex 67.42824000264235 14.964222117603521 0.8000000000000003
      vertex 67.175 14.85932667397366 2.2
    endloop
  endfacet
  facet normal 0.7933533402912256 -0.6087614290087331 0
    outer loop
      vertex 66.79067332602634 14.475 0.8000000000000003
      vertex 66.95753787975413 14.692462120245875 2.2
      vertex 66.79067332602634 14.475 2.2
    endloop
  endfacet
  facet normal 0.6087614290087303 -0.7933533402912278 0
    outer loop
      vertex 66.95753787975413 14.692462120245875 0.8000000000000003
      vertex 67.175 14.85932667397366 2.2
      vertex 66.95753787975413 14.692462120245875 2.2
    endloop
  endfacet
  facet normal 0 0 1
    outer loop
      vertex 67.42824000264235 12.935777882396478 0.8000000000000003
      vertex 67.7 12.899999999999999 0.8000000000000003
      vertex 67.7 15 0.8000000000000003
    endloop
  endfacet
  facet normal 0 0 1
    outer loop
      vertex 67.7 12.899999999999999 0.8000000000000003
      vertex 67.97175999735765 12.935777882396478 0.8000000000000003
      vertex 67.97175999735765 14.964222117603521 0.8000000000000003
    endloop
  endfacet
  facet normal 0 0 1
    outer loop
      vertex 67.97175999735765 12.935777882396478 0.8000000000000003
      vertex 68.22500000000001 13.040673326026338 0.8000000000000003
      vertex 68.22500000000001 14.85932667397366 0.8000000000000003
    endloop
  endfacet
  facet normal 0 0 1
    outer loop
      vertex 68.22500000000001 13.040673326026338 0.8000000000000003
      vertex 68.44246212024588 13.207537879754124 0.8000000000000003
      vertex 68.44246212024588 14.692462120245875 0.8000000000000003
    endloop
  endfacet
  facet normal 0 0 1
    outer loop
      vertex 68.44246212024588 13.207537879754124 0.8000000000000003
      vertex 68.60932667397367 13.424999999999999 0.8000000000000003
      vertex 68.60932667397367 14.475 0.8000000000000003
    endloop
  endfacet
  facet normal 0 0 1
    outer loop
      vertex 67.42824000264235 12.935777882396478 0.8000000000000003
      vertex 67.7 15 0.8000000000000003
      vertex 67.42824000264235 14.964222117603521 0.8000000000000003
    endloop
  endfacet
  facet normal 0 0 1
    outer loop
      vertex 67.7 12.899999999999999 0.8000000000000003
      vertex 67.97175999735765 14.964222117603521 0.8000000000000003
      vertex 67.7 15 0.8000000000000003
    endloop
  endfacet
  facet normal 0 0 1
    outer loop
      vertex 67.97175999735765 12.935777882396478 0.8000000000000003
      vertex 68.22500000000001 14.85932667397366 0.8000000000000003
      vertex 67.97175999735765 14.964222117603521 0.8000000000000003
    endloop
  endfacet
  facet normal 0 0 1
    outer loop
      vertex 68.22500000000001 13.040673326026338 0.8000000000000003
      vertex 68.44246212024588 14.692462120245875 0.8000000000000003
      vertex 68.22500000000001 14.85932667397366 0.8000000000000003
    endloop
  endfacet
  facet normal 0 0 1
    outer loop
      vertex 68.44246212024588 13.207537879754124 0.8000000000000003
      vertex 68.60932667397367 14.475 0.8000000000000003
      vertex 68.44246212024588 14.692462120245875 0.8000000000000003
    endloop
  endfacet
  facet normal 0 0 1
    outer loop
      vertex 68.60932667397367 13.424999999999999 0.8000000000000003
      vertex 68.71422211760353 13.678240002642353 0.8000000000000003
      vertex 68.71422211760353 14.221759997357646 0.8000000000000003
    endloop
  endfacet
  facet normal 0 0 1
    outer loop
      vertex 68.71422211760353 13.678240002642353 0.8000000000000003
      vertex 68.75 13.95 0.8000000000000003
      vertex 68.71422211760353 14.221759997357646 0.8000000000000003
    endloop
  endfacet
  facet normal 0 0 1
    outer loop
      vertex 68.60932667397367 13.424999999999999 0.8000000000000003
      vertex 68.71422211760353 14.221759997357646 0.8000000000000003
      vertex 68.60932667397367 14.475 0.8000000000000003
    endloop
  endfacet
  facet normal -0.38268343236508345 0.9238795325112895 -3.522689023265141e-18
    outer loop
      vertex 67.97175999735765 12.935777882396478 0.8000000000000003
      vertex 68.22500000000001 13.040673326026338 2.2
      vertex 68.22500000000001 13.040673326026338 0.8000000000000003
    endloop
  endfacet
  facet normal -0.6087614290087303 0.7933533402912278 0
    outer loop
      vertex 68.22500000000001 13.040673326026338 0.8000000000000003
      vertex 68.22500000000001 13.040673326026338 2.2
      vertex 68.44246212024588 13.207537879754124 0.8000000000000003
    endloop
  endfacet
  facet normal -0.7933533402912256 0.6087614290087331 0
    outer loop
      vertex 68.44246212024588 13.207537879754124 0.8000000000000003
      vertex 68.44246212024588 13.207537879754124 2.2
      vertex 68.60932667397367 13.424999999999999 0.8000000000000003
    endloop
  endfacet
  facet normal -0.923879532511292 0.3826834323650769 0
    outer loop
      vertex 68.60932667397367 13.424999999999999 0.8000000000000003
      vertex 68.60932667397367 13.424999999999999 2.2
      vertex 68.71422211760353 13.678240002642353 0.8000000000000003
    endloop
  endfacet
  facet normal 0.1305261922200532 0.9914448613738103 -8.4965038833237855e-19
    outer loop
      vertex 67.42824000264235 12.935777882396478 0.8000000000000003
      vertex 67.7 12.899999999999999 2.7
      vertex 67.7 12.899999999999999 0.8000000000000003
    endloop
  endfacet
  facet normal -0.1305261922200532 0.9914448613738103 0
    outer loop
      vertex 67.7 12.899999999999999 0.8000000000000003
      vertex 67.7 12.899999999999999 2.7
      vertex 67.97175999735765 12.935777882396478 0.8000000000000003
    endloop
  endfacet
  facet normal -0.6087614290087303 0.7933533402912278 0
    outer loop
      vertex 68.44246212024588 13.207537879754124 0.8000000000000003
      vertex 68.22500000000001 13.040673326026338 2.2
      vertex 68.44246212024588 13.207537879754124 2.2
    endloop
  endfacet
  facet normal -0.7933533402912256 0.6087614290087331 0
    outer loop
      vertex 68.60932667397367 13.424999999999999 0.8000000000000003
      vertex 68.44246212024588 13.207537879754124 2.2
      vertex 68.60932667397367 13.424999999999999 2.2
    endloop
  endfacet
  facet normal -0.9914448613738127 0.13052619222003492 0
    outer loop
      vertex 68.71422211760353 13.678240002642353 0.8000000000000003
      vertex 68.71422211760353 13.678240002642353 2.2
      vertex 68.75 13.95 0.8000000000000003
    endloop
  endfacet
  facet normal -0.9914448613738127 -0.13052619222003492 0
    outer loop
      vertex 68.75 13.95 0.8000000000000003
      vertex 68.75 13.95 2.2
      vertex 68.71422211760353 14.221759997357646 0.8000000000000003
    endloop
  endfacet
  facet normal -0.9914448613738127 0.13052619222003492 0
    outer loop
      vertex 68.75 13.95 0.8000000000000003
      vertex 68.71422211760353 13.678240002642353 2.2
      vertex 68.75 13.95 2.2
    endloop
  endfacet
  facet normal -0.9238795325112921 -0.38268343236507696 0
    outer loop
      vertex 68.71422211760353 14.221759997357646 0.8000000000000003
      vertex 68.71422211760353 14.221759997357646 2.7
      vertex 68.60932667397367 14.475 0.8000000000000003
    endloop
  endfacet
  facet normal -0.7933533402912256 -0.6087614290087331 0
    outer loop
      vertex 68.60932667397367 14.475 0.8000000000000003
      vertex 68.60932667397367 14.475 2.7
      vertex 68.44246212024588 14.692462120245875 0.8000000000000003
    endloop
  endfacet
  facet normal 0.1305261922200532 -0.9914448613738103 0
    outer loop
      vertex 67.7 15 0.8000000000000003
      vertex 67.7 15 2.7
      vertex 67.42824000264235 14.964222117603521 0.8000000000000003
    endloop
  endfacet
  facet normal -0.1305261922200532 -0.9914448613738103 -8.4965038833237855e-19
    outer loop
      vertex 67.97175999735765 14.964222117603521 0.8000000000000003
      vertex 67.7 15 2.7
      vertex 67.7 15 0.8000000000000003
    endloop
  endfacet
  facet normal -0.6087614290087303 -0.7933533402912277 0
    outer loop
      vertex 68.44246212024588 14.692462120245875 0.8000000000000003
      vertex 68.44246212024588 14.692462120245875 2.7
      vertex 68.22500000000001 14.85932667397366 0.8000000000000003
    endloop
  endfacet
  facet normal -0.3826834323650834 -0.9238795325112893 2.5956655960901037e-18
    outer loop
      vertex 68.22500000000001 14.85932667397366 0.8000000000000003
      vertex 67.97175999735765 14.964222117603521 2.7
      vertex 67.97175999735765 14.964222117603521 0.8000000000000003
    endloop
  endfacet
  facet normal 0.6087614290087303 0.7933533402912277 0
    outer loop
      vertex 67.175 13.040673326026338 0.8000000000000003
      vertex 66.95753787975413 13.207537879754124 2.7
      vertex 67.175 13.040673326026338 2.7
    endloop
  endfacet
  facet normal 0.3826834323650834 0.9238795325112893 0
    outer loop
      vertex 67.175 13.040673326026338 0.8000000000000003
      vertex 67.175 13.040673326026338 2.7
      vertex 67.42824000264235 12.935777882396478 2.7
    endloop
  endfacet
  facet normal 0.9238795325112921 0.38268343236507696 0
    outer loop
      vertex 66.79067332602634 13.424999999999999 0.8000000000000003
      vertex 66.68577788239648 13.678240002642353 2.7
      vertex 66.79067332602634 13.424999999999999 2.7
    endloop
  endfacet
  facet normal 0.7933533402912256 0.6087614290087331 0
    outer loop
      vertex 66.95753787975413 13.207537879754124 0.8000000000000003
      vertex 66.79067332602634 13.424999999999999 2.7
      vertex 66.95753787975413 13.207537879754124 2.7
    endloop
  endfacet
  facet normal 0.9914448613738125 0.1305261922200349 0
    outer loop
      vertex 66.68577788239648 13.678240002642353 0.8000000000000003
      vertex 66.65 13.95 2.7
      vertex 66.68577788239648 13.678240002642353 2.7
    endloop
  endfacet
  facet normal 0.9914448613738125 -0.1305261922200349 0
    outer loop
      vertex 66.65 13.95 0.8000000000000003
      vertex 66.68577788239648 14.221759997357646 2.7
      vertex 66.65 13.95 2.7
    endloop
  endfacet
  facet normal 0.9238795325112921 -0.38268343236507696 0
    outer loop
      vertex 66.68577788239648 14.221759997357646 0.8000000000000003
      vertex 66.79067332602634 14.475 2.7
      vertex 66.68577788239648 14.221759997357646 2.7
    endloop
  endfacet
  facet normal 0.9238795325112921 -0.3826834323650768 -3.046196346189623e-18
    outer loop
      vertex 66.68577788239648 14.221759997357646 0.8000000000000003
      vertex 66.79067332602634 14.475 2.2
      vertex 66.79067332602634 14.475 2.7
    endloop
  endfacet
  facet normal 0.38268343236508334 -0.9238795325112894 -9.863529265142393e-18
    outer loop
      vertex 67.42824000264235 14.964222117603521 0.8000000000000003
      vertex 67.175 14.85932667397366 2.7
      vertex 67.175 14.85932667397366 2.2
    endloop
  endfacet
  facet normal 0.3826834323650834 -0.9238795325112893 0
    outer loop
      vertex 67.42824000264235 14.964222117603521 0.8000000000000003
      vertex 67.42824000264235 14.964222117603521 2.7
      vertex 67.175 14.85932667397366 2.7
    endloop
  endfacet
  facet normal 0.793353340291253 -0.6087614290086973 0
    outer loop
      vertex 66.79067332602634 14.475 2.2
      vertex 66.81848408498097 14.511243686707646 2.7
      vertex 66.79067332602634 14.475 2.7
    endloop
  endfacet
  facet normal 0.6087614290086842 -0.793353340291263 0
    outer loop
      vertex 66.95753787975413 14.692462120245875 2.7
      vertex 66.95753787975413 14.692462120245875 2.2
      vertex 66.99378156646178 14.720272879200506 2.7
    endloop
  endfacet
  facet normal 0.1305261922200532 0.9914448613738103 0
    outer loop
      vertex 67.42824000264235 12.935777882396478 0.8000000000000003
      vertex 67.42824000264235 12.935777882396478 2.7
      vertex 67.7 12.899999999999999 2.7
    endloop
  endfacet
  facet normal -0.1305261922200532 0.9914448613738103 0
    outer loop
      vertex 67.97175999735765 12.935777882396478 0.8000000000000003
      vertex 67.7 12.899999999999999 2.7
      vertex 67.97175999735765 12.935777882396478 2.7
    endloop
  endfacet
  facet normal -0.38268343236508334 0.9238795325112894 -9.863529265142393e-18
    outer loop
      vertex 67.97175999735765 12.935777882396478 0.8000000000000003
      vertex 68.22500000000001 13.040673326026338 2.7
      vertex 68.22500000000001 13.040673326026338 2.2
    endloop
  endfacet
  facet normal -0.3826834323650834 0.9238795325112893 0
    outer loop
      vertex 67.97175999735765 12.935777882396478 0.8000000000000003
      vertex 67.97175999735765 12.935777882396478 2.7
      vertex 68.22500000000001 13.040673326026338 2.7
    endloop
  endfacet
  facet normal -0.9238795325112921 0.3826834323650768 -3.046196346189623e-18
    outer loop
      vertex 68.71422211760353 13.678240002642353 0.8000000000000003
      vertex 68.60932667397367 13.424999999999999 2.2
      vertex 68.60932667397367 13.424999999999999 2.7
    endloop
  endfacet
  facet normal -0.6087614290086842 0.793353340291263 0
    outer loop
      vertex 68.44246212024588 13.207537879754124 2.7
      vertex 68.44246212024588 13.207537879754124 2.2
      vertex 68.40621843353823 13.179727120799493 2.7
    endloop
  endfacet
  facet normal -0.793353340291253 0.6087614290086973 0
    outer loop
      vertex 68.60932667397367 13.424999999999999 2.2
      vertex 68.58151591501904 13.388756313292353 2.7
      vertex 68.60932667397367 13.424999999999999 2.7
    endloop
  endfacet
  facet normal -0.923879532511292 0.3826834323650769 0
    outer loop
      vertex 68.71422211760353 13.678240002642353 0.8000000000000003
      vertex 68.60932667397367 13.424999999999999 2.7
      vertex 68.71422211760353 13.678240002642353 2.2
    endloop
  endfacet
  facet normal -0.9914448613738125 -0.1305261922200349 0
    outer loop
      vertex 68.71422211760353 14.221759997357646 0.8000000000000003
      vertex 68.75 13.95 2.2
      vertex 68.71422211760353 14.221759997357646 2.7
    endloop
  endfacet
  facet normal -0.923879532511292 0.3826834323650769 0
    outer loop
      vertex 68.71422211760353 13.678240002642353 2.2
      vertex 68.60932667397367 13.424999999999999 2.7
      vertex 68.71422211760353 13.678240002642353 2.7
    endloop
  endfacet
  facet normal -0.9914448613737993 0.1305261922201377 0
    outer loop
      vertex 68.75 13.95 2.7
      vertex 68.75 13.95 2.2
      vertex 68.74403701960058 13.904706667107058 2.7
    endloop
  endfacet
  facet normal -0.9914448613738126 -0.13052619222003492 0
    outer loop
      vertex 68.75 13.95 2.7
      vertex 68.71422211760353 14.221759997357646 2.7
      vertex 68.75 13.95 2.2
    endloop
  endfacet
  facet normal -0.7933533402912256 -0.6087614290087331 0
    outer loop
      vertex 68.44246212024588 14.692462120245875 0.8000000000000003
      vertex 68.60932667397367 14.475 2.7
      vertex 68.44246212024588 14.692462120245875 2.7
    endloop
  endfacet
  facet normal 0.1305261922200532 -0.9914448613738103 0
    outer loop
      vertex 67.42824000264235 14.964222117603521 2.7
      vertex 67.42824000264235 14.964222117603521 0.8000000000000003
      vertex 67.7 15 2.7
    endloop
  endfacet
  facet normal -0.1305261922200532 -0.9914448613738103 0
    outer loop
      vertex 67.97175999735765 14.964222117603521 0.8000000000000003
      vertex 67.97175999735765 14.964222117603521 2.7
      vertex 67.7 15 2.7
    endloop
  endfacet
  facet normal -0.3826834323650834 -0.9238795325112893 0
    outer loop
      vertex 68.22500000000001 14.85932667397366 0.8000000000000003
      vertex 68.22500000000001 14.85932667397366 2.7
      vertex 67.97175999735765 14.964222117603521 2.7
    endloop
  endfacet
  facet normal -0.6087614290087303 -0.7933533402912277 0
    outer loop
      vertex 68.22500000000001 14.85932667397366 0.8000000000000003
      vertex 68.44246212024588 14.692462120245875 2.7
      vertex 68.22500000000001 14.85932667397366 2.7
    endloop
  endfacet
  facet normal -0.9238795325112921 -0.38268343236507696 0
    outer loop
      vertex 68.60932667397367 14.475 0.8000000000000003
      vertex 68.71422211760353 14.221759997357646 2.7
      vertex 68.60932667397367 14.475 2.7
    endloop
  endfacet
  facet normal 0.3826834323650945 0.9238795325112849 4.7880327908952905e-19
    outer loop
      vertex 67.175 36.040673326026344 0.8000000000000003
      vertex 67.42824000264235 35.93577788239648 2.7
      vertex 67.42824000264235 35.93577788239648 0.8000000000000003
    endloop
  endfacet
  facet normal 0.6087614290087262 0.793353340291231 4.153883913335411e-18
    outer loop
      vertex 67.175 36.040673326026344 0.8000000000000003
      vertex 66.95753787975413 36.20753787975413 0.8000000000000003
      vertex 66.95753787975413 36.20753787975413 2.7
    endloop
  endfacet
  facet normal 0.793353340291228 0.60876142900873 -3.1809142607655483e-18
    outer loop
      vertex 66.95753787975413 36.20753787975413 0.8000000000000003
      vertex 66.79067332602634 36.425000000000004 0.8000000000000003
      vertex 66.79067332602634 36.425000000000004 2.7
    endloop
  endfacet
  facet normal 0 0 1
    outer loop
      vertex 66.79067332602634 36.425000000000004 0.8000000000000003
      vertex 66.79067332602634 37.475 0.8000000000000003
      vertex 66.68577788239648 36.678240002642355 0.8000000000000003
    endloop
  endfacet
  facet normal 0 0 1
    outer loop
      vertex 66.68577788239648 36.678240002642355 0.8000000000000003
      vertex 66.68577788239648 37.22175999735765 0.8000000000000003
      vertex 66.65 36.95 0.8000000000000003
    endloop
  endfacet
  facet normal 0 0 1
    outer loop
      vertex 66.95753787975413 36.20753787975413 0.8000000000000003
      vertex 66.95753787975413 37.69246212024588 0.8000000000000003
      vertex 66.79067332602634 36.425000000000004 0.8000000000000003
    endloop
  endfacet
  facet normal 0 0 1
    outer loop
      vertex 67.175 36.040673326026344 0.8000000000000003
      vertex 67.175 37.85932667397366 0.8000000000000003
      vertex 66.95753787975413 36.20753787975413 0.8000000000000003
    endloop
  endfacet
  facet normal 0 0 1
    outer loop
      vertex 67.175 36.040673326026344 0.8000000000000003
      vertex 67.42824000264235 35.93577788239648 0.8000000000000003
      vertex 67.42824000264235 37.964222117603526 0.8000000000000003
    endloop
  endfacet
  facet normal 0 0 1
    outer loop
      vertex 66.68577788239648 36.678240002642355 0.8000000000000003
      vertex 66.79067332602634 37.475 0.8000000000000003
      vertex 66.68577788239648 37.22175999735765 0.8000000000000003
    endloop
  endfacet
  facet normal 0 0 1
    outer loop
      vertex 66.79067332602634 36.425000000000004 0.8000000000000003
      vertex 66.95753787975413 37.69246212024588 0.8000000000000003
      vertex 66.79067332602634 37.475 0.8000000000000003
    endloop
  endfacet
  facet normal 0 0 1
    outer loop
      vertex 66.95753787975413 36.20753787975413 0.8000000000000003
      vertex 67.175 37.85932667397366 0.8000000000000003
      vertex 66.95753787975413 37.69246212024588 0.8000000000000003
    endloop
  endfacet
  facet normal 0 0 1
    outer loop
      vertex 67.175 36.040673326026344 0.8000000000000003
      vertex 67.42824000264235 37.964222117603526 0.8000000000000003
      vertex 67.175 37.85932667397366 0.8000000000000003
    endloop
  endfacet
  facet normal 0.9238795325112902 0.3826834323650815 -3.1092666782541485e-18
    outer loop
      vertex 66.79067332602634 36.425000000000004 0.8000000000000003
      vertex 66.68577788239648 36.678240002642355 0.8000000000000003
      vertex 66.68577788239648 36.678240002642355 2.7
    endloop
  endfacet
  facet normal 0.9914448613738128 0.1305261922200341 -1.3602355408209084e-18
    outer loop
      vertex 66.68577788239648 36.678240002642355 0.8000000000000003
      vertex 66.65 36.95 0.8000000000000003
      vertex 66.65 36.95 2.7
    endloop
  endfacet
  facet normal 0.9914448613738128 -0.1305261922200341 1.3602355408209084e-18
    outer loop
      vertex 66.65 36.95 0.8000000000000003
      vertex 66.68577788239648 37.22175999735765 0.8000000000000003
      vertex 66.68577788239648 37.22175999735765 2.7
    endloop
  endfacet
  facet normal 0.9238795325112901 -0.38268343236508146 4.219719063344915e-18
    outer loop
      vertex 66.68577788239648 37.22175999735765 0.8000000000000003
      vertex 66.79067332602634 37.475 0.8000000000000003
      vertex 66.79067332602634 37.475 2.2
    endloop
  endfacet
  facet normal 0.793353340291228 -0.60876142900873 4.316955068181816e-18
    outer loop
      vertex 66.79067332602634 37.475 0.8000000000000003
      vertex 66.95753787975413 37.69246212024588 0.8000000000000003
      vertex 66.95753787975413 37.69246212024588 2.2
    endloop
  endfacet
  facet normal 0.6087614290087262 -0.793353340291231 -5.637413882383772e-18
    outer loop
      vertex 66.95753787975413 37.69246212024588 0.8000000000000003
      vertex 67.175 37.85932667397366 0.8000000000000003
      vertex 67.175 37.85932667397366 2.2
    endloop
  endfacet
  facet normal 0.38268343236509456 -0.9238795325112849 0
    outer loop
      vertex 67.175 37.85932667397366 0.8000000000000003
      vertex 67.42824000264235 37.964222117603526 0.8000000000000003
      vertex 67.175 37.85932667397366 2.2
    endloop
  endfacet
  facet normal 0.793353340291228 -0.60876142900873 0
    outer loop
      vertex 66.79067332602634 37.475 0.8000000000000003
      vertex 66.95753787975413 37.69246212024588 2.2
      vertex 66.79067332602634 37.475 2.2
    endloop
  endfacet
  facet normal 0.6087614290087262 -0.793353340291231 0
    outer loop
      vertex 66.95753787975413 37.69246212024588 0.8000000000000003
      vertex 67.175 37.85932667397366 2.2
      vertex 66.95753787975413 37.69246212024588 2.2
    endloop
  endfacet
  facet normal -0.38268343236509456 0.9238795325112849 -6.498044501929323e-19
    outer loop
      vertex 67.97175999735765 35.93577788239648 0.8000000000000003
      vertex 68.22500000000001 36.040673326026344 2.2
      vertex 68.22500000000001 36.040673326026344 0.8000000000000003
    endloop
  endfacet
  facet normal -0.6087614290087262 0.793353340291231 0
    outer loop
      vertex 68.22500000000001 36.040673326026344 0.8000000000000003
      vertex 68.22500000000001 36.040673326026344 2.2
      vertex 68.44246212024588 36.20753787975413 0.8000000000000003
    endloop
  endfacet
  facet normal -0.793353340291228 0.60876142900873 0
    outer loop
      vertex 68.44246212024588 36.20753787975413 0.8000000000000003
      vertex 68.44246212024588 36.20753787975413 2.2
      vertex 68.60932667397367 36.425000000000004 0.8000000000000003
    endloop
  endfacet
  facet normal -0.9238795325112901 0.38268343236508146 0
    outer loop
      vertex 68.60932667397367 36.425000000000004 0.8000000000000003
      vertex 68.60932667397367 36.425000000000004 2.2
      vertex 68.71422211760353 36.678240002642355 0.8000000000000003
    endloop
  endfacet
  facet normal 0.1305261922200341 0.9914448613738128 -1.3602355408209084e-18
    outer loop
      vertex 67.42824000264235 35.93577788239648 0.8000000000000003
      vertex 67.7 35.900000000000006 2.7
      vertex 67.7 35.900000000000006 0.8000000000000003
    endloop
  endfacet
  facet normal -0.1305261922200341 0.9914448613738128 0
    outer loop
      vertex 67.7 35.900000000000006 0.8000000000000003
      vertex 67.7 35.900000000000006 2.7
      vertex 67.97175999735765 35.93577788239648 0.8000000000000003
    endloop
  endfacet
  facet normal -0.6087614290087262 0.793353340291231 0
    outer loop
      vertex 68.44246212024588 36.20753787975413 0.8000000000000003
      vertex 68.22500000000001 36.040673326026344 2.2
      vertex 68.44246212024588 36.20753787975413 2.2
    endloop
  endfacet
  facet normal -0.793353340291228 0.60876142900873 0
    outer loop
      vertex 68.60932667397367 36.425000000000004 0.8000000000000003
      vertex 68.44246212024588 36.20753787975413 2.2
      vertex 68.60932667397367 36.425000000000004 2.2
    endloop
  endfacet
  facet normal 0 0 1
    outer loop
      vertex 67.42824000264235 35.93577788239648 0.8000000000000003
      vertex 67.7 35.900000000000006 0.8000000000000003
      vertex 67.7 38 0.8000000000000003
    endloop
  endfacet
  facet normal 0 0 1
    outer loop
      vertex 67.7 35.900000000000006 0.8000000000000003
      vertex 67.97175999735765 35.93577788239648 0.8000000000000003
      vertex 67.97175999735765 37.964222117603526 0.8000000000000003
    endloop
  endfacet
  facet normal 0 0 1
    outer loop
      vertex 67.97175999735765 35.93577788239648 0.8000000000000003
      vertex 68.22500000000001 36.040673326026344 0.8000000000000003
      vertex 68.22500000000001 37.85932667397366 0.8000000000000003
    endloop
  endfacet
  facet normal 0 0 1
    outer loop
      vertex 68.22500000000001 36.040673326026344 0.8000000000000003
      vertex 68.44246212024588 36.20753787975413 0.8000000000000003
      vertex 68.44246212024588 37.69246212024588 0.8000000000000003
    endloop
  endfacet
  facet normal 0 0 1
    outer loop
      vertex 68.44246212024588 36.20753787975413 0.8000000000000003
      vertex 68.60932667397367 36.425000000000004 0.8000000000000003
      vertex 68.60932667397367 37.475 0.8000000000000003
    endloop
  endfacet
  facet normal 0 0 1
    outer loop
      vertex 67.42824000264235 35.93577788239648 0.8000000000000003
      vertex 67.7 38 0.8000000000000003
      vertex 67.42824000264235 37.964222117603526 0.8000000000000003
    endloop
  endfacet
  facet normal 0 0 1
    outer loop
      vertex 67.7 35.900000000000006 0.8000000000000003
      vertex 67.97175999735765 37.964222117603526 0.8000000000000003
      vertex 67.7 38 0.8000000000000003
    endloop
  endfacet
  facet normal 0 0 1
    outer loop
      vertex 68.44246212024588 36.20753787975413 0.8000000000000003
      vertex 68.60932667397367 37.475 0.8000000000000003
      vertex 68.44246212024588 37.69246212024588 0.8000000000000003
    endloop
  endfacet
  facet normal 0 0 1
    outer loop
      vertex 67.97175999735765 35.93577788239648 0.8000000000000003
      vertex 68.22500000000001 37.85932667397366 0.8000000000000003
      vertex 67.97175999735765 37.964222117603526 0.8000000000000003
    endloop
  endfacet
  facet normal 0 0 1
    outer loop
      vertex 68.22500000000001 36.040673326026344 0.8000000000000003
      vertex 68.44246212024588 37.69246212024588 0.8000000000000003
      vertex 68.22500000000001 37.85932667397366 0.8000000000000003
    endloop
  endfacet
  facet normal 0 0 1
    outer loop
      vertex 68.60932667397367 36.425000000000004 0.8000000000000003
      vertex 68.71422211760353 36.678240002642355 0.8000000000000003
      vertex 68.71422211760353 37.22175999735765 0.8000000000000003
    endloop
  endfacet
  facet normal 0 0 1
    outer loop
      vertex 68.71422211760353 36.678240002642355 0.8000000000000003
      vertex 68.75 36.95 0.8000000000000003
      vertex 68.71422211760353 37.22175999735765 0.8000000000000003
    endloop
  endfacet
  facet normal 0 0 1
    outer loop
      vertex 68.60932667397367 36.425000000000004 0.8000000000000003
      vertex 68.71422211760353 37.22175999735765 0.8000000000000003
      vertex 68.60932667397367 37.475 0.8000000000000003
    endloop
  endfacet
  facet normal -0.9914448613738128 0.1305261922200341 0
    outer loop
      vertex 68.71422211760353 36.678240002642355 0.8000000000000003
      vertex 68.71422211760353 36.678240002642355 2.7
      vertex 68.75 36.95 0.8000000000000003
    endloop
  endfacet
  facet normal -0.9914448613738128 -0.1305261922200341 0
    outer loop
      vertex 68.75 36.95 0.8000000000000003
      vertex 68.75 36.95 2.7
      vertex 68.71422211760353 37.22175999735765 0.8000000000000003
    endloop
  endfacet
  facet normal -0.9238795325112902 -0.3826834323650815 0
    outer loop
      vertex 68.71422211760353 37.22175999735765 0.8000000000000003
      vertex 68.71422211760353 37.22175999735765 2.7
      vertex 68.60932667397367 37.475 0.8000000000000003
    endloop
  endfacet
  facet normal -0.793353340291228 -0.60876142900873 0
    outer loop
      vertex 68.60932667397367 37.475 0.8000000000000003
      vertex 68.60932667397367 37.475 2.7
      vertex 68.44246212024588 37.69246212024588 0.8000000000000003
    endloop
  endfacet
  facet normal -0.6087614290087262 -0.793353340291231 0
    outer loop
      vertex 68.44246212024588 37.69246212024588 0.8000000000000003
      vertex 68.44246212024588 37.69246212024588 2.7
      vertex 68.22500000000001 37.85932667397366 0.8000000000000003
    endloop
  endfacet
  facet normal 0.1305261922200341 -0.9914448613738128 0
    outer loop
      vertex 67.7 38 0.8000000000000003
      vertex 67.7 38 2.7
      vertex 67.42824000264235 37.964222117603526 0.8000000000000003
    endloop
  endfacet
  facet normal -0.1305261922200341 -0.9914448613738128 -1.3602355408209084e-18
    outer loop
      vertex 67.97175999735765 37.964222117603526 0.8000000000000003
      vertex 67.7 38 2.7
      vertex 67.7 38 0.8000000000000003
    endloop
  endfacet
  facet normal -0.3826834323650945 -0.9238795325112849 4.7880327908952905e-19
    outer loop
      vertex 68.22500000000001 37.85932667397366 0.8000000000000003
      vertex 67.97175999735765 37.964222117603526 2.7
      vertex 67.97175999735765 37.964222117603526 0.8000000000000003
    endloop
  endfacet
  facet normal 0.6087614290087262 0.793353340291231 0
    outer loop
      vertex 67.175 36.040673326026344 0.8000000000000003
      vertex 66.95753787975413 36.20753787975413 2.7
      vertex 67.175 36.040673326026344 2.7
    endloop
  endfacet
  facet normal 0.3826834323650945 0.9238795325112849 0
    outer loop
      vertex 67.175 36.040673326026344 0.8000000000000003
      vertex 67.175 36.040673326026344 2.7
      vertex 67.42824000264235 35.93577788239648 2.7
    endloop
  endfacet
  facet normal 0.9238795325112902 0.3826834323650815 0
    outer loop
      vertex 66.79067332602634 36.425000000000004 0.8000000000000003
      vertex 66.68577788239648 36.678240002642355 2.7
      vertex 66.79067332602634 36.425000000000004 2.7
    endloop
  endfacet
  facet normal 0.793353340291228 0.60876142900873 0
    outer loop
      vertex 66.95753787975413 36.20753787975413 0.8000000000000003
      vertex 66.79067332602634 36.425000000000004 2.7
      vertex 66.95753787975413 36.20753787975413 2.7
    endloop
  endfacet
  facet normal 0.9914448613738128 0.1305261922200341 0
    outer loop
      vertex 66.68577788239648 36.678240002642355 0.8000000000000003
      vertex 66.65 36.95 2.7
      vertex 66.68577788239648 36.678240002642355 2.7
    endloop
  endfacet
  facet normal 0.9914448613738128 -0.1305261922200341 0
    outer loop
      vertex 66.65 36.95 0.8000000000000003
      vertex 66.68577788239648 37.22175999735765 2.7
      vertex 66.65 36.95 2.7
    endloop
  endfacet
  facet normal 0.9238795325112902 -0.3826834323650815 0
    outer loop
      vertex 66.68577788239648 37.22175999735765 0.8000000000000003
      vertex 66.79067332602634 37.475 2.7
      vertex 66.68577788239648 37.22175999735765 2.7
    endloop
  endfacet
  facet normal 0.9238795325112903 -0.3826834323650815 1.1815213377365766e-17
    outer loop
      vertex 66.68577788239648 37.22175999735765 0.8000000000000003
      vertex 66.79067332602634 37.475 2.2
      vertex 66.79067332602634 37.475 2.7
    endloop
  endfacet
  facet normal 0.3826834323650945 -0.9238795325112847 -1.8194524605402102e-18
    outer loop
      vertex 67.42824000264235 37.964222117603526 0.8000000000000003
      vertex 67.175 37.85932667397366 2.7
      vertex 67.175 37.85932667397366 2.2
    endloop
  endfacet
  facet normal 0.3826834323650945 -0.9238795325112849 0
    outer loop
      vertex 67.42824000264235 37.964222117603526 0.8000000000000003
      vertex 67.42824000264235 37.964222117603526 2.7
      vertex 67.175 37.85932667397366 2.7
    endloop
  endfacet
  facet normal 0.7933533402912242 -0.6087614290087349 0
    outer loop
      vertex 66.79067332602634 37.475 2.2
      vertex 66.81848408498097 37.511243686707644 2.7
      vertex 66.79067332602634 37.475 2.7
    endloop
  endfacet
  facet normal 0.6087614290086598 -0.7933533402912819 0
    outer loop
      vertex 66.95753787975413 37.69246212024588 2.7
      vertex 66.95753787975413 37.69246212024588 2.2
      vertex 66.99378156646178 37.72027287920051 2.7
    endloop
  endfacet
  facet normal 0.1305261922200341 0.9914448613738128 0
    outer loop
      vertex 67.42824000264235 35.93577788239648 0.8000000000000003
      vertex 67.42824000264235 35.93577788239648 2.7
      vertex 67.7 35.900000000000006 2.7
    endloop
  endfacet
  facet normal -0.1305261922200341 0.9914448613738128 0
    outer loop
      vertex 67.97175999735765 35.93577788239648 0.8000000000000003
      vertex 67.7 35.900000000000006 2.7
      vertex 67.97175999735765 35.93577788239648 2.7
    endloop
  endfacet
  facet normal -0.3826834323650945 0.9238795325112849 0
    outer loop
      vertex 67.97175999735765 35.93577788239648 0.8000000000000003
      vertex 67.97175999735765 35.93577788239648 2.7
      vertex 68.22500000000001 36.040673326026344 2.7
    endloop
  endfacet
  facet normal -0.3826834323650945 0.9238795325112847 -1.8194524605402102e-18
    outer loop
      vertex 67.97175999735765 35.93577788239648 0.8000000000000003
      vertex 68.22500000000001 36.040673326026344 2.7
      vertex 68.22500000000001 36.040673326026344 2.2
    endloop
  endfacet
  facet normal -0.9238795325112903 0.3826834323650815 1.1815213377365766e-17
    outer loop
      vertex 68.71422211760353 36.678240002642355 0.8000000000000003
      vertex 68.60932667397367 36.425000000000004 2.2
      vertex 68.60932667397367 36.425000000000004 2.7
    endloop
  endfacet
  facet normal -0.6087614290086598 0.7933533402912819 0
    outer loop
      vertex 68.44246212024588 36.20753787975413 2.7
      vertex 68.44246212024588 36.20753787975413 2.2
      vertex 68.40621843353823 36.1797271207995 2.7
    endloop
  endfacet
  facet normal -0.7933533402912242 0.6087614290087349 0
    outer loop
      vertex 68.60932667397367 36.425000000000004 2.2
      vertex 68.58151591501904 36.38875631329236 2.7
      vertex 68.60932667397367 36.425000000000004 2.7
    endloop
  endfacet
  facet normal -0.9238795325112902 0.3826834323650815 0
    outer loop
      vertex 68.71422211760353 36.678240002642355 0.8000000000000003
      vertex 68.60932667397367 36.425000000000004 2.7
      vertex 68.71422211760353 36.678240002642355 2.7
    endloop
  endfacet
  facet normal -0.9914448613738128 0.1305261922200341 0
    outer loop
      vertex 68.75 36.95 0.8000000000000003
      vertex 68.71422211760353 36.678240002642355 2.7
      vertex 68.75 36.95 2.7
    endloop
  endfacet
  facet normal -0.9914448613738128 -0.1305261922200341 0
    outer loop
      vertex 68.71422211760353 37.22175999735765 0.8000000000000003
      vertex 68.75 36.95 2.7
      vertex 68.71422211760353 37.22175999735765 2.7
    endloop
  endfacet
  facet normal -0.793353340291228 -0.60876142900873 0
    outer loop
      vertex 68.44246212024588 37.69246212024588 0.8000000000000003
      vertex 68.60932667397367 37.475 2.7
      vertex 68.44246212024588 37.69246212024588 2.7
    endloop
  endfacet
  facet normal 0.1305261922200341 -0.9914448613738128 0
    outer loop
      vertex 67.42824000264235 37.964222117603526 2.7
      vertex 67.42824000264235 37.964222117603526 0.8000000000000003
      vertex 67.7 38 2.7
    endloop
  endfacet
  facet normal -0.1305261922200341 -0.9914448613738128 0
    outer loop
      vertex 67.97175999735765 37.964222117603526 0.8000000000000003
      vertex 67.97175999735765 37.964222117603526 2.7
      vertex 67.7 38 2.7
    endloop
  endfacet
  facet normal -0.3826834323650945 -0.9238795325112849 0
    outer loop
      vertex 68.22500000000001 37.85932667397366 0.8000000000000003
      vertex 68.22500000000001 37.85932667397366 2.7
      vertex 67.97175999735765 37.964222117603526 2.7
    endloop
  endfacet
  facet normal -0.6087614290087262 -0.793353340291231 0
    outer loop
      vertex 68.22500000000001 37.85932667397366 0.8000000000000003
      vertex 68.44246212024588 37.69246212024588 2.7
      vertex 68.22500000000001 37.85932667397366 2.7
    endloop
  endfacet
  facet normal -0.9238795325112902 -0.3826834323650815 0
    outer loop
      vertex 68.60932667397367 37.475 0.8000000000000003
      vertex 68.71422211760353 37.22175999735765 2.7
      vertex 68.60932667397367 37.475 2.7
    endloop
  endfacet
  facet normal 0 0 1
    outer loop
      vertex 89.11746824526945 8.575 0.8000000000000003
      vertex 89.11746824526945 9.825 0.8000000000000003
      vertex 88.99259271713866 8.876476193621848 0.8000000000000003
    endloop
  endfacet
  facet normal 0 0 1
    outer loop
      vertex 89.31611652351683 8.316116523516815 0.8000000000000003
      vertex 89.31611652351683 10.083883476483184 0.8000000000000003
      vertex 89.11746824526945 8.575 0.8000000000000003
    endloop
  endfacet
  facet normal 0 0 1
    outer loop
      vertex 89.575 8.117468245269452 0.8000000000000003
      vertex 89.575 10.282531754730547 0.8000000000000003
      vertex 89.31611652351683 8.316116523516815 0.8000000000000003
    endloop
  endfacet
  facet normal 0 0 1
    outer loop
      vertex 89.575 8.117468245269452 0.8000000000000003
      vertex 89.87647619362185 7.992592717138664 0.8000000000000003
      vertex 89.87647619362185 10.407407282861335 0.8000000000000003
    endloop
  endfacet
  facet normal 0 0 1
    outer loop
      vertex 88.99259271713866 8.876476193621848 0.8000000000000003
      vertex 88.99259271713866 9.52352380637815 0.8000000000000003
      vertex 88.95 9.2 0.8000000000000003
    endloop
  endfacet
  facet normal 0 0 1
    outer loop
      vertex 88.99259271713866 8.876476193621848 0.8000000000000003
      vertex 89.11746824526945 9.825 0.8000000000000003
      vertex 88.99259271713866 9.52352380637815 0.8000000000000003
    endloop
  endfacet
  facet normal 0 0 1
    outer loop
      vertex 89.11746824526945 8.575 0.8000000000000003
      vertex 89.31611652351683 10.083883476483184 0.8000000000000003
      vertex 89.11746824526945 9.825 0.8000000000000003
    endloop
  endfacet
  facet normal 0.3826834323650875 0.9238795325112876 1.2294517928551082e-18
    outer loop
      vertex 89.575 8.117468245269452 0.8000000000000003
      vertex 89.87647619362185 7.992592717138664 2.7
      vertex 89.87647619362185 7.992592717138664 0.8000000000000003
    endloop
  endfacet
  facet normal 0.60876142900873 0.7933533402912281 6.964500701885252e-19
    outer loop
      vertex 89.575 8.117468245269452 0.8000000000000003
      vertex 89.31611652351683 8.316116523516815 0.8000000000000003
      vertex 89.31611652351683 8.316116523516815 2.7
    endloop
  endfacet
  facet normal 0.7933533402912177 0.6087614290087435 -3.0530942913805316e-18
    outer loop
      vertex 89.31611652351683 8.316116523516815 0.8000000000000003
      vertex 89.11746824526945 8.575 0.8000000000000003
      vertex 89.11746824526945 8.575 2.7
    endloop
  endfacet
  facet normal 0.923879532511287 0.382683432365089 -4.084143457688603e-18
    outer loop
      vertex 89.11746824526945 8.575 0.8000000000000003
      vertex 88.99259271713866 8.876476193621848 0.8000000000000003
      vertex 88.99259271713866 8.876476193621848 2.7
    endloop
  endfacet
  facet normal 0.9914448613738123 0.13052619222003864 8.797758655567152e-19
    outer loop
      vertex 88.99259271713866 8.876476193621848 0.8000000000000003
      vertex 88.95 9.2 0.8000000000000003
      vertex 88.95 9.2 2.7
    endloop
  endfacet
  facet normal 0.9914448613738123 -0.13052619222003864 -8.797758655567152e-19
    outer loop
      vertex 88.95 9.2 0.8000000000000003
      vertex 88.99259271713866 9.52352380637815 0.8000000000000003
      vertex 88.99259271713866 9.52352380637815 2.7
    endloop
  endfacet
  facet normal 0.3826834323650875 0.9238795325112876 0
    outer loop
      vertex 89.575 8.117468245269452 0.8000000000000003
      vertex 89.575 8.117468245269452 2.7
      vertex 89.87647619362185 7.992592717138664 2.7
    endloop
  endfacet
  facet normal 0.60876142900873 0.7933533402912281 0
    outer loop
      vertex 89.575 8.117468245269452 0.8000000000000003
      vertex 89.31611652351683 8.316116523516815 2.7
      vertex 89.575 8.117468245269452 2.7
    endloop
  endfacet
  facet normal 0.7933533402912177 0.6087614290087435 0
    outer loop
      vertex 89.31611652351683 8.316116523516815 0.8000000000000003
      vertex 89.11746824526945 8.575 2.7
      vertex 89.31611652351683 8.316116523516815 2.7
    endloop
  endfacet
  facet normal 0.923879532511287 0.382683432365089 0
    outer loop
      vertex 89.11746824526945 8.575 0.8000000000000003
      vertex 88.99259271713866 8.876476193621848 2.7
      vertex 89.11746824526945 8.575 2.7
    endloop
  endfacet
  facet normal 0.9914448613738123 0.13052619222003864 0
    outer loop
      vertex 88.99259271713866 8.876476193621848 0.8000000000000003
      vertex 88.95 9.2 2.7
      vertex 88.99259271713866 8.876476193621848 2.7
    endloop
  endfacet
  facet normal 0.9914448613738123 -0.13052619222003864 0
    outer loop
      vertex 88.95 9.2 0.8000000000000003
      vertex 88.99259271713866 9.52352380637815 2.7
      vertex 88.95 9.2 2.7
    endloop
  endfacet
  facet normal 0 0 1
    outer loop
      vertex 89.31611652351683 8.316116523516815 0.8000000000000003
      vertex 89.575 10.282531754730547 0.8000000000000003
      vertex 89.31611652351683 10.083883476483184 0.8000000000000003
    endloop
  endfacet
  facet normal 0 0 1
    outer loop
      vertex 89.575 8.117468245269452 0.8000000000000003
      vertex 89.87647619362185 10.407407282861335 0.8000000000000003
      vertex 89.575 10.282531754730547 0.8000000000000003
    endloop
  endfacet
  facet normal 0.9238795325112871 -0.382683432365089 5.542766121148819e-18
    outer loop
      vertex 88.99259271713866 9.52352380637815 0.8000000000000003
      vertex 89.11746824526945 9.825 0.8000000000000003
      vertex 89.11746824526945 9.825 2.2
    endloop
  endfacet
  facet normal 0.7933533402912176 -0.6087614290087434 4.143485109730721e-18
    outer loop
      vertex 89.11746824526945 9.825 0.8000000000000003
      vertex 89.31611652351683 10.083883476483184 0.8000000000000003
      vertex 89.31611652351683 10.083883476483184 2.2
    endloop
  endfacet
  facet normal 0.60876142900873 -0.7933533402912281 -9.451822381129986e-19
    outer loop
      vertex 89.31611652351683 10.083883476483184 0.8000000000000003
      vertex 89.575 10.282531754730547 0.8000000000000003
      vertex 89.575 10.282531754730547 2.2
    endloop
  endfacet
  facet normal 0.38268343236508984 -0.9238795325112867 0
    outer loop
      vertex 89.575 10.282531754730547 0.8000000000000003
      vertex 89.87647619362185 10.407407282861335 0.8000000000000003
      vertex 89.575 10.282531754730547 2.2
    endloop
  endfacet
  facet normal 0.7933533402912176 -0.6087614290087434 0
    outer loop
      vertex 89.11746824526945 9.825 0.8000000000000003
      vertex 89.31611652351683 10.083883476483184 2.2
      vertex 89.11746824526945 9.825 2.2
    endloop
  endfacet
  facet normal 0.60876142900873 -0.7933533402912281 0
    outer loop
      vertex 89.31611652351683 10.083883476483184 0.8000000000000003
      vertex 89.575 10.282531754730547 2.2
      vertex 89.31611652351683 10.083883476483184 2.2
    endloop
  endfacet
  facet normal 0.9238795325112871 -0.38268343236508906 1.5519745139216697e-17
    outer loop
      vertex 88.99259271713866 9.52352380637815 0.8000000000000003
      vertex 89.11746824526945 9.825 2.2
      vertex 89.11746824526945 9.825 2.7
    endloop
  endfacet
  facet normal 0.923879532511287 -0.382683432365089 0
    outer loop
      vertex 88.99259271713866 9.52352380637815 0.8000000000000003
      vertex 89.11746824526945 9.825 2.7
      vertex 88.99259271713866 9.52352380637815 2.7
    endloop
  endfacet
  facet normal 0.3826834323650898 -0.9238795325112867 2.0375505840228985e-17
    outer loop
      vertex 89.87647619362185 10.407407282861335 0.8000000000000003
      vertex 89.575 10.282531754730547 2.7
      vertex 89.575 10.282531754730547 2.2
    endloop
  endfacet
  facet normal 0.7933533402912006 -0.6087614290087656 0
    outer loop
      vertex 89.11746824526945 9.825 2.2
      vertex 89.15057629164401 9.86814724608053 2.7
      vertex 89.11746824526945 9.825 2.7
    endloop
  endfacet
  facet normal 0.6087614290086771 -0.7933533402912685 0
    outer loop
      vertex 89.31611652351683 10.083883476483184 2.7
      vertex 89.31611652351683 10.083883476483184 2.2
      vertex 89.35926376959736 10.116991522857745 2.7
    endloop
  endfacet
  facet normal 0.3826834323650899 -0.9238795325112868 0
    outer loop
      vertex 89.87647619362185 10.407407282861335 0.8000000000000003
      vertex 89.87647619362185 10.407407282861335 2.7
      vertex 89.575 10.282531754730547 2.7
    endloop
  endfacet
  facet normal 0 0 1
    outer loop
      vertex 89.87647619362185 7.992592717138664 0.8000000000000003
      vertex 90.2 7.949999999999999 0.8000000000000003
      vertex 90.2 10.45 0.8000000000000003
    endloop
  endfacet
  facet normal 0 0 1
    outer loop
      vertex 90.2 7.949999999999999 0.8000000000000003
      vertex 90.52352380637815 7.992592717138664 0.8000000000000003
      vertex 90.52352380637815 10.407407282861335 0.8000000000000003
    endloop
  endfacet
  facet normal 0 0 1
    outer loop
      vertex 90.52352380637815 7.992592717138664 0.8000000000000003
      vertex 90.825 8.117468245269452 0.8000000000000003
      vertex 90.825 10.282531754730547 0.8000000000000003
    endloop
  endfacet
  facet normal 0 0 1
    outer loop
      vertex 90.825 8.117468245269452 0.8000000000000003
      vertex 91.08388347648318 8.316116523516815 0.8000000000000003
      vertex 91.08388347648318 10.083883476483184 0.8000000000000003
    endloop
  endfacet
  facet normal 0 0 1
    outer loop
      vertex 90.825 8.117468245269452 0.8000000000000003
      vertex 91.08388347648318 10.083883476483184 0.8000000000000003
      vertex 90.825 10.282531754730547 0.8000000000000003
    endloop
  endfacet
  facet normal 0 0 1
    outer loop
      vertex 91.08388347648318 8.316116523516815 0.8000000000000003
      vertex 91.28253175473056 8.575 0.8000000000000003
      vertex 91.28253175473056 9.825 0.8000000000000003
    endloop
  endfacet
  facet normal 0 0 1
    outer loop
      vertex 91.28253175473056 8.575 0.8000000000000003
      vertex 91.40740728286134 8.876476193621848 0.8000000000000003
      vertex 91.40740728286134 9.52352380637815 0.8000000000000003
    endloop
  endfacet
  facet normal 0 0 1
    outer loop
      vertex 91.28253175473056 8.575 0.8000000000000003
      vertex 91.40740728286134 9.52352380637815 0.8000000000000003
      vertex 91.28253175473056 9.825 0.8000000000000003
    endloop
  endfacet
  facet normal 0 0 1
    outer loop
      vertex 91.40740728286134 8.876476193621848 0.8000000000000003
      vertex 91.45 9.2 0.8000000000000003
      vertex 91.40740728286134 9.52352380637815 0.8000000000000003
    endloop
  endfacet
  facet normal 0 0 1
    outer loop
      vertex 91.08388347648318 8.316116523516815 0.8000000000000003
      vertex 91.28253175473056 9.825 0.8000000000000003
      vertex 91.08388347648318 10.083883476483184 0.8000000000000003
    endloop
  endfacet
  facet normal -0.1305261922200534 0.9914448613738103 -2.1746517506831715e-16
    outer loop
      vertex 90.2 7.949999999999999 0.8000000000000003
      vertex 90.43838596259442 7.981384107365331 2.2
      vertex 90.52352380637815 7.992592717138664 0.8000000000000003
    endloop
  endfacet
  facet normal -0.3826834323650875 0.9238795325112876 -1.6685417188747899e-18
    outer loop
      vertex 90.52352380637815 7.992592717138664 0.8000000000000003
      vertex 90.825 8.117468245269452 2.2
      vertex 90.825 8.117468245269452 0.8000000000000003
    endloop
  endfacet
  facet normal -0.60876142900873 0.7933533402912281 0
    outer loop
      vertex 90.825 8.117468245269452 0.8000000000000003
      vertex 90.825 8.117468245269452 2.2
      vertex 91.08388347648318 8.316116523516815 0.8000000000000003
    endloop
  endfacet
  facet normal -0.7933533402912176 0.6087614290087434 0
    outer loop
      vertex 91.08388347648318 8.316116523516815 0.8000000000000003
      vertex 91.08388347648318 8.316116523516815 2.2
      vertex 91.28253175473056 8.575 0.8000000000000003
    endloop
  endfacet
  facet normal -0.9238795325112871 0.382683432365089 0
    outer loop
      vertex 91.28253175473056 8.575 0.8000000000000003
      vertex 91.28253175473056 8.575 2.2
      vertex 91.40740728286134 8.876476193621848 0.8000000000000003
    endloop
  endfacet
  facet normal 0.1305261922200534 0.9914448613738102 0
    outer loop
      vertex 89.87647619362185 7.992592717138664 0.8000000000000003
      vertex 89.87647619362185 7.992592717138664 2.7
      vertex 90.2 7.949999999999999 0.8000000000000003
    endloop
  endfacet
  facet normal -0.1305261922200499 0.9914448613738106 0
    outer loop
      vertex 90.52352380637815 7.992592717138664 0.8000000000000003
      vertex 90.43838596259442 7.981384107365331 2.2
      vertex 90.52352380637815 7.992592717138664 2.2
    endloop
  endfacet
  facet normal -0.60876142900873 0.7933533402912281 0
    outer loop
      vertex 91.08388347648318 8.316116523516815 0.8000000000000003
      vertex 90.825 8.117468245269452 2.2
      vertex 91.08388347648318 8.316116523516815 2.2
    endloop
  endfacet
  facet normal -0.7933533402912176 0.6087614290087434 0
    outer loop
      vertex 91.28253175473056 8.575 0.8000000000000003
      vertex 91.08388347648318 8.316116523516815 2.2
      vertex 91.28253175473056 8.575 2.2
    endloop
  endfacet
  facet normal -0.9914448613738123 0.13052619222003864 0
    outer loop
      vertex 91.40740728286134 8.876476193621848 0.8000000000000003
      vertex 91.40740728286134 8.876476193621848 2.7
      vertex 91.45 9.2 0.8000000000000003
    endloop
  endfacet
  facet normal -0.9914448613738123 -0.13052619222003864 0
    outer loop
      vertex 91.45 9.2 0.8000000000000003
      vertex 91.45 9.2 2.7
      vertex 91.40740728286134 9.52352380637815 0.8000000000000003
    endloop
  endfacet
  facet normal -0.13052619222005465 0.99144486137381 0
    outer loop
      vertex 90.2 7.949999999999999 0.8000000000000003
      vertex 90.2 7.949999999999999 2.7
      vertex 90.43838596259442 7.981384107365331 2.2
    endloop
  endfacet
  facet normal 0.1305261922200534 0.9914448613738102 0
    outer loop
      vertex 90.2 7.949999999999999 0.8000000000000003
      vertex 89.87647619362185 7.992592717138664 2.7
      vertex 90.2 7.949999999999999 2.7
    endloop
  endfacet
  facet normal -0.3826834323650875 0.9238795325112876 0
    outer loop
      vertex 90.52352380637815 7.992592717138664 0.8000000000000003
      vertex 90.52352380637815 7.992592717138664 2.2
      vertex 90.825 8.117468245269452 2.7
    endloop
  endfacet
  facet normal -0.3826834323650874 0.9238795325112876 -4.67191681284941e-18
    outer loop
      vertex 90.52352380637815 7.992592717138664 0.8000000000000003
      vertex 90.825 8.117468245269452 2.7
      vertex 90.825 8.117468245269452 2.2
    endloop
  endfacet
  facet normal -0.9238795325112871 0.38268343236508906 1.5519745139216697e-17
    outer loop
      vertex 91.40740728286134 8.876476193621848 0.8000000000000003
      vertex 91.28253175473056 8.575 2.2
      vertex 91.28253175473056 8.575 2.7
    endloop
  endfacet
  facet normal -0.13052619222005707 0.9914448613738097 -1.1787927709225656e-15
    outer loop
      vertex 90.49051117307425 7.98824652151227 2.506122448979592
      vertex 90.43838596259442 7.981384107365331 2.2
      vertex 90.2 7.949999999999999 2.7
    endloop
  endfacet
  facet normal -0.13052619222002784 0.9914448613738136 0
    outer loop
      vertex 90.52352380637815 7.992592717138664 2.2
      vertex 90.49051117307425 7.98824652151227 2.506122448979592
      vertex 90.52352380637815 7.992592717138664 2.7
    endloop
  endfacet
  facet normal -0.3826834323650875 0.9238795325112876 0
    outer loop
      vertex 90.52352380637815 7.992592717138664 2.2
      vertex 90.52352380637815 7.992592717138664 2.7
      vertex 90.825 8.117468245269452 2.7
    endloop
  endfacet
  facet normal -0.1305261922200534 0.99144486137381 4.431749430039379e-15
    outer loop
      vertex 90.49051117307425 7.98824652151227 2.506122448979592
      vertex 90.2 7.949999999999999 2.7
      vertex 90.52352380637815 7.992592717138664 2.7
    endloop
  endfacet
  facet normal -0.6087614290086771 0.7933533402912685 0
    outer loop
      vertex 91.08388347648318 8.316116523516815 2.7
      vertex 91.08388347648318 8.316116523516815 2.2
      vertex 91.04073623040264 8.283008477142253 2.7
    endloop
  endfacet
  facet normal -0.7933533402912006 0.6087614290087656 0
    outer loop
      vertex 91.28253175473056 8.575 2.2
      vertex 91.24942370835599 8.531852753919468 2.7
      vertex 91.28253175473056 8.575 2.7
    endloop
  endfacet
  facet normal -0.923879532511287 0.382683432365089 0
    outer loop
      vertex 91.40740728286134 8.876476193621848 0.8000000000000003
      vertex 91.28253175473056 8.575 2.7
      vertex 91.40740728286134 8.876476193621848 2.7
    endloop
  endfacet
  facet normal -0.9914448613738123 0.13052619222003864 0
    outer loop
      vertex 91.45 9.2 0.8000000000000003
      vertex 91.40740728286134 8.876476193621848 2.7
      vertex 91.45 9.2 2.7
    endloop
  endfacet
  facet normal -0.9914448613738123 -0.13052619222003864 0
    outer loop
      vertex 91.40740728286134 9.52352380637815 0.8000000000000003
      vertex 91.45 9.2 2.7
      vertex 91.40740728286134 9.52352380637815 2.7
    endloop
  endfacet
  facet normal 0 0 1
    outer loop
      vertex 89.87647619362185 7.992592717138664 0.8000000000000003
      vertex 90.2 10.45 0.8000000000000003
      vertex 89.87647619362185 10.407407282861335 0.8000000000000003
    endloop
  endfacet
  facet normal 0 0 1
    outer loop
      vertex 90.2 7.949999999999999 0.8000000000000003
      vertex 90.52352380637815 10.407407282861335 0.8000000000000003
      vertex 90.2 10.45 0.8000000000000003
    endloop
  endfacet
  facet normal 0 0 1
    outer loop
      vertex 90.52352380637815 7.992592717138664 0.8000000000000003
      vertex 90.825 10.282531754730547 0.8000000000000003
      vertex 90.52352380637815 10.407407282861335 0.8000000000000003
    endloop
  endfacet
  facet normal -0.60876142900873 -0.7933533402912281 0
    outer loop
      vertex 91.08388347648318 10.083883476483184 0.8000000000000003
      vertex 91.08388347648318 10.083883476483184 2.7
      vertex 90.825 10.282531754730547 0.8000000000000003
    endloop
  endfacet
  facet normal -0.923879532511287 -0.382683432365089 0
    outer loop
      vertex 91.40740728286134 9.52352380637815 0.8000000000000003
      vertex 91.40740728286134 9.52352380637815 2.7
      vertex 91.28253175473056 9.825 0.8000000000000003
    endloop
  endfacet
  facet normal -0.7933533402912177 -0.6087614290087435 -3.0530942913805316e-18
    outer loop
      vertex 91.08388347648318 10.083883476483184 0.8000000000000003
      vertex 91.28253175473056 9.825 0.8000000000000003
      vertex 91.28253175473056 9.825 2.7
    endloop
  endfacet
  facet normal 0.13052619222005074 -0.9914448613738106 0
    outer loop
      vertex 90.2 10.45 0.8000000000000003
      vertex 90.2 10.45 2.7
      vertex 89.87647619362185 10.407407282861335 0.8000000000000003
    endloop
  endfacet
  facet normal -0.13052619222005074 -0.9914448613738106 -9.074901257553223e-20
    outer loop
      vertex 90.52352380637815 10.407407282861335 0.8000000000000003
      vertex 90.2 10.45 2.7
      vertex 90.2 10.45 0.8000000000000003
    endloop
  endfacet
  facet normal -0.3826834323650899 -0.9238795325112868 -5.361975221112893e-18
    outer loop
      vertex 90.825 10.282531754730547 0.8000000000000003
      vertex 90.52352380637815 10.407407282861335 2.7
      vertex 90.52352380637815 10.407407282861335 0.8000000000000003
    endloop
  endfacet
  facet normal -0.3826834323650899 -0.9238795325112868 0
    outer loop
      vertex 90.825 10.282531754730547 0.8000000000000003
      vertex 90.825 10.282531754730547 2.7
      vertex 90.52352380637815 10.407407282861335 2.7
    endloop
  endfacet
  facet normal -0.60876142900873 -0.7933533402912281 0
    outer loop
      vertex 90.825 10.282531754730547 0.8000000000000003
      vertex 91.08388347648318 10.083883476483184 2.7
      vertex 90.825 10.282531754730547 2.7
    endloop
  endfacet
  facet normal -0.923879532511287 -0.382683432365089 0
    outer loop
      vertex 91.28253175473056 9.825 0.8000000000000003
      vertex 91.40740728286134 9.52352380637815 2.7
      vertex 91.28253175473056 9.825 2.7
    endloop
  endfacet
  facet normal -0.7933533402912177 -0.6087614290087435 0
    outer loop
      vertex 91.08388347648318 10.083883476483184 0.8000000000000003
      vertex 91.28253175473056 9.825 2.7
      vertex 91.08388347648318 10.083883476483184 2.7
    endloop
  endfacet
  facet normal 0.13052619222005074 -0.9914448613738106 0
    outer loop
      vertex 89.87647619362185 10.407407282861335 2.7
      vertex 89.87647619362185 10.407407282861335 0.8000000000000003
      vertex 90.2 10.45 2.7
    endloop
  endfacet
  facet normal -0.13052619222005074 -0.9914448613738106 0
    outer loop
      vertex 90.52352380637815 10.407407282861335 0.8000000000000003
      vertex 90.52352380637815 10.407407282861335 2.7
      vertex 90.2 10.45 2.7
    endloop
  endfacet
  facet normal 0 0 1
    outer loop
      vertex 89.575 40.61746824526946 0.8000000000000003
      vertex 89.87647619362185 40.49259271713867 0.8000000000000003
      vertex 89.87647619362185 42.907407282861335 0.8000000000000003
    endloop
  endfacet
  facet normal 0.3826834323650852 0.9238795325112886 -3.3708961495844623e-18
    outer loop
      vertex 89.575 40.61746824526946 0.8000000000000003
      vertex 89.87647619362185 40.49259271713867 2.7
      vertex 89.87647619362185 40.49259271713867 0.8000000000000003
    endloop
  endfacet
  facet normal 0.6087614290087265 0.7933533402912307 3.764898782719957e-18
    outer loop
      vertex 89.575 40.61746824526946 0.8000000000000003
      vertex 89.31611652351683 40.81611652351682 0.8000000000000003
      vertex 89.31611652351683 40.81611652351682 2.7
    endloop
  endfacet
  facet normal 0.7933533402912177 0.6087614290087435 0
    outer loop
      vertex 89.11746824526945 41.075 0.8000000000000003
      vertex 89.11746824526945 41.075 2.7
      vertex 89.31611652351683 40.81611652351682 0.8000000000000003
    endloop
  endfacet
  facet normal 0.9238795325112886 0.3826834323650852 -3.3708961495844623e-18
    outer loop
      vertex 89.11746824526945 41.075 0.8000000000000003
      vertex 88.99259271713866 41.376476193621855 0.8000000000000003
      vertex 88.99259271713866 41.376476193621855 2.7
    endloop
  endfacet
  facet normal 0.7933533402912177 0.6087614290087435 0
    outer loop
      vertex 89.31611652351683 40.81611652351682 0.8000000000000003
      vertex 89.11746824526945 41.075 2.7
      vertex 89.31611652351683 40.81611652351682 2.7
    endloop
  endfacet
  facet normal 0.6087614290087265 0.7933533402912307 0
    outer loop
      vertex 89.575 40.61746824526946 0.8000000000000003
      vertex 89.31611652351683 40.81611652351682 2.7
      vertex 89.575 40.61746824526946 2.7
    endloop
  endfacet
  facet normal 0.3826834323650852 0.9238795325112886 0
    outer loop
      vertex 89.575 40.61746824526946 0.8000000000000003
      vertex 89.575 40.61746824526946 2.7
      vertex 89.87647619362185 40.49259271713867 2.7
    endloop
  endfacet
  facet normal 0.9238795325112886 0.3826834323650852 0
    outer loop
      vertex 89.11746824526945 41.075 0.8000000000000003
      vertex 88.99259271713866 41.376476193621855 2.7
      vertex 89.11746824526945 41.075 2.7
    endloop
  endfacet
  facet normal 0 0 1
    outer loop
      vertex 89.11746824526945 41.075 0.8000000000000003
      vertex 89.31611652351683 40.81611652351682 0.8000000000000003
      vertex 89.31611652351683 42.58388347648319 0.8000000000000003
    endloop
  endfacet
  facet normal 0 0 1
    outer loop
      vertex 89.11746824526945 41.075 0.8000000000000003
      vertex 89.11746824526945 42.325 0.8000000000000003
      vertex 88.99259271713866 41.376476193621855 0.8000000000000003
    endloop
  endfacet
  facet normal 0 0 1
    outer loop
      vertex 88.99259271713866 41.376476193621855 0.8000000000000003
      vertex 88.99259271713866 42.02352380637815 0.8000000000000003
      vertex 88.95 41.7 0.8000000000000003
    endloop
  endfacet
  facet normal 0 0 1
    outer loop
      vertex 89.575 40.61746824526946 0.8000000000000003
      vertex 89.575 42.78253175473055 0.8000000000000003
      vertex 89.31611652351683 40.81611652351682 0.8000000000000003
    endloop
  endfacet
  facet normal 0 0 1
    outer loop
      vertex 88.99259271713866 41.376476193621855 0.8000000000000003
      vertex 89.11746824526945 42.325 0.8000000000000003
      vertex 88.99259271713866 42.02352380637815 0.8000000000000003
    endloop
  endfacet
  facet normal 0 0 1
    outer loop
      vertex 89.11746824526945 41.075 0.8000000000000003
      vertex 89.31611652351683 42.58388347648319 0.8000000000000003
      vertex 89.11746824526945 42.325 0.8000000000000003
    endloop
  endfacet
  facet normal 0 0 1
    outer loop
      vertex 89.31611652351683 40.81611652351682 0.8000000000000003
      vertex 89.575 42.78253175473055 0.8000000000000003
      vertex 89.31611652351683 42.58388347648319 0.8000000000000003
    endloop
  endfacet
  facet normal 0 0 1
    outer loop
      vertex 89.575 40.61746824526946 0.8000000000000003
      vertex 89.87647619362185 42.907407282861335 0.8000000000000003
      vertex 89.575 42.78253175473055 0.8000000000000003
    endloop
  endfacet
  facet normal 0.9914448613738119 0.13052619222004005 -1.2749634165305404e-18
    outer loop
      vertex 88.99259271713866 41.376476193621855 0.8000000000000003
      vertex 88.95 41.7 0.8000000000000003
      vertex 88.95 41.7 2.7
    endloop
  endfacet
  facet normal 0.9914448613738119 -0.13052619222004005 1.2749634165305404e-18
    outer loop
      vertex 88.95 41.7 0.8000000000000003
      vertex 88.99259271713866 42.02352380637815 0.8000000000000003
      vertex 88.99259271713866 42.02352380637815 2.7
    endloop
  endfacet
  facet normal 0.9238795325112886 -0.3826834323650852 4.574787631578913e-18
    outer loop
      vertex 88.99259271713866 42.02352380637815 0.8000000000000003
      vertex 89.11746824526945 42.325 0.8000000000000003
      vertex 89.11746824526945 42.325 2.2
    endloop
  endfacet
  facet normal 0.7933533402912176 -0.6087614290087434 4.143485109730721e-18
    outer loop
      vertex 89.11746824526945 42.325 0.8000000000000003
      vertex 89.31611652351683 42.58388347648319 0.8000000000000003
      vertex 89.31611652351683 42.58388347648319 2.2
    endloop
  endfacet
  facet normal 0.6087614290087265 -0.7933533402912307 -5.109505490834226e-18
    outer loop
      vertex 89.31611652351683 42.58388347648319 0.8000000000000003
      vertex 89.575 42.78253175473055 0.8000000000000003
      vertex 89.575 42.78253175473055 2.2
    endloop
  endfacet
  facet normal 0.3826834323650852 -0.9238795325112886 0
    outer loop
      vertex 89.575 42.78253175473055 0.8000000000000003
      vertex 89.87647619362185 42.907407282861335 0.8000000000000003
      vertex 89.575 42.78253175473055 2.2
    endloop
  endfacet
  facet normal 0.7933533402912176 -0.6087614290087434 0
    outer loop
      vertex 89.11746824526945 42.325 0.8000000000000003
      vertex 89.31611652351683 42.58388347648319 2.2
      vertex 89.11746824526945 42.325 2.2
    endloop
  endfacet
  facet normal 0.6087614290087265 -0.7933533402912307 0
    outer loop
      vertex 89.31611652351683 42.58388347648319 0.8000000000000003
      vertex 89.575 42.78253175473055 2.2
      vertex 89.31611652351683 42.58388347648319 2.2
    endloop
  endfacet
  facet normal 0.9914448613738119 0.13052619222004005 0
    outer loop
      vertex 88.99259271713866 41.376476193621855 0.8000000000000003
      vertex 88.95 41.7 2.7
      vertex 88.99259271713866 41.376476193621855 2.7
    endloop
  endfacet
  facet normal 0.9914448613738119 -0.13052619222004005 0
    outer loop
      vertex 88.95 41.7 0.8000000000000003
      vertex 88.99259271713866 42.02352380637815 2.7
      vertex 88.95 41.7 2.7
    endloop
  endfacet
  facet normal 0.9238795325112886 -0.3826834323650852 0
    outer loop
      vertex 88.99259271713866 42.02352380637815 0.8000000000000003
      vertex 89.11746824526945 42.325 2.7
      vertex 88.99259271713866 42.02352380637815 2.7
    endloop
  endfacet
  facet normal 0.9238795325112887 -0.38268343236508506 1.2809405368420955e-17
    outer loop
      vertex 88.99259271713866 42.02352380637815 0.8000000000000003
      vertex 89.11746824526945 42.325 2.2
      vertex 89.11746824526945 42.325 2.7
    endloop
  endfacet
  facet normal 0.38268343236508506 -0.9238795325112887 1.2809405368420955e-17
    outer loop
      vertex 89.87647619362185 42.907407282861335 0.8000000000000003
      vertex 89.575 42.78253175473055 2.7
      vertex 89.575 42.78253175473055 2.2
    endloop
  endfacet
  facet normal 0.3826834323650852 -0.9238795325112886 0
    outer loop
      vertex 89.87647619362185 42.907407282861335 0.8000000000000003
      vertex 89.87647619362185 42.907407282861335 2.7
      vertex 89.575 42.78253175473055 2.7
    endloop
  endfacet
  facet normal 0.7933533402911885 -0.6087614290087814 0
    outer loop
      vertex 89.11746824526945 42.325 2.2
      vertex 89.15057629164401 42.36814724608053 2.7
      vertex 89.11746824526945 42.325 2.7
    endloop
  endfacet
  facet normal 0.6087614290086361 -0.7933533402913001 0
    outer loop
      vertex 89.31611652351683 42.58388347648319 2.7
      vertex 89.31611652351683 42.58388347648319 2.2
      vertex 89.35926376959736 42.616991522857745 2.7
    endloop
  endfacet
  facet normal 0 0 1
    outer loop
      vertex 90.2 40.45 0.8000000000000003
      vertex 90.2 42.95 0.8000000000000003
      vertex 89.87647619362185 40.49259271713867 0.8000000000000003
    endloop
  endfacet
  facet normal 0 0 1
    outer loop
      vertex 90.2 40.45 0.8000000000000003
      vertex 90.52352380637815 40.49259271713867 0.8000000000000003
      vertex 90.52352380637815 42.907407282861335 0.8000000000000003
    endloop
  endfacet
  facet normal 0 0 1
    outer loop
      vertex 90.52352380637815 40.49259271713867 0.8000000000000003
      vertex 90.825 40.61746824526946 0.8000000000000003
      vertex 90.825 42.78253175473055 0.8000000000000003
    endloop
  endfacet
  facet normal 0 0 1
    outer loop
      vertex 90.825 40.61746824526946 0.8000000000000003
      vertex 91.08388347648318 40.81611652351682 0.8000000000000003
      vertex 91.08388347648318 42.58388347648319 0.8000000000000003
    endloop
  endfacet
  facet normal 0.13052619222006145 0.9914448613738092 0
    outer loop
      vertex 90.2 40.45 0.8000000000000003
      vertex 89.87647619362185 40.49259271713867 0.8000000000000003
      vertex 90.2 40.45 2.7
    endloop
  endfacet
  facet normal -0.13052619222006145 0.9914448613738092 -1.0934653913794725e-18
    outer loop
      vertex 90.2 40.45 0.8000000000000003
      vertex 90.52352380637815 40.49259271713867 2.7
      vertex 90.52352380637815 40.49259271713867 0.8000000000000003
    endloop
  endfacet
  facet normal -0.3826834323650852 0.9238795325112886 4.574787631578913e-18
    outer loop
      vertex 90.52352380637815 40.49259271713867 0.8000000000000003
      vertex 90.825 40.61746824526946 2.2
      vertex 90.825 40.61746824526946 0.8000000000000003
    endloop
  endfacet
  facet normal -0.6087614290087265 0.7933533402912307 0
    outer loop
      vertex 90.825 40.61746824526946 0.8000000000000003
      vertex 90.825 40.61746824526946 2.2
      vertex 91.08388347648318 40.81611652351682 0.8000000000000003
    endloop
  endfacet
  facet normal -0.7933533402912176 0.6087614290087434 0
    outer loop
      vertex 91.08388347648318 40.81611652351682 0.8000000000000003
      vertex 91.08388347648318 40.81611652351682 2.2
      vertex 91.28253175473056 41.075 0.8000000000000003
    endloop
  endfacet
  facet normal -0.9238795325112886 0.3826834323650852 0
    outer loop
      vertex 91.28253175473056 41.075 0.8000000000000003
      vertex 91.28253175473056 41.075 2.2
      vertex 91.40740728286134 41.376476193621855 0.8000000000000003
    endloop
  endfacet
  facet normal -0.6087614290087265 0.7933533402912307 0
    outer loop
      vertex 91.08388347648318 40.81611652351682 0.8000000000000003
      vertex 90.825 40.61746824526946 2.2
      vertex 91.08388347648318 40.81611652351682 2.2
    endloop
  endfacet
  facet normal -0.7933533402912176 0.6087614290087434 0
    outer loop
      vertex 91.28253175473056 41.075 0.8000000000000003
      vertex 91.08388347648318 40.81611652351682 2.2
      vertex 91.28253175473056 41.075 2.2
    endloop
  endfacet
  facet normal 0.13052619222006145 0.9914448613738092 0
    outer loop
      vertex 89.87647619362185 40.49259271713867 0.8000000000000003
      vertex 89.87647619362185 40.49259271713867 2.7
      vertex 90.2 40.45 2.7
    endloop
  endfacet
  facet normal -0.13052619222006145 0.9914448613738092 0
    outer loop
      vertex 90.2 40.45 0.8000000000000003
      vertex 90.2 40.45 2.7
      vertex 90.52352380637815 40.49259271713867 2.7
    endloop
  endfacet
  facet normal -0.3826834323650852 0.9238795325112886 0
    outer loop
      vertex 90.52352380637815 40.49259271713867 0.8000000000000003
      vertex 90.52352380637815 40.49259271713867 2.7
      vertex 90.825 40.61746824526946 2.7
    endloop
  endfacet
  facet normal -0.38268343236508506 0.9238795325112887 1.2809405368420955e-17
    outer loop
      vertex 90.52352380637815 40.49259271713867 0.8000000000000003
      vertex 90.825 40.61746824526946 2.7
      vertex 90.825 40.61746824526946 2.2
    endloop
  endfacet
  facet normal -0.9238795325112887 0.38268343236508506 1.2809405368420955e-17
    outer loop
      vertex 91.40740728286134 41.376476193621855 0.8000000000000003
      vertex 91.28253175473056 41.075 2.2
      vertex 91.28253175473056 41.075 2.7
    endloop
  endfacet
  facet normal -0.9238795325112886 0.3826834323650852 0
    outer loop
      vertex 91.40740728286134 41.376476193621855 0.8000000000000003
      vertex 91.28253175473056 41.075 2.7
      vertex 91.40740728286134 41.376476193621855 2.7
    endloop
  endfacet
  facet normal -0.6087614290086361 0.7933533402913001 0
    outer loop
      vertex 91.08388347648318 40.81611652351682 2.7
      vertex 91.08388347648318 40.81611652351682 2.2
      vertex 91.04073623040264 40.78300847714226 2.7
    endloop
  endfacet
  facet normal -0.7933533402911885 0.6087614290087814 0
    outer loop
      vertex 91.28253175473056 41.075 2.2
      vertex 91.24942370835599 41.03185275391947 2.7
      vertex 91.28253175473056 41.075 2.7
    endloop
  endfacet
  facet normal 0 0 1
    outer loop
      vertex 89.87647619362185 40.49259271713867 0.8000000000000003
      vertex 90.2 42.95 0.8000000000000003
      vertex 89.87647619362185 42.907407282861335 0.8000000000000003
    endloop
  endfacet
  facet normal 0 0 1
    outer loop
      vertex 90.2 40.45 0.8000000000000003
      vertex 90.52352380637815 42.907407282861335 0.8000000000000003
      vertex 90.2 42.95 0.8000000000000003
    endloop
  endfacet
  facet normal 0 0 1
    outer loop
      vertex 90.52352380637815 40.49259271713867 0.8000000000000003
      vertex 90.825 42.78253175473055 0.8000000000000003
      vertex 90.52352380637815 42.907407282861335 0.8000000000000003
    endloop
  endfacet
  facet normal 0 0 1
    outer loop
      vertex 90.825 40.61746824526946 0.8000000000000003
      vertex 91.08388347648318 42.58388347648319 0.8000000000000003
      vertex 90.825 42.78253175473055 0.8000000000000003
    endloop
  endfacet
  facet normal 0 0 1
    outer loop
      vertex 91.08388347648318 40.81611652351682 0.8000000000000003
      vertex 91.28253175473056 41.075 0.8000000000000003
      vertex 91.28253175473056 42.325 0.8000000000000003
    endloop
  endfacet
  facet normal 0 0 1
    outer loop
      vertex 91.28253175473056 41.075 0.8000000000000003
      vertex 91.40740728286134 41.376476193621855 0.8000000000000003
      vertex 91.40740728286134 42.02352380637815 0.8000000000000003
    endloop
  endfacet
  facet normal 0 0 1
    outer loop
      vertex 91.40740728286134 41.376476193621855 0.8000000000000003
      vertex 91.45 41.7 0.8000000000000003
      vertex 91.40740728286134 42.02352380637815 0.8000000000000003
    endloop
  endfacet
  facet normal 0 0 1
    outer loop
      vertex 91.28253175473056 41.075 0.8000000000000003
      vertex 91.40740728286134 42.02352380637815 0.8000000000000003
      vertex 91.28253175473056 42.325 0.8000000000000003
    endloop
  endfacet
  facet normal 0 0 1
    outer loop
      vertex 91.08388347648318 40.81611652351682 0.8000000000000003
      vertex 91.28253175473056 42.325 0.8000000000000003
      vertex 91.08388347648318 42.58388347648319 0.8000000000000003
    endloop
  endfacet
  facet normal -0.9914448613738119 0.13052619222004005 0
    outer loop
      vertex 91.40740728286134 41.376476193621855 0.8000000000000003
      vertex 91.40740728286134 41.376476193621855 2.7
      vertex 91.45 41.7 0.8000000000000003
    endloop
  endfacet
  facet normal -0.9914448613738119 -0.13052619222004005 0
    outer loop
      vertex 91.45 41.7 0.8000000000000003
      vertex 91.45 41.7 2.7
      vertex 91.40740728286134 42.02352380637815 0.8000000000000003
    endloop
  endfacet
  facet normal -0.9238795325112886 -0.3826834323650852 0
    outer loop
      vertex 91.40740728286134 42.02352380637815 0.8000000000000003
      vertex 91.40740728286134 42.02352380637815 2.7
      vertex 91.28253175473056 42.325 0.8000000000000003
    endloop
  endfacet
  facet normal 0.13052619222006145 -0.9914448613738092 -1.0934653913794725e-18
    outer loop
      vertex 90.2 42.95 0.8000000000000003
      vertex 89.87647619362185 42.907407282861335 2.7
      vertex 89.87647619362185 42.907407282861335 0.8000000000000003
    endloop
  endfacet
  facet normal -0.13052619222006145 -0.9914448613738092 0
    outer loop
      vertex 90.2 42.95 0.8000000000000003
      vertex 90.52352380637815 42.907407282861335 0.8000000000000003
      vertex 90.2 42.95 2.7
    endloop
  endfacet
  facet normal -0.6087614290087265 -0.7933533402912307 0
    outer loop
      vertex 91.08388347648318 42.58388347648319 0.8000000000000003
      vertex 91.08388347648318 42.58388347648319 2.7
      vertex 90.825 42.78253175473055 0.8000000000000003
    endloop
  endfacet
  facet normal -0.3826834323650852 -0.9238795325112886 -3.3708961495844623e-18
    outer loop
      vertex 90.825 42.78253175473055 0.8000000000000003
      vertex 90.52352380637815 42.907407282861335 2.7
      vertex 90.52352380637815 42.907407282861335 0.8000000000000003
    endloop
  endfacet
  facet normal -0.7933533402912177 -0.6087614290087435 0
    outer loop
      vertex 91.28253175473056 42.325 0.8000000000000003
      vertex 91.28253175473056 42.325 2.7
      vertex 91.08388347648318 42.58388347648319 0.8000000000000003
    endloop
  endfacet
  facet normal -0.9914448613738119 0.13052619222004005 0
    outer loop
      vertex 91.45 41.7 0.8000000000000003
      vertex 91.40740728286134 41.376476193621855 2.7
      vertex 91.45 41.7 2.7
    endloop
  endfacet
  facet normal -0.9914448613738119 -0.13052619222004005 0
    outer loop
      vertex 91.40740728286134 42.02352380637815 0.8000000000000003
      vertex 91.45 41.7 2.7
      vertex 91.40740728286134 42.02352380637815 2.7
    endloop
  endfacet
  facet normal 0.13052619222006145 -0.9914448613738092 0
    outer loop
      vertex 90.2 42.95 0.8000000000000003
      vertex 90.2 42.95 2.7
      vertex 89.87647619362185 42.907407282861335 2.7
    endloop
  endfacet
  facet normal -0.13052619222006145 -0.9914448613738092 0
    outer loop
      vertex 90.52352380637815 42.907407282861335 0.8000000000000003
      vertex 90.52352380637815 42.907407282861335 2.7
      vertex 90.2 42.95 2.7
    endloop
  endfacet
  facet normal -0.6087614290087265 -0.7933533402912307 0
    outer loop
      vertex 90.825 42.78253175473055 0.8000000000000003
      vertex 91.08388347648318 42.58388347648319 2.7
      vertex 90.825 42.78253175473055 2.7
    endloop
  endfacet
  facet normal -0.3826834323650852 -0.9238795325112886 0
    outer loop
      vertex 90.825 42.78253175473055 0.8000000000000003
      vertex 90.825 42.78253175473055 2.7
      vertex 90.52352380637815 42.907407282861335 2.7
    endloop
  endfacet
  facet normal -0.9238795325112886 -0.3826834323650852 0
    outer loop
      vertex 91.28253175473056 42.325 0.8000000000000003
      vertex 91.40740728286134 42.02352380637815 2.7
      vertex 91.28253175473056 42.325 2.7
    endloop
  endfacet
  facet normal -0.7933533402912177 -0.6087614290087435 0
    outer loop
      vertex 91.08388347648318 42.58388347648319 0.8000000000000003
      vertex 91.28253175473056 42.325 2.7
      vertex 91.08388347648318 42.58388347648319 2.7
    endloop
  endfacet
  facet normal 0 0 1
    outer loop
      vertex 133.8161165235168 8.316116523516815 0.8000000000000003
      vertex 133.8161165235168 10.083883476483184 0.8000000000000003
      vertex 133.61746824526944 8.575 0.8000000000000003
    endloop
  endfacet
  facet normal 0 0 1
    outer loop
      vertex 133.61746824526944 8.575 0.8000000000000003
      vertex 133.61746824526944 9.825 0.8000000000000003
      vertex 133.49259271713865 8.876476193621848 0.8000000000000003
    endloop
  endfacet
  facet normal 0 0 1
    outer loop
      vertex 133.49259271713865 8.876476193621848 0.8000000000000003
      vertex 133.49259271713865 9.52352380637815 0.8000000000000003
      vertex 133.45 9.2 0.8000000000000003
    endloop
  endfacet
  facet normal 0 0 1
    outer loop
      vertex 133.49259271713865 8.876476193621848 0.8000000000000003
      vertex 133.61746824526944 9.825 0.8000000000000003
      vertex 133.49259271713865 9.52352380637815 0.8000000000000003
    endloop
  endfacet
  facet normal 0 0 1
    outer loop
      vertex 133.61746824526944 8.575 0.8000000000000003
      vertex 133.8161165235168 10.083883476483184 0.8000000000000003
      vertex 133.61746824526944 9.825 0.8000000000000003
    endloop
  endfacet
  facet normal 0 0 1
    outer loop
      vertex 133.8161165235168 8.316116523516815 0.8000000000000003
      vertex 134.075 8.117468245269452 0.8000000000000003
      vertex 134.075 10.282531754730547 0.8000000000000003
    endloop
  endfacet
  facet normal 0 0 1
    outer loop
      vertex 134.37647619362184 7.992592717138664 0.8000000000000003
      vertex 134.37647619362184 10.407407282861335 0.8000000000000003
      vertex 134.075 8.117468245269452 0.8000000000000003
    endloop
  endfacet
  facet normal 0 0 1
    outer loop
      vertex 134.37647619362184 7.992592717138664 0.8000000000000003
      vertex 134.7 7.949999999999999 0.8000000000000003
      vertex 134.7 10.45 0.8000000000000003
    endloop
  endfacet
  facet normal -0.1305261922200534 0.9914448613738103 1.1074553636229038e-15
    outer loop
      vertex 134.7 7.949999999999999 0.8000000000000003
      vertex 134.93838596259442 7.981384107365331 2.2
      vertex 135.02352380637814 7.992592717138664 0.8000000000000003
    endloop
  endfacet
  facet normal 0.7933533402912387 0.608761429008716 -8.890545037821852e-19
    outer loop
      vertex 133.8161165235168 8.316116523516815 0.8000000000000003
      vertex 133.61746824526944 8.575 0.8000000000000003
      vertex 133.61746824526944 8.575 2.7
    endloop
  endfacet
  facet normal 0.3826834323650875 0.9238795325112876 1.2294517928551082e-18
    outer loop
      vertex 134.075 8.117468245269452 0.8000000000000003
      vertex 134.37647619362184 7.992592717138664 2.7
      vertex 134.37647619362184 7.992592717138664 0.8000000000000003
    endloop
  endfacet
  facet normal 0.6087614290087089 0.7933533402912443 2.5803184535513143e-18
    outer loop
      vertex 133.8161165235168 8.316116523516815 0.8000000000000003
      vertex 134.075 8.117468245269452 2.7
      vertex 134.075 8.117468245269452 0.8000000000000003
    endloop
  endfacet
  facet normal 0.1305261922200534 0.9914448613738102 0
    outer loop
      vertex 134.37647619362184 7.992592717138664 0.8000000000000003
      vertex 134.37647619362184 7.992592717138664 2.7
      vertex 134.7 7.949999999999999 0.8000000000000003
    endloop
  endfacet
  facet normal 0.923879532511287 0.382683432365089 -4.084143457688603e-18
    outer loop
      vertex 133.61746824526944 8.575 0.8000000000000003
      vertex 133.49259271713865 8.876476193621848 0.8000000000000003
      vertex 133.49259271713865 8.876476193621848 2.7
    endloop
  endfacet
  facet normal 0.9914448613738123 0.13052619222003864 8.797758655567152e-19
    outer loop
      vertex 133.49259271713865 8.876476193621848 0.8000000000000003
      vertex 133.45 9.2 0.8000000000000003
      vertex 133.45 9.2 2.7
    endloop
  endfacet
  facet normal 0.9914448613738123 -0.13052619222003864 -8.797758655567152e-19
    outer loop
      vertex 133.45 9.2 0.8000000000000003
      vertex 133.49259271713865 9.52352380637815 0.8000000000000003
      vertex 133.49259271713865 9.52352380637815 2.7
    endloop
  endfacet
  facet normal 0.7933533402912387 0.608761429008716 0
    outer loop
      vertex 133.8161165235168 8.316116523516815 0.8000000000000003
      vertex 133.61746824526944 8.575 2.7
      vertex 133.8161165235168 8.316116523516815 2.7
    endloop
  endfacet
  facet normal 0.923879532511287 0.382683432365089 0
    outer loop
      vertex 133.61746824526944 8.575 0.8000000000000003
      vertex 133.49259271713865 8.876476193621848 2.7
      vertex 133.61746824526944 8.575 2.7
    endloop
  endfacet
  facet normal 0.3826834323650875 0.9238795325112876 0
    outer loop
      vertex 134.075 8.117468245269452 0.8000000000000003
      vertex 134.075 8.117468245269452 2.7
      vertex 134.37647619362184 7.992592717138664 2.7
    endloop
  endfacet
  facet normal 0.6087614290087089 0.7933533402912443 0
    outer loop
      vertex 133.8161165235168 8.316116523516815 0.8000000000000003
      vertex 133.8161165235168 8.316116523516815 2.7
      vertex 134.075 8.117468245269452 2.7
    endloop
  endfacet
  facet normal -0.13052619222004702 0.991444861373811 0
    outer loop
      vertex 134.7 7.949999999999999 0.8000000000000003
      vertex 134.7 7.949999999999999 2.7
      vertex 134.93838596259442 7.981384107365331 2.2
    endloop
  endfacet
  facet normal 0.1305261922200534 0.9914448613738102 0
    outer loop
      vertex 134.7 7.949999999999999 0.8000000000000003
      vertex 134.37647619362184 7.992592717138664 2.7
      vertex 134.7 7.949999999999999 2.7
    endloop
  endfacet
  facet normal -0.13052619222005146 0.9914448613738105 -2.1556248788364546e-15
    outer loop
      vertex 134.99051117307425 7.98824652151227 2.506122448979592
      vertex 134.93838596259442 7.981384107365331 2.2
      vertex 134.7 7.949999999999999 2.7
    endloop
  endfacet
  facet normal -0.1305261922200534 0.99144486137381 -5.13720287755871e-15
    outer loop
      vertex 134.99051117307425 7.98824652151227 2.506122448979592
      vertex 134.7 7.949999999999999 2.7
      vertex 135.02352380637814 7.992592717138664 2.7
    endloop
  endfacet
  facet normal 0.9914448613738123 0.13052619222003864 0
    outer loop
      vertex 133.49259271713865 8.876476193621848 0.8000000000000003
      vertex 133.45 9.2 2.7
      vertex 133.49259271713865 8.876476193621848 2.7
    endloop
  endfacet
  facet normal 0.9914448613738123 -0.13052619222003864 0
    outer loop
      vertex 133.45 9.2 0.8000000000000003
      vertex 133.49259271713865 9.52352380637815 2.7
      vertex 133.45 9.2 2.7
    endloop
  endfacet
  facet normal 0 0 1
    outer loop
      vertex 133.8161165235168 8.316116523516815 0.8000000000000003
      vertex 134.075 10.282531754730547 0.8000000000000003
      vertex 133.8161165235168 10.083883476483184 0.8000000000000003
    endloop
  endfacet
  facet normal 0 0 1
    outer loop
      vertex 134.075 8.117468245269452 0.8000000000000003
      vertex 134.37647619362184 10.407407282861335 0.8000000000000003
      vertex 134.075 10.282531754730547 0.8000000000000003
    endloop
  endfacet
  facet normal 0 0 1
    outer loop
      vertex 134.37647619362184 7.992592717138664 0.8000000000000003
      vertex 134.7 10.45 0.8000000000000003
      vertex 134.37647619362184 10.407407282861335 0.8000000000000003
    endloop
  endfacet
  facet normal 0 0 1
    outer loop
      vertex 134.7 7.949999999999999 0.8000000000000003
      vertex 135.02352380637814 10.407407282861335 0.8000000000000003
      vertex 134.7 10.45 0.8000000000000003
    endloop
  endfacet
  facet normal 0.7933533402912387 -0.608761429008716 1.2065739694186797e-18
    outer loop
      vertex 133.61746824526944 9.825 0.8000000000000003
      vertex 133.8161165235168 10.083883476483184 0.8000000000000003
      vertex 133.8161165235168 10.083883476483184 2.2
    endloop
  endfacet
  facet normal 0.6087614290087089 -0.7933533402912443 -3.501860758391069e-18
    outer loop
      vertex 133.8161165235168 10.083883476483184 0.8000000000000003
      vertex 134.075 10.282531754730547 0.8000000000000003
      vertex 134.075 10.282531754730547 2.2
    endloop
  endfacet
  facet normal 0.923879532511287 -0.382683432365089 4.084143457688603e-18
    outer loop
      vertex 133.49259271713865 9.52352380637815 0.8000000000000003
      vertex 133.61746824526944 9.825 0.8000000000000003
      vertex 133.61746824526944 9.825 2.7
    endloop
  endfacet
  facet normal 0.6087614290087089 -0.7933533402912443 0
    outer loop
      vertex 133.8161165235168 10.083883476483184 0.8000000000000003
      vertex 134.075 10.282531754730547 2.2
      vertex 133.8161165235168 10.083883476483184 2.2
    endloop
  endfacet
  facet normal 0.38268343236508984 -0.9238795325112867 0
    outer loop
      vertex 134.075 10.282531754730547 0.8000000000000003
      vertex 134.37647619362184 10.407407282861335 2.2
      vertex 134.075 10.282531754730547 2.2
    endloop
  endfacet
  facet normal 0.38268343236508984 -0.9238795325112867 7.276966371510355e-18
    outer loop
      vertex 134.075 10.282531754730547 0.8000000000000003
      vertex 134.37647619362184 10.407407282861335 0.8000000000000003
      vertex 134.37647619362184 10.407407282861335 2.2
    endloop
  endfacet
  facet normal 0.1305261922200507 -0.9914448613738105 0
    outer loop
      vertex 134.37647619362184 10.407407282861335 0.8000000000000003
      vertex 134.7 10.45 0.8000000000000003
      vertex 134.37647619362184 10.407407282861335 2.2
    endloop
  endfacet
  facet normal -0.13052619222005074 -0.9914448613738106 -9.074901257553223e-20
    outer loop
      vertex 135.02352380637814 10.407407282861335 0.8000000000000003
      vertex 134.7 10.45 2.7
      vertex 134.7 10.45 0.8000000000000003
    endloop
  endfacet
  facet normal 0.923879532511287 -0.382683432365089 0
    outer loop
      vertex 133.49259271713865 9.52352380637815 0.8000000000000003
      vertex 133.61746824526944 9.825 2.7
      vertex 133.49259271713865 9.52352380637815 2.7
    endloop
  endfacet
  facet normal 0.7933533402912387 -0.608761429008716 0
    outer loop
      vertex 133.61746824526944 9.825 0.8000000000000003
      vertex 133.8161165235168 10.083883476483184 2.7
      vertex 133.61746824526944 9.825 2.7
    endloop
  endfacet
  facet normal 0.7933533402912389 -0.6087614290087159 3.3784071143723032e-18
    outer loop
      vertex 133.61746824526944 9.825 0.8000000000000003
      vertex 133.8161165235168 10.083883476483184 2.2
      vertex 133.8161165235168 10.083883476483184 2.7
    endloop
  endfacet
  facet normal 0.6087614290086771 -0.7933533402912685 0
    outer loop
      vertex 133.8161165235168 10.083883476483184 2.7
      vertex 133.8161165235168 10.083883476483184 2.2
      vertex 133.85926376959733 10.116991522857745 2.7
    endloop
  endfacet
  facet normal 0.3826834323650852 -0.9238795325112886 0
    outer loop
      vertex 134.075 10.282531754730547 2.7
      vertex 134.075 10.282531754730547 2.2
      vertex 134.1252460322703 10.303344342752345 2.7
    endloop
  endfacet
  facet normal 0.13052619222005074 -0.9914448613738106 0
    outer loop
      vertex 134.7 10.45 0.8000000000000003
      vertex 134.7 10.45 2.7
      vertex 134.37647619362184 10.407407282861335 2.2
    endloop
  endfacet
  facet normal 0.13052619222005074 -0.9914448613738106 0
    outer loop
      vertex 134.37647619362184 10.407407282861335 2.7
      vertex 134.37647619362184 10.407407282861335 2.2
      vertex 134.7 10.45 2.7
    endloop
  endfacet
  facet normal 0 0 1
    outer loop
      vertex 134.7 7.949999999999999 0.8000000000000003
      vertex 135.02352380637814 7.992592717138664 0.8000000000000003
      vertex 135.02352380637814 10.407407282861335 0.8000000000000003
    endloop
  endfacet
  facet normal 0 0 1
    outer loop
      vertex 135.02352380637814 7.992592717138664 0.8000000000000003
      vertex 135.325 8.117468245269452 0.8000000000000003
      vertex 135.325 10.282531754730547 0.8000000000000003
    endloop
  endfacet
  facet normal 0 0 1
    outer loop
      vertex 135.325 8.117468245269452 0.8000000000000003
      vertex 135.58388347648318 8.316116523516815 0.8000000000000003
      vertex 135.58388347648318 10.083883476483184 0.8000000000000003
    endloop
  endfacet
  facet normal 0 0 1
    outer loop
      vertex 135.58388347648318 8.316116523516815 0.8000000000000003
      vertex 135.78253175473054 8.575 0.8000000000000003
      vertex 135.78253175473054 9.825 0.8000000000000003
    endloop
  endfacet
  facet normal 0 0 1
    outer loop
      vertex 135.78253175473054 8.575 0.8000000000000003
      vertex 135.90740728286133 8.876476193621848 0.8000000000000003
      vertex 135.90740728286133 9.52352380637815 0.8000000000000003
    endloop
  endfacet
  facet normal 0 0 1
    outer loop
      vertex 135.325 8.117468245269452 0.8000000000000003
      vertex 135.58388347648318 10.083883476483184 0.8000000000000003
      vertex 135.325 10.282531754730547 0.8000000000000003
    endloop
  endfacet
  facet normal 0 0 1
    outer loop
      vertex 135.90740728286133 8.876476193621848 0.8000000000000003
      vertex 135.95 9.2 0.8000000000000003
      vertex 135.90740728286133 9.52352380637815 0.8000000000000003
    endloop
  endfacet
  facet normal 0 0 1
    outer loop
      vertex 135.78253175473054 8.575 0.8000000000000003
      vertex 135.90740728286133 9.52352380637815 0.8000000000000003
      vertex 135.78253175473054 9.825 0.8000000000000003
    endloop
  endfacet
  facet normal 0 0 1
    outer loop
      vertex 135.58388347648318 8.316116523516815 0.8000000000000003
      vertex 135.78253175473054 9.825 0.8000000000000003
      vertex 135.58388347648318 10.083883476483184 0.8000000000000003
    endloop
  endfacet
  facet normal -0.3826834323650875 0.9238795325112876 0
    outer loop
      vertex 135.02352380637814 7.992592717138664 0.8000000000000003
      vertex 135.02352380637814 7.992592717138664 2.2
      vertex 135.325 8.117468245269452 0.8000000000000003
    endloop
  endfacet
  facet normal -0.6087614290087089 0.7933533402912443 0
    outer loop
      vertex 135.325 8.117468245269452 0.8000000000000003
      vertex 135.325 8.117468245269452 2.2
      vertex 135.58388347648318 8.316116523516815 0.8000000000000003
    endloop
  endfacet
  facet normal -0.7933533402912387 0.608761429008716 0
    outer loop
      vertex 135.58388347648318 8.316116523516815 0.8000000000000003
      vertex 135.58388347648318 8.316116523516815 2.2
      vertex 135.78253175473054 8.575 0.8000000000000003
    endloop
  endfacet
  facet normal -0.13052619222007134 0.9914448613738078 0
    outer loop
      vertex 135.02352380637814 7.992592717138664 0.8000000000000003
      vertex 134.93838596259442 7.981384107365331 2.2
      vertex 135.02352380637814 7.992592717138664 2.2
    endloop
  endfacet
  facet normal -0.3826834323650875 0.9238795325112876 0
    outer loop
      vertex 135.325 8.117468245269452 0.8000000000000003
      vertex 135.02352380637814 7.992592717138664 2.2
      vertex 135.325 8.117468245269452 2.2
    endloop
  endfacet
  facet normal -0.6087614290087089 0.7933533402912443 0
    outer loop
      vertex 135.58388347648318 8.316116523516815 0.8000000000000003
      vertex 135.325 8.117468245269452 2.2
      vertex 135.58388347648318 8.316116523516815 2.2
    endloop
  endfacet
  facet normal -0.923879532511287 0.382683432365089 0
    outer loop
      vertex 135.78253175473054 8.575 0.8000000000000003
      vertex 135.78253175473054 8.575 2.7
      vertex 135.90740728286133 8.876476193621848 0.8000000000000003
    endloop
  endfacet
  facet normal -0.9914448613738123 0.13052619222003864 0
    outer loop
      vertex 135.90740728286133 8.876476193621848 0.8000000000000003
      vertex 135.90740728286133 8.876476193621848 2.7
      vertex 135.95 9.2 0.8000000000000003
    endloop
  endfacet
  facet normal -0.9914448613738123 -0.13052619222003864 0
    outer loop
      vertex 135.95 9.2 0.8000000000000003
      vertex 135.95 9.2 2.7
      vertex 135.90740728286133 9.52352380637815 0.8000000000000003
    endloop
  endfacet
  facet normal -0.7933533402912389 0.6087614290087159 3.3784071143723032e-18
    outer loop
      vertex 135.78253175473054 8.575 0.8000000000000003
      vertex 135.58388347648318 8.316116523516815 2.2
      vertex 135.58388347648318 8.316116523516815 2.7
    endloop
  endfacet
  facet normal -0.7933533402912387 0.608761429008716 0
    outer loop
      vertex 135.78253175473054 8.575 0.8000000000000003
      vertex 135.58388347648318 8.316116523516815 2.7
      vertex 135.78253175473054 8.575 2.7
    endloop
  endfacet
  facet normal -0.13052619222008305 0.9914448613738063 0
    outer loop
      vertex 135.02352380637814 7.992592717138664 2.2
      vertex 134.99051117307425 7.98824652151227 2.506122448979592
      vertex 135.02352380637814 7.992592717138664 2.7
    endloop
  endfacet
  facet normal -0.3826834323650852 0.9238795325112886 0
    outer loop
      vertex 135.325 8.117468245269452 2.7
      vertex 135.325 8.117468245269452 2.2
      vertex 135.27475396772968 8.096655657247654 2.7
    endloop
  endfacet
  facet normal -0.6087614290086771 0.7933533402912685 0
    outer loop
      vertex 135.58388347648318 8.316116523516815 2.7
      vertex 135.58388347648318 8.316116523516815 2.2
      vertex 135.54073623040264 8.283008477142253 2.7
    endloop
  endfacet
  facet normal -0.923879532511287 0.382683432365089 0
    outer loop
      vertex 135.90740728286133 8.876476193621848 0.8000000000000003
      vertex 135.78253175473054 8.575 2.7
      vertex 135.90740728286133 8.876476193621848 2.7
    endloop
  endfacet
  facet normal -0.9914448613738123 0.13052619222003864 0
    outer loop
      vertex 135.95 9.2 0.8000000000000003
      vertex 135.90740728286133 8.876476193621848 2.7
      vertex 135.95 9.2 2.7
    endloop
  endfacet
  facet normal -0.9914448613738123 -0.13052619222003864 0
    outer loop
      vertex 135.90740728286133 9.52352380637815 0.8000000000000003
      vertex 135.95 9.2 2.7
      vertex 135.90740728286133 9.52352380637815 2.7
    endloop
  endfacet
  facet normal 0 0 1
    outer loop
      vertex 135.02352380637814 7.992592717138664 0.8000000000000003
      vertex 135.325 10.282531754730547 0.8000000000000003
      vertex 135.02352380637814 10.407407282861335 0.8000000000000003
    endloop
  endfacet
  facet normal -0.923879532511287 -0.382683432365089 0
    outer loop
      vertex 135.90740728286133 9.52352380637815 0.8000000000000003
      vertex 135.90740728286133 9.52352380637815 2.7
      vertex 135.78253175473054 9.825 0.8000000000000003
    endloop
  endfacet
  facet normal -0.7933533402912387 -0.608761429008716 0
    outer loop
      vertex 135.78253175473054 9.825 0.8000000000000003
      vertex 135.78253175473054 9.825 2.7
      vertex 135.58388347648318 10.083883476483184 0.8000000000000003
    endloop
  endfacet
  facet normal -0.6087614290087089 -0.7933533402912443 2.5803184535513143e-18
    outer loop
      vertex 135.58388347648318 10.083883476483184 0.8000000000000003
      vertex 135.325 10.282531754730547 2.7
      vertex 135.325 10.282531754730547 0.8000000000000003
    endloop
  endfacet
  facet normal -0.3826834323650899 -0.9238795325112868 -5.361975221112893e-18
    outer loop
      vertex 135.325 10.282531754730547 0.8000000000000003
      vertex 135.02352380637814 10.407407282861335 2.7
      vertex 135.02352380637814 10.407407282861335 0.8000000000000003
    endloop
  endfacet
  facet normal -0.923879532511287 -0.382683432365089 0
    outer loop
      vertex 135.78253175473054 9.825 0.8000000000000003
      vertex 135.90740728286133 9.52352380637815 2.7
      vertex 135.78253175473054 9.825 2.7
    endloop
  endfacet
  facet normal -0.3826834323650899 -0.9238795325112868 0
    outer loop
      vertex 135.325 10.282531754730547 0.8000000000000003
      vertex 135.325 10.282531754730547 2.7
      vertex 135.02352380637814 10.407407282861335 2.7
    endloop
  endfacet
  facet normal -0.7933533402912387 -0.608761429008716 0
    outer loop
      vertex 135.58388347648318 10.083883476483184 0.8000000000000003
      vertex 135.78253175473054 9.825 2.7
      vertex 135.58388347648318 10.083883476483184 2.7
    endloop
  endfacet
  facet normal -0.6087614290087089 -0.7933533402912443 0
    outer loop
      vertex 135.58388347648318 10.083883476483184 0.8000000000000003
      vertex 135.58388347648318 10.083883476483184 2.7
      vertex 135.325 10.282531754730547 2.7
    endloop
  endfacet
  facet normal -0.13052619222005074 -0.9914448613738106 0
    outer loop
      vertex 135.02352380637814 10.407407282861335 0.8000000000000003
      vertex 135.02352380637814 10.407407282861335 2.7
      vertex 134.7 10.45 2.7
    endloop
  endfacet
  facet normal 0 0 1
    outer loop
      vertex 134.075 40.61746824526946 0.8000000000000003
      vertex 134.37647619362184 40.49259271713867 0.8000000000000003
      vertex 134.37647619362184 42.907407282861335 0.8000000000000003
    endloop
  endfacet
  facet normal 0 0 1
    outer loop
      vertex 134.7 40.45 0.8000000000000003
      vertex 134.7 42.95 0.8000000000000003
      vertex 134.37647619362184 40.49259271713867 0.8000000000000003
    endloop
  endfacet
  facet normal 0.13052619222006145 0.9914448613738092 0
    outer loop
      vertex 134.7 40.45 0.8000000000000003
      vertex 134.37647619362184 40.49259271713867 0.8000000000000003
      vertex 134.7 40.45 2.7
    endloop
  endfacet
  facet normal 0.7933533402912387 0.608761429008716 -8.890545037821852e-19
    outer loop
      vertex 133.8161165235168 40.81611652351682 0.8000000000000003
      vertex 133.61746824526944 41.075 0.8000000000000003
      vertex 133.61746824526944 41.075 2.7
    endloop
  endfacet
  facet normal 0.9238795325112886 0.3826834323650852 -3.3708961495844623e-18
    outer loop
      vertex 133.61746824526944 41.075 0.8000000000000003
      vertex 133.49259271713865 41.376476193621855 0.8000000000000003
      vertex 133.49259271713865 41.376476193621855 2.7
    endloop
  endfacet
  facet normal 0.6087614290087054 0.7933533402912468 -5.5430077902841645e-18
    outer loop
      vertex 133.8161165235168 40.81611652351682 0.8000000000000003
      vertex 134.075 40.61746824526946 2.7
      vertex 134.075 40.61746824526946 0.8000000000000003
    endloop
  endfacet
  facet normal 0.3826834323650852 0.9238795325112886 0
    outer loop
      vertex 134.075 40.61746824526946 0.8000000000000003
      vertex 134.075 40.61746824526946 2.7
      vertex 134.37647619362184 40.49259271713867 0.8000000000000003
    endloop
  endfacet
  facet normal 0.3826834323650852 0.9238795325112886 0
    outer loop
      vertex 134.37647619362184 40.49259271713867 0.8000000000000003
      vertex 134.075 40.61746824526946 2.7
      vertex 134.37647619362184 40.49259271713867 2.7
    endloop
  endfacet
  facet normal 0.13052619222006145 0.9914448613738092 0
    outer loop
      vertex 134.37647619362184 40.49259271713867 0.8000000000000003
      vertex 134.37647619362184 40.49259271713867 2.7
      vertex 134.7 40.45 2.7
    endloop
  endfacet
  facet normal -0.13052619222006145 0.9914448613738092 0
    outer loop
      vertex 134.7 40.45 0.8000000000000003
      vertex 134.7 40.45 2.7
      vertex 135.02352380637814 40.49259271713867 2.7
    endloop
  endfacet
  facet normal 0.7933533402912387 0.608761429008716 0
    outer loop
      vertex 133.8161165235168 40.81611652351682 0.8000000000000003
      vertex 133.61746824526944 41.075 2.7
      vertex 133.8161165235168 40.81611652351682 2.7
    endloop
  endfacet
  facet normal 0.9238795325112886 0.3826834323650852 0
    outer loop
      vertex 133.61746824526944 41.075 0.8000000000000003
      vertex 133.49259271713865 41.376476193621855 2.7
      vertex 133.61746824526944 41.075 2.7
    endloop
  endfacet
  facet normal 0.6087614290087054 0.7933533402912468 0
    outer loop
      vertex 133.8161165235168 40.81611652351682 0.8000000000000003
      vertex 133.8161165235168 40.81611652351682 2.7
      vertex 134.075 40.61746824526946 2.7
    endloop
  endfacet
  facet normal 0 0 1
    outer loop
      vertex 133.8161165235168 40.81611652351682 0.8000000000000003
      vertex 133.8161165235168 42.58388347648319 0.8000000000000003
      vertex 133.61746824526944 41.075 0.8000000000000003
    endloop
  endfacet
  facet normal 0 0 1
    outer loop
      vertex 133.49259271713865 41.376476193621855 0.8000000000000003
      vertex 133.49259271713865 42.02352380637815 0.8000000000000003
      vertex 133.45 41.7 0.8000000000000003
    endloop
  endfacet
  facet normal 0 0 1
    outer loop
      vertex 133.61746824526944 41.075 0.8000000000000003
      vertex 133.61746824526944 42.325 0.8000000000000003
      vertex 133.49259271713865 41.376476193621855 0.8000000000000003
    endloop
  endfacet
  facet normal 0 0 1
    outer loop
      vertex 133.49259271713865 41.376476193621855 0.8000000000000003
      vertex 133.61746824526944 42.325 0.8000000000000003
      vertex 133.49259271713865 42.02352380637815 0.8000000000000003
    endloop
  endfacet
  facet normal 0 0 1
    outer loop
      vertex 133.61746824526944 41.075 0.8000000000000003
      vertex 133.8161165235168 42.58388347648319 0.8000000000000003
      vertex 133.61746824526944 42.325 0.8000000000000003
    endloop
  endfacet
  facet normal 0 0 1
    outer loop
      vertex 134.075 40.61746824526946 0.8000000000000003
      vertex 134.075 42.78253175473055 0.8000000000000003
      vertex 133.8161165235168 40.81611652351682 0.8000000000000003
    endloop
  endfacet
  facet normal 0 0 1
    outer loop
      vertex 133.8161165235168 40.81611652351682 0.8000000000000003
      vertex 134.075 42.78253175473055 0.8000000000000003
      vertex 133.8161165235168 42.58388347648319 0.8000000000000003
    endloop
  endfacet
  facet normal 0 0 1
    outer loop
      vertex 134.075 40.61746824526946 0.8000000000000003
      vertex 134.37647619362184 42.907407282861335 0.8000000000000003
      vertex 134.075 42.78253175473055 0.8000000000000003
    endloop
  endfacet
  facet normal 0 0 1
    outer loop
      vertex 134.37647619362184 40.49259271713867 0.8000000000000003
      vertex 134.7 42.95 0.8000000000000003
      vertex 134.37647619362184 42.907407282861335 0.8000000000000003
    endloop
  endfacet
  facet normal 0 0 1
    outer loop
      vertex 134.7 40.45 0.8000000000000003
      vertex 135.02352380637814 42.907407282861335 0.8000000000000003
      vertex 134.7 42.95 0.8000000000000003
    endloop
  endfacet
  facet normal 0.9914448613738119 0.13052619222004005 -1.2749634165305404e-18
    outer loop
      vertex 133.49259271713865 41.376476193621855 0.8000000000000003
      vertex 133.45 41.7 0.8000000000000003
      vertex 133.45 41.7 2.7
    endloop
  endfacet
  facet normal 0.9914448613738119 -0.13052619222004005 1.2749634165305404e-18
    outer loop
      vertex 133.45 41.7 0.8000000000000003
      vertex 133.49259271713865 42.02352380637815 0.8000000000000003
      vertex 133.49259271713865 42.02352380637815 2.7
    endloop
  endfacet
  facet normal 0.7933533402912387 -0.608761429008716 1.2065739694186797e-18
    outer loop
      vertex 133.61746824526944 42.325 0.8000000000000003
      vertex 133.8161165235168 42.58388347648319 0.8000000000000003
      vertex 133.8161165235168 42.58388347648319 2.2
    endloop
  endfacet
  facet normal 0.6087614290087054 -0.7933533402912468 7.522653429671367e-18
    outer loop
      vertex 133.8161165235168 42.58388347648319 0.8000000000000003
      vertex 134.075 42.78253175473055 0.8000000000000003
      vertex 134.075 42.78253175473055 2.2
    endloop
  endfacet
  facet normal 0.3826834323650852 -0.9238795325112886 4.574787631578913e-18
    outer loop
      vertex 134.075 42.78253175473055 0.8000000000000003
      vertex 134.37647619362184 42.907407282861335 0.8000000000000003
      vertex 134.37647619362184 42.907407282861335 2.2
    endloop
  endfacet
  facet normal 0.13052619222006143 -0.9914448613738092 0
    outer loop
      vertex 134.37647619362184 42.907407282861335 0.8000000000000003
      vertex 134.7 42.95 0.8000000000000003
      vertex 134.37647619362184 42.907407282861335 2.2
    endloop
  endfacet
  facet normal 0.9238795325112886 -0.3826834323650852 3.3708961495844623e-18
    outer loop
      vertex 133.49259271713865 42.02352380637815 0.8000000000000003
      vertex 133.61746824526944 42.325 0.8000000000000003
      vertex 133.61746824526944 42.325 2.7
    endloop
  endfacet
  facet normal -0.13052619222006145 -0.9914448613738092 0
    outer loop
      vertex 134.7 42.95 0.8000000000000003
      vertex 135.02352380637814 42.907407282861335 0.8000000000000003
      vertex 134.7 42.95 2.7
    endloop
  endfacet
  facet normal 0.6087614290087054 -0.7933533402912468 0
    outer loop
      vertex 133.8161165235168 42.58388347648319 0.8000000000000003
      vertex 134.075 42.78253175473055 2.2
      vertex 133.8161165235168 42.58388347648319 2.2
    endloop
  endfacet
  facet normal 0.3826834323650852 -0.9238795325112886 0
    outer loop
      vertex 134.075 42.78253175473055 0.8000000000000003
      vertex 134.37647619362184 42.907407282861335 2.2
      vertex 134.075 42.78253175473055 2.2
    endloop
  endfacet
  facet normal 0.9914448613738119 0.13052619222004005 0
    outer loop
      vertex 133.49259271713865 41.376476193621855 0.8000000000000003
      vertex 133.45 41.7 2.7
      vertex 133.49259271713865 41.376476193621855 2.7
    endloop
  endfacet
  facet normal 0.9914448613738119 -0.13052619222004005 0
    outer loop
      vertex 133.45 41.7 0.8000000000000003
      vertex 133.49259271713865 42.02352380637815 2.7
      vertex 133.45 41.7 2.7
    endloop
  endfacet
  facet normal 0.9238795325112886 -0.3826834323650852 0
    outer loop
      vertex 133.49259271713865 42.02352380637815 0.8000000000000003
      vertex 133.61746824526944 42.325 2.7
      vertex 133.49259271713865 42.02352380637815 2.7
    endloop
  endfacet
  facet normal 0.7933533402912389 -0.6087614290087159 3.3784071143723032e-18
    outer loop
      vertex 133.61746824526944 42.325 0.8000000000000003
      vertex 133.8161165235168 42.58388347648319 2.2
      vertex 133.8161165235168 42.58388347648319 2.7
    endloop
  endfacet
  facet normal 0.7933533402912387 -0.608761429008716 0
    outer loop
      vertex 133.61746824526944 42.325 0.8000000000000003
      vertex 133.8161165235168 42.58388347648319 2.7
      vertex 133.61746824526944 42.325 2.7
    endloop
  endfacet
  facet normal 0.13052619222006145 -0.991444861373809 -4.155168487241995e-18
    outer loop
      vertex 134.7 42.95 0.8000000000000003
      vertex 134.37647619362184 42.907407282861335 2.7
      vertex 134.37647619362184 42.907407282861335 2.2
    endloop
  endfacet
  facet normal 0.13052619222006145 -0.9914448613738092 0
    outer loop
      vertex 134.7 42.95 0.8000000000000003
      vertex 134.7 42.95 2.7
      vertex 134.37647619362184 42.907407282861335 2.7
    endloop
  endfacet
  facet normal 0.6087614290086361 -0.7933533402913001 0
    outer loop
      vertex 133.8161165235168 42.58388347648319 2.7
      vertex 133.8161165235168 42.58388347648319 2.2
      vertex 133.85926376959733 42.616991522857745 2.7
    endloop
  endfacet
  facet normal 0.3826834323650852 -0.9238795325112886 0
    outer loop
      vertex 134.075 42.78253175473055 2.7
      vertex 134.075 42.78253175473055 2.2
      vertex 134.1252460322703 42.80334434275235 2.7
    endloop
  endfacet
  facet normal 0 0 1
    outer loop
      vertex 134.7 40.45 0.8000000000000003
      vertex 135.02352380637814 40.49259271713867 0.8000000000000003
      vertex 135.02352380637814 42.907407282861335 0.8000000000000003
    endloop
  endfacet
  facet normal 0 0 1
    outer loop
      vertex 135.02352380637814 40.49259271713867 0.8000000000000003
      vertex 135.325 40.61746824526946 0.8000000000000003
      vertex 135.325 42.78253175473055 0.8000000000000003
    endloop
  endfacet
  facet normal 0 0 1
    outer loop
      vertex 135.325 40.61746824526946 0.8000000000000003
      vertex 135.58388347648318 40.81611652351682 0.8000000000000003
      vertex 135.58388347648318 42.58388347648319 0.8000000000000003
    endloop
  endfacet
  facet normal -0.13052619222006143 0.9914448613738092 -1.4839887454435697e-18
    outer loop
      vertex 134.7 40.45 0.8000000000000003
      vertex 135.02352380637814 40.49259271713867 2.2
      vertex 135.02352380637814 40.49259271713867 0.8000000000000003
    endloop
  endfacet
  facet normal -0.3826834323650852 0.9238795325112886 0
    outer loop
      vertex 135.02352380637814 40.49259271713867 0.8000000000000003
      vertex 135.02352380637814 40.49259271713867 2.2
      vertex 135.325 40.61746824526946 0.8000000000000003
    endloop
  endfacet
  facet normal -0.6087614290087054 0.7933533402912468 0
    outer loop
      vertex 135.325 40.61746824526946 0.8000000000000003
      vertex 135.325 40.61746824526946 2.2
      vertex 135.58388347648318 40.81611652351682 0.8000000000000003
    endloop
  endfacet
  facet normal -0.7933533402912387 0.608761429008716 0
    outer loop
      vertex 135.58388347648318 40.81611652351682 0.8000000000000003
      vertex 135.58388347648318 40.81611652351682 2.2
      vertex 135.78253175473054 41.075 0.8000000000000003
    endloop
  endfacet
  facet normal -0.3826834323650852 0.9238795325112886 0
    outer loop
      vertex 135.325 40.61746824526946 0.8000000000000003
      vertex 135.02352380637814 40.49259271713867 2.2
      vertex 135.325 40.61746824526946 2.2
    endloop
  endfacet
  facet normal -0.6087614290087054 0.7933533402912468 0
    outer loop
      vertex 135.58388347648318 40.81611652351682 0.8000000000000003
      vertex 135.325 40.61746824526946 2.2
      vertex 135.58388347648318 40.81611652351682 2.2
    endloop
  endfacet
  facet normal -0.9238795325112886 0.3826834323650852 0
    outer loop
      vertex 135.78253175473054 41.075 0.8000000000000003
      vertex 135.78253175473054 41.075 2.7
      vertex 135.90740728286133 41.376476193621855 0.8000000000000003
    endloop
  endfacet
  facet normal -0.13052619222006145 0.991444861373809 -4.155168487241995e-18
    outer loop
      vertex 134.7 40.45 0.8000000000000003
      vertex 135.02352380637814 40.49259271713867 2.7
      vertex 135.02352380637814 40.49259271713867 2.2
    endloop
  endfacet
  facet normal -0.7933533402912389 0.6087614290087159 3.3784071143723032e-18
    outer loop
      vertex 135.78253175473054 41.075 0.8000000000000003
      vertex 135.58388347648318 40.81611652351682 2.2
      vertex 135.58388347648318 40.81611652351682 2.7
    endloop
  endfacet
  facet normal -0.7933533402912387 0.608761429008716 0
    outer loop
      vertex 135.78253175473054 41.075 0.8000000000000003
      vertex 135.58388347648318 40.81611652351682 2.7
      vertex 135.78253175473054 41.075 2.7
    endloop
  endfacet
  facet normal -0.9238795325112886 0.3826834323650852 0
    outer loop
      vertex 135.90740728286133 41.376476193621855 0.8000000000000003
      vertex 135.78253175473054 41.075 2.7
      vertex 135.90740728286133 41.376476193621855 2.7
    endloop
  endfacet
  facet normal -0.3826834323650852 0.9238795325112886 0
    outer loop
      vertex 135.325 40.61746824526946 2.7
      vertex 135.325 40.61746824526946 2.2
      vertex 135.27475396772968 40.59665565724766 2.7
    endloop
  endfacet
  facet normal -0.6087614290086361 0.7933533402913001 0
    outer loop
      vertex 135.58388347648318 40.81611652351682 2.7
      vertex 135.58388347648318 40.81611652351682 2.2
      vertex 135.54073623040264 40.78300847714226 2.7
    endloop
  endfacet
  facet normal 0 0 1
    outer loop
      vertex 135.58388347648318 40.81611652351682 0.8000000000000003
      vertex 135.78253175473054 41.075 0.8000000000000003
      vertex 135.78253175473054 42.325 0.8000000000000003
    endloop
  endfacet
  facet normal 0 0 1
    outer loop
      vertex 135.78253175473054 41.075 0.8000000000000003
      vertex 135.90740728286133 41.376476193621855 0.8000000000000003
      vertex 135.90740728286133 42.02352380637815 0.8000000000000003
    endloop
  endfacet
  facet normal 0 0 1
    outer loop
      vertex 135.90740728286133 41.376476193621855 0.8000000000000003
      vertex 135.95 41.7 0.8000000000000003
      vertex 135.90740728286133 42.02352380637815 0.8000000000000003
    endloop
  endfacet
  facet normal 0 0 1
    outer loop
      vertex 135.02352380637814 40.49259271713867 0.8000000000000003
      vertex 135.325 42.78253175473055 0.8000000000000003
      vertex 135.02352380637814 42.907407282861335 0.8000000000000003
    endloop
  endfacet
  facet normal 0 0 1
    outer loop
      vertex 135.325 40.61746824526946 0.8000000000000003
      vertex 135.58388347648318 42.58388347648319 0.8000000000000003
      vertex 135.325 42.78253175473055 0.8000000000000003
    endloop
  endfacet
  facet normal 0 0 1
    outer loop
      vertex 135.58388347648318 40.81611652351682 0.8000000000000003
      vertex 135.78253175473054 42.325 0.8000000000000003
      vertex 135.58388347648318 42.58388347648319 0.8000000000000003
    endloop
  endfacet
  facet normal 0 0 1
    outer loop
      vertex 135.78253175473054 41.075 0.8000000000000003
      vertex 135.90740728286133 42.02352380637815 0.8000000000000003
      vertex 135.78253175473054 42.325 0.8000000000000003
    endloop
  endfacet
  facet normal -0.9914448613738119 0.13052619222004005 0
    outer loop
      vertex 135.90740728286133 41.376476193621855 0.8000000000000003
      vertex 135.90740728286133 41.376476193621855 2.7
      vertex 135.95 41.7 0.8000000000000003
    endloop
  endfacet
  facet normal -0.9914448613738119 -0.13052619222004005 0
    outer loop
      vertex 135.95 41.7 0.8000000000000003
      vertex 135.95 41.7 2.7
      vertex 135.90740728286133 42.02352380637815 0.8000000000000003
    endloop
  endfacet
  facet normal -0.9238795325112886 -0.3826834323650852 0
    outer loop
      vertex 135.90740728286133 42.02352380637815 0.8000000000000003
      vertex 135.90740728286133 42.02352380637815 2.7
      vertex 135.78253175473054 42.325 0.8000000000000003
    endloop
  endfacet
  facet normal -0.7933533402912387 -0.608761429008716 0
    outer loop
      vertex 135.78253175473054 42.325 0.8000000000000003
      vertex 135.78253175473054 42.325 2.7
      vertex 135.58388347648318 42.58388347648319 0.8000000000000003
    endloop
  endfacet
  facet normal -0.6087614290087054 -0.7933533402912468 -5.5430077902841645e-18
    outer loop
      vertex 135.58388347648318 42.58388347648319 0.8000000000000003
      vertex 135.325 42.78253175473055 2.7
      vertex 135.325 42.78253175473055 0.8000000000000003
    endloop
  endfacet
  facet normal -0.3826834323650852 -0.9238795325112886 0
    outer loop
      vertex 135.325 42.78253175473055 0.8000000000000003
      vertex 135.325 42.78253175473055 2.7
      vertex 135.02352380637814 42.907407282861335 0.8000000000000003
    endloop
  endfacet
  facet normal -0.9914448613738119 0.13052619222004005 0
    outer loop
      vertex 135.95 41.7 0.8000000000000003
      vertex 135.90740728286133 41.376476193621855 2.7
      vertex 135.95 41.7 2.7
    endloop
  endfacet
  facet normal -0.9914448613738119 -0.13052619222004005 0
    outer loop
      vertex 135.90740728286133 42.02352380637815 0.8000000000000003
      vertex 135.95 41.7 2.7
      vertex 135.90740728286133 42.02352380637815 2.7
    endloop
  endfacet
  facet normal -0.9238795325112886 -0.3826834323650852 0
    outer loop
      vertex 135.78253175473054 42.325 0.8000000000000003
      vertex 135.90740728286133 42.02352380637815 2.7
      vertex 135.78253175473054 42.325 2.7
    endloop
  endfacet
  facet normal -0.7933533402912387 -0.608761429008716 0
    outer loop
      vertex 135.58388347648318 42.58388347648319 0.8000000000000003
      vertex 135.78253175473054 42.325 2.7
      vertex 135.58388347648318 42.58388347648319 2.7
    endloop
  endfacet
  facet normal -0.13052619222006145 -0.9914448613738092 0
    outer loop
      vertex 135.02352380637814 42.907407282861335 0.8000000000000003
      vertex 135.02352380637814 42.907407282861335 2.7
      vertex 134.7 42.95 2.7
    endloop
  endfacet
  facet normal -0.3826834323650852 -0.9238795325112886 0
    outer loop
      vertex 135.02352380637814 42.907407282861335 0.8000000000000003
      vertex 135.325 42.78253175473055 2.7
      vertex 135.02352380637814 42.907407282861335 2.7
    endloop
  endfacet
  facet normal -0.6087614290087054 -0.7933533402912468 0
    outer loop
      vertex 135.58388347648318 42.58388347648319 0.8000000000000003
      vertex 135.58388347648318 42.58388347648319 2.7
      vertex 135.325 42.78253175473055 2.7
    endloop
  endfacet
endsolid OpenSCAD_Model
