solid OpenSCAD_Model
  facet normal 0 0 -1
    outer loop
      vertex 1.9716009959578515 1.583957986533642 0
      vertex 1.7650757595896722 1.7650757595896722 0
      vertex 2.9477092266082767 2.85604694634676 0
    endloop
  endfacet
  facet normal 0 0 -1
    outer loop
      vertex 1.583957986533642 1.9716009959578515 0
      vertex 1.4313466489315034 2.199999997019768 0
      vertex 2.85604694634676 2.9477092266082767 0
    endloop
  endfacet
  facet normal 0 0 -1
    outer loop
      vertex 1.583957986533642 1.9716009959578515 0
      vertex 2.8988741576671604 2.8988741576671604 0
      vertex 1.7650757595896722 1.7650757595896722 0
    endloop
  endfacet
  facet normal 0 0 -1
    outer loop
      vertex 1.4313466489315034 2.199999997019768 0
      vertex 1.309852981567383 2.4463647916913036 0
      vertex 2.819960424304009 3.0017165184021 0
    endloop
  endfacet
  facet normal 0 0 -1
    outer loop
      vertex 1.309852981567383 2.4463647916913036 0
      vertex 1.2215557634830476 2.706480005383492 0
      vertex 2.7912319839000705 3.0599720343947414 0
    endloop
  endfacet
  facet normal 0 0 -1
    outer loop
      vertex 1.2215557634830476 2.706480005383492 0
      vertex 1.1679657936096193 2.9758949965238575 0
      vertex 2.770353184640408 3.121479006111622 0
    endloop
  endfacet
  facet normal 0 0 -1
    outer loop
      vertex 1.1679657936096193 2.9758949965238575 0
      vertex 1.1500000000000001 3.2500000014901165 0
      vertex 2.7576812669634823 3.185185016691685 0
    endloop
  endfacet
  facet normal 0 0 -1
    outer loop
      vertex 1.1679657936096193 2.9758949965238575 0
      vertex 2.7576812669634823 3.185185016691685 0
      vertex 2.770353184640408 3.121479006111622 0
    endloop
  endfacet
  facet normal 0 0 -1
    outer loop
      vertex 2.4463647916913036 1.309852981567383 0
      vertex 3.121479006111622 2.770353184640408 0
      vertex 2.706480005383492 1.2215557634830476 0
    endloop
  endfacet
  facet normal 0 0 -1
    outer loop
      vertex 2.199999997019768 1.4313466489315034 0
      vertex 1.9716009959578515 1.583957986533642 0
      vertex 3.0017165184021 2.819960424304009 0
    endloop
  endfacet
  facet normal 0 0 -1
    outer loop
      vertex 2.199999997019768 1.4313466489315034 0
      vertex 3.0599720343947414 2.7912319839000705 0
      vertex 2.4463647916913036 1.309852981567383 0
    endloop
  endfacet
  facet normal 0 0 -1
    outer loop
      vertex 2.9758949965238575 1.1679657936096193 0
      vertex 2.706480005383492 1.2215557634830476 0
      vertex 3.185185016691685 2.7576812669634823 0
    endloop
  endfacet
  facet normal 0 0 -1
    outer loop
      vertex 2.9758949965238575 1.1679657936096193 0
      vertex 3.30237856656313 2.7500000014901165 0
      vertex 3.2500000014901165 1.1500000000000001 0
    endloop
  endfacet
  facet normal 0 0 -1
    outer loop
      vertex 2.199999997019768 1.4313466489315034 0
      vertex 3.0017165184021 2.819960424304009 0
      vertex 3.0599720343947414 2.7912319839000705 0
    endloop
  endfacet
  facet normal 0 0 -1
    outer loop
      vertex 2.706480005383492 1.2215557634830476 0
      vertex 3.121479006111622 2.770353184640408 0
      vertex 3.185185016691685 2.7576812669634823 0
    endloop
  endfacet
  facet normal 0 0 -1
    outer loop
      vertex 2.4463647916913036 1.309852981567383 0
      vertex 3.0599720343947414 2.7912319839000705 0
      vertex 3.121479006111622 2.770353184640408 0
    endloop
  endfacet
  facet normal 0 0 -1
    outer loop
      vertex 2.9758949965238575 1.1679657936096193 0
      vertex 3.185185016691685 2.7576812669634823 0
      vertex 3.30237856656313 2.7500000014901165 0
    endloop
  endfacet
  facet normal 0 0 -1
    outer loop
      vertex 1.9716009959578515 1.583957986533642 0
      vertex 2.9477092266082767 2.85604694634676 0
      vertex 3.0017165184021 2.819960424304009 0
    endloop
  endfacet
  facet normal 0 0 -1
    outer loop
      vertex 1.7650757595896722 1.7650757595896722 0
      vertex 2.8988741576671604 2.8988741576671604 0
      vertex 2.9477092266082767 2.85604694634676 0
    endloop
  endfacet
  facet normal 0 0 -1
    outer loop
      vertex 1.583957986533642 1.9716009959578515 0
      vertex 2.85604694634676 2.9477092266082767 0
      vertex 2.8988741576671604 2.8988741576671604 0
    endloop
  endfacet
  facet normal 0 0 -1
    outer loop
      vertex 1.4313466489315034 2.199999997019768 0
      vertex 2.819960424304009 3.0017165184021 0
      vertex 2.85604694634676 2.9477092266082767 0
    endloop
  endfacet
  facet normal 0 0 -1
    outer loop
      vertex 1.309852981567383 2.4463647916913036 0
      vertex 2.7912319839000705 3.0599720343947414 0
      vertex 2.819960424304009 3.0017165184021 0
    endloop
  endfacet
  facet normal 0 0 -1
    outer loop
      vertex 1.2215557634830476 2.706480005383492 0
      vertex 2.770353184640408 3.121479006111622 0
      vertex 2.7912319839000705 3.0599720343947414 0
    endloop
  endfacet
  facet normal 0 0 -1
    outer loop
      vertex 1.1500000000000001 3.2500000014901165 0
      vertex 2.7500000014901165 3.30237856656313 0
      vertex 2.7576812669634823 3.185185016691685 0
    endloop
  endfacet
  facet normal -0.5555702435157214 -0.8314696052892625 9.804216917934518e-19
    outer loop
      vertex 2.199999997019768 1.4313466489315034 0
      vertex 1.9716009959578515 1.583957986533642 3
      vertex 1.9716009959578515 1.583957986533642 0
    endloop
  endfacet
  facet normal -0.06540313796293175 -0.9978589226662263 0
    outer loop
      vertex 2.9758949965238575 1.1679657936096193 0
      vertex 3.2500000014901165 1.1500000000000001 0
      vertex 2.9758949965238575 1.1679657936096193 3
    endloop
  endfacet
  facet normal -0.442288677734863 -0.8968727476891839 0
    outer loop
      vertex 2.199999997019768 1.4313466489315034 0
      vertex 2.4463647916913036 1.309852981567383 0
      vertex 2.199999997019768 1.4313466489315034 3
    endloop
  endfacet
  facet normal -0.321439468571902 -0.9469301283855178 0
    outer loop
      vertex 2.4463647916913036 1.309852981567383 0
      vertex 2.706480005383492 1.2215557634830476 0
      vertex 2.4463647916913036 1.309852981567383 3
    endloop
  endfacet
  facet normal -0.1950903086324303 -0.9807852830654135 0
    outer loop
      vertex 2.9758949965238575 1.1679657936096193 0
      vertex 2.706480005383492 1.2215557634830476 3
      vertex 2.706480005383492 1.2215557634830476 0
    endloop
  endfacet
  facet normal -0.7518398043260511 -0.6593458186952922 0
    outer loop
      vertex 1.583957986533642 1.9716009959578515 0
      vertex 1.7650757595896722 1.7650757595896722 0
      vertex 1.583957986533642 1.9716009959578515 3
    endloop
  endfacet
  facet normal -0.6593458186952922 -0.7518398043260511 0
    outer loop
      vertex 1.9716009959578515 1.583957986533642 0
      vertex 1.7650757595896722 1.7650757595896722 3
      vertex 1.7650757595896722 1.7650757595896722 0
    endloop
  endfacet
  facet normal -0.8314696052892625 -0.5555702435157214 9.804216917934518e-19
    outer loop
      vertex 1.583957986533642 1.9716009959578515 0
      vertex 1.4313466489315034 2.199999997019768 3
      vertex 1.4313466489315034 2.199999997019768 0
    endloop
  endfacet
  facet normal -0.8968727476891839 -0.442288677734863 0
    outer loop
      vertex 1.4313466489315034 2.199999997019768 0
      vertex 1.309852981567383 2.4463647916913036 3
      vertex 1.309852981567383 2.4463647916913036 0
    endloop
  endfacet
  facet normal -0.9469301283855178 -0.321439468571902 0
    outer loop
      vertex 1.309852981567383 2.4463647916913036 0
      vertex 1.2215557634830476 2.706480005383492 3
      vertex 1.2215557634830476 2.706480005383492 0
    endloop
  endfacet
  facet normal -0.9807852830654135 -0.1950903086324303 0
    outer loop
      vertex 1.2215557634830476 2.706480005383492 0
      vertex 1.1679657936096193 2.9758949965238575 3
      vertex 1.1679657936096193 2.9758949965238575 0
    endloop
  endfacet
  facet normal -0.9978589226662263 -0.06540313796293175 0
    outer loop
      vertex 1.1679657936096193 2.9758949965238575 0
      vertex 1.1500000000000001 3.2500000014901165 3
      vertex 1.1500000000000001 3.2500000014901165 0
    endloop
  endfacet
  facet normal 0.06540308171135868 0.9978589263531481 0
    outer loop
      vertex 3.185185016691685 2.7576812669634823 0
      vertex 3.185185016691685 2.7576812669634823 3
      vertex 3.30237856656313 2.7500000014901165 0
    endloop
  endfacet
  facet normal 0.1950903856398395 0.9807852677476854 0
    outer loop
      vertex 3.185185016691685 2.7576812669634823 0
      vertex 3.121479006111622 2.770353184640408 0
      vertex 3.121479006111622 2.770353184640408 3
    endloop
  endfacet
  facet normal 0.8968727467171113 0.44228867970603125 0
    outer loop
      vertex 2.7912319839000705 3.0599720343947414 0
      vertex 2.7912319839000705 3.0599720343947414 3
      vertex 2.819960424304009 3.0017165184021 0
    endloop
  endfacet
  facet normal 0.9469301493614206 0.321439406778879 0
    outer loop
      vertex 2.7912319839000705 3.0599720343947414 0
      vertex 2.770353184640408 3.121479006111622 0
      vertex 2.770353184640408 3.121479006111622 3
    endloop
  endfacet
  facet normal 0.9807852677476854 0.1950903856398395 0
    outer loop
      vertex 2.770353184640408 3.121479006111622 0
      vertex 2.7576812669634823 3.185185016691685 0
      vertex 2.7576812669634823 3.185185016691685 3
    endloop
  endfacet
  facet normal 0.321439406778879 0.9469301493614206 0
    outer loop
      vertex 3.121479006111622 2.770353184640408 0
      vertex 3.0599720343947414 2.7912319839000705 0
      vertex 3.0599720343947414 2.7912319839000705 3
    endloop
  endfacet
  facet normal 0.44228867970603125 0.8968727467171113 0
    outer loop
      vertex 3.0599720343947414 2.7912319839000705 0
      vertex 3.0017165184021 2.819960424304009 0
      vertex 3.0017165184021 2.819960424304009 3
    endloop
  endfacet
  facet normal 0.5555702689335592 0.8314695883056052 0
    outer loop
      vertex 2.9477092266082767 2.85604694634676 0
      vertex 2.9477092266082767 2.85604694634676 3
      vertex 3.0017165184021 2.819960424304009 0
    endloop
  endfacet
  facet normal 0.6593458611398927 0.751839767103133 0
    outer loop
      vertex 2.9477092266082767 2.85604694634676 0
      vertex 2.8988741576671604 2.8988741576671604 0
      vertex 2.8988741576671604 2.8988741576671604 3
    endloop
  endfacet
  facet normal 0.751839767103133 0.6593458611398927 0
    outer loop
      vertex 2.8988741576671604 2.8988741576671604 0
      vertex 2.85604694634676 2.9477092266082767 0
      vertex 2.85604694634676 2.9477092266082767 3
    endloop
  endfacet
  facet normal 0.8314695883056052 0.5555702689335592 0
    outer loop
      vertex 2.85604694634676 2.9477092266082767 0
      vertex 2.819960424304009 3.0017165184021 0
      vertex 2.819960424304009 3.0017165184021 3
    endloop
  endfacet
  facet normal 0.9978589263531481 0.06540308171135868 0
    outer loop
      vertex 2.7576812669634823 3.185185016691685 0
      vertex 2.7500000014901165 3.30237856656313 0
      vertex 2.7500000014901165 3.30237856656313 3
    endloop
  endfacet
  facet normal -0.5555702435157214 -0.8314696052892625 0
    outer loop
      vertex 2.199999997019768 1.4313466489315034 0
      vertex 2.199999997019768 1.4313466489315034 3
      vertex 1.9716009959578515 1.583957986533642 3
    endloop
  endfacet
  facet normal -0.1950903086324303 -0.9807852830654135 0
    outer loop
      vertex 2.9758949965238575 1.1679657936096193 0
      vertex 2.9758949965238575 1.1679657936096193 3
      vertex 2.706480005383492 1.2215557634830476 3
    endloop
  endfacet
  facet normal -0.06540313796293175 -0.9978589226662263 0
    outer loop
      vertex 3.2500000014901165 1.1500000000000001 0
      vertex 3.2500000014901165 1.1500000000000001 3
      vertex 2.9758949965238575 1.1679657936096193 3
    endloop
  endfacet
  facet normal -0.442288677734863 -0.8968727476891839 0
    outer loop
      vertex 2.4463647916913036 1.309852981567383 0
      vertex 2.4463647916913036 1.309852981567383 3
      vertex 2.199999997019768 1.4313466489315034 3
    endloop
  endfacet
  facet normal -0.321439468571902 -0.9469301283855178 0
    outer loop
      vertex 2.706480005383492 1.2215557634830476 0
      vertex 2.706480005383492 1.2215557634830476 3
      vertex 2.4463647916913036 1.309852981567383 3
    endloop
  endfacet
  facet normal -0.6593458186952922 -0.7518398043260511 0
    outer loop
      vertex 1.9716009959578515 1.583957986533642 0
      vertex 1.9716009959578515 1.583957986533642 3
      vertex 1.7650757595896722 1.7650757595896722 3
    endloop
  endfacet
  facet normal -0.7518398043260511 -0.6593458186952922 0
    outer loop
      vertex 1.7650757595896722 1.7650757595896722 0
      vertex 1.7650757595896722 1.7650757595896722 3
      vertex 1.583957986533642 1.9716009959578515 3
    endloop
  endfacet
  facet normal -0.8314696052892625 -0.5555702435157214 0
    outer loop
      vertex 1.583957986533642 1.9716009959578515 0
      vertex 1.583957986533642 1.9716009959578515 3
      vertex 1.4313466489315034 2.199999997019768 3
    endloop
  endfacet
  facet normal -0.8968727476891839 -0.442288677734863 0
    outer loop
      vertex 1.4313466489315034 2.199999997019768 0
      vertex 1.4313466489315034 2.199999997019768 3
      vertex 1.309852981567383 2.4463647916913036 3
    endloop
  endfacet
  facet normal -0.9469301283855178 -0.321439468571902 0
    outer loop
      vertex 1.309852981567383 2.4463647916913036 0
      vertex 1.309852981567383 2.4463647916913036 3
      vertex 1.2215557634830476 2.706480005383492 3
    endloop
  endfacet
  facet normal -0.9807852830654135 -0.1950903086324303 0
    outer loop
      vertex 1.2215557634830476 2.706480005383492 0
      vertex 1.2215557634830476 2.706480005383492 3
      vertex 1.1679657936096193 2.9758949965238575 3
    endloop
  endfacet
  facet normal -0.9978589226662263 -0.06540313796293175 0
    outer loop
      vertex 1.1679657936096193 2.9758949965238575 0
      vertex 1.1679657936096193 2.9758949965238575 3
      vertex 1.1500000000000001 3.2500000014901165 3
    endloop
  endfacet
  facet normal 0.1950903856398395 0.9807852677476854 0
    outer loop
      vertex 3.185185016691685 2.7576812669634823 0
      vertex 3.121479006111622 2.770353184640408 3
      vertex 3.185185016691685 2.7576812669634823 3
    endloop
  endfacet
  facet normal 0.321439406778879 0.9469301493614206 0
    outer loop
      vertex 3.121479006111622 2.770353184640408 0
      vertex 3.0599720343947414 2.7912319839000705 3
      vertex 3.121479006111622 2.770353184640408 3
    endloop
  endfacet
  facet normal 0.06540308171135868 0.9978589263531481 0
    outer loop
      vertex 3.30237856656313 2.7500000014901165 0
      vertex 3.185185016691685 2.7576812669634823 3
      vertex 3.30237856656313 2.7500000014901165 3
    endloop
  endfacet
  facet normal 0.8968727467171113 0.44228867970603125 0
    outer loop
      vertex 2.819960424304009 3.0017165184021 0
      vertex 2.7912319839000705 3.0599720343947414 3
      vertex 2.819960424304009 3.0017165184021 3
    endloop
  endfacet
  facet normal 0.9469301493614206 0.321439406778879 0
    outer loop
      vertex 2.7912319839000705 3.0599720343947414 0
      vertex 2.770353184640408 3.121479006111622 3
      vertex 2.7912319839000705 3.0599720343947414 3
    endloop
  endfacet
  facet normal 0.9807852677476854 0.1950903856398395 0
    outer loop
      vertex 2.770353184640408 3.121479006111622 0
      vertex 2.7576812669634823 3.185185016691685 3
      vertex 2.770353184640408 3.121479006111622 3
    endloop
  endfacet
  facet normal 0.6593458611398927 0.751839767103133 0
    outer loop
      vertex 2.9477092266082767 2.85604694634676 0
      vertex 2.8988741576671604 2.8988741576671604 3
      vertex 2.9477092266082767 2.85604694634676 3
    endloop
  endfacet
  facet normal 0.44228867970603125 0.8968727467171113 0
    outer loop
      vertex 3.0599720343947414 2.7912319839000705 0
      vertex 3.0017165184021 2.819960424304009 3
      vertex 3.0599720343947414 2.7912319839000705 3
    endloop
  endfacet
  facet normal 0.5555702689335592 0.8314695883056052 0
    outer loop
      vertex 3.0017165184021 2.819960424304009 0
      vertex 2.9477092266082767 2.85604694634676 3
      vertex 3.0017165184021 2.819960424304009 3
    endloop
  endfacet
  facet normal 0.751839767103133 0.6593458611398927 0
    outer loop
      vertex 2.8988741576671604 2.8988741576671604 0
      vertex 2.85604694634676 2.9477092266082767 3
      vertex 2.8988741576671604 2.8988741576671604 3
    endloop
  endfacet
  facet normal 0.8314695883056052 0.5555702689335592 0
    outer loop
      vertex 2.85604694634676 2.9477092266082767 0
      vertex 2.819960424304009 3.0017165184021 3
      vertex 2.85604694634676 2.9477092266082767 3
    endloop
  endfacet
  facet normal 0.9978589263531481 0.06540308171135868 0
    outer loop
      vertex 2.7576812669634823 3.185185016691685 0
      vertex 2.7500000014901165 3.30237856656313 3
      vertex 2.7576812669634823 3.185185016691685 3
    endloop
  endfacet
  facet normal 0 0 -1
    outer loop
      vertex 1.1500000000000001 3.2500000014901165 0
      vertex 2.7500000014901165 47.597621427476405 0
      vertex 2.7500000014901165 3.30237856656313 0
    endloop
  endfacet
  facet normal -1 0 0
    outer loop
      vertex 1.1500000000000001 3.2500000014901165 0
      vertex 1.1500000000000001 3.2500000014901165 3
      vertex 1.1500000000000001 47.65 3
    endloop
  endfacet
  facet normal 1 0 0
    outer loop
      vertex 2.7500000014901165 3.30237856656313 0
      vertex 2.7500000014901165 47.597621427476405 3
      vertex 2.7500000014901165 3.30237856656313 3
    endloop
  endfacet
  facet normal 0 0 -1
    outer loop
      vertex 3.2500000014901165 1.1500000000000001 0
      vertex 3.30237856656313 2.7500000014901165 0
      vertex 140.597621434927 2.7500000014901165 0
    endloop
  endfacet
  facet normal 0 -1 0
    outer loop
      vertex 3.2500000014901165 1.1500000000000001 0
      vertex 140.65 1.1500000000000001 0
      vertex 3.2500000014901165 1.1500000000000001 3
    endloop
  endfacet
  facet normal 0 1 0
    outer loop
      vertex 3.30237856656313 2.7500000014901165 0
      vertex 3.30237856656313 2.7500000014901165 3
      vertex 140.597621434927 2.7500000014901165 0
    endloop
  endfacet
  facet normal 0 0 -1
    outer loop
      vertex 1.1500000000000001 3.2500000014901165 0
      vertex 1.1500000000000001 47.65 0
      vertex 2.7500000014901165 47.597621427476405 0
    endloop
  endfacet
  facet normal -1 0 0
    outer loop
      vertex 1.1500000000000001 3.2500000014901165 0
      vertex 1.1500000000000001 47.65 3
      vertex 1.1500000000000001 47.65 0
    endloop
  endfacet
  facet normal 1 0 0
    outer loop
      vertex 2.7500000014901165 3.30237856656313 0
      vertex 2.7500000014901165 47.597621427476405 0
      vertex 2.7500000014901165 47.597621427476405 3
    endloop
  endfacet
  facet normal 0 0 -1
    outer loop
      vertex 1.1500000000000001 47.65 0
      vertex 2.7576812669634823 47.71481497734785 0
      vertex 2.7500000014901165 47.597621427476405 0
    endloop
  endfacet
  facet normal 0 0 -1
    outer loop
      vertex 1.1500000000000001 47.65 0
      vertex 1.1679657936096193 47.92410500496626 0
      vertex 2.7576812669634823 47.71481497734785 0
    endloop
  endfacet
  facet normal 0 0 -1
    outer loop
      vertex 2.7576812669634823 47.71481497734785 0
      vertex 1.1679657936096193 47.92410500496626 0
      vertex 2.770353184640408 47.77852098792791 0
    endloop
  endfacet
  facet normal 0 0 -1
    outer loop
      vertex 1.1679657936096193 47.92410500496626 0
      vertex 1.2215557634830476 48.19351999610662 0
      vertex 2.770353184640408 47.77852098792791 0
    endloop
  endfacet
  facet normal 0 0 -1
    outer loop
      vertex 1.2215557634830476 48.19351999610662 0
      vertex 1.309852981567383 48.45363520979881 0
      vertex 2.79123197644949 47.84002792984247 0
    endloop
  endfacet
  facet normal 0 0 -1
    outer loop
      vertex 1.309852981567383 48.45363520979881 0
      vertex 1.4313466489315034 48.699999997019766 0
      vertex 2.8199604317545894 47.898283475637434 0
    endloop
  endfacet
  facet normal 0 0 -1
    outer loop
      vertex 1.4313466489315034 48.699999997019766 0
      vertex 1.583957986533642 48.92839899808168 0
      vertex 2.85604694634676 47.95229075998068 0
    endloop
  endfacet
  facet normal 0 0 -1
    outer loop
      vertex 1.583957986533642 48.92839899808168 0
      vertex 1.7650757595896722 49.13492424190044 0
      vertex 2.8988741725683216 48.001125858724116 0
    endloop
  endfacet
  facet normal 0 0 -1
    outer loop
      vertex 1.7650757595896722 49.13492424190044 0
      vertex 1.9716009959578515 49.31604201495647 0
      vertex 2.947709204256535 48.04395302534103 0
    endloop
  endfacet
  facet normal 0 0 -1
    outer loop
      vertex 1.2215557634830476 48.19351999610662 0
      vertex 2.79123197644949 47.84002792984247 0
      vertex 2.770353184640408 47.77852098792791 0
    endloop
  endfacet
  facet normal 0 0 -1
    outer loop
      vertex 1.309852981567383 48.45363520979881 0
      vertex 2.8199604317545894 47.898283475637434 0
      vertex 2.79123197644949 47.84002792984247 0
    endloop
  endfacet
  facet normal 0 0 -1
    outer loop
      vertex 1.4313466489315034 48.699999997019766 0
      vertex 2.85604694634676 47.95229075998068 0
      vertex 2.8199604317545894 47.898283475637434 0
    endloop
  endfacet
  facet normal 0 0 -1
    outer loop
      vertex 1.583957986533642 48.92839899808168 0
      vertex 2.8988741725683216 48.001125858724116 0
      vertex 2.85604694634676 47.95229075998068 0
    endloop
  endfacet
  facet normal 0 0 -1
    outer loop
      vertex 1.7650757595896722 49.13492424190044 0
      vertex 2.947709204256535 48.04395302534103 0
      vertex 2.8988741725683216 48.001125858724116 0
    endloop
  endfacet
  facet normal 0 0 -1
    outer loop
      vertex 2.947709204256535 48.04395302534103 0
      vertex 1.9716009959578515 49.31604201495647 0
      vertex 3.0017165184021 48.080039562284945 0
    endloop
  endfacet
  facet normal 0 0 -1
    outer loop
      vertex 3.0017165184021 48.080039562284945 0
      vertex 2.199999997019768 49.46865334510803 0
      vertex 3.0599720716476444 48.108768017590045 0
    endloop
  endfacet
  facet normal 0 0 -1
    outer loop
      vertex 3.0599720716476444 48.108768017590045 0
      vertex 2.4463647916913036 49.59014701992273 0
      vertex 3.121479006111622 48.12964680939913 0
    endloop
  endfacet
  facet normal 0 0 -1
    outer loop
      vertex 3.121479006111622 48.12964680939913 0
      vertex 2.706480005383492 49.67844423800707 0
      vertex 3.185185016691685 48.14231872707605 0
    endloop
  endfacet
  facet normal 0 0 -1
    outer loop
      vertex 3.185185016691685 48.14231872707605 0
      vertex 2.9758949965238575 49.732034207880496 0
      vertex 3.30237856656313 48.15 0
    endloop
  endfacet
  facet normal 0 0 -1
    outer loop
      vertex 3.0017165184021 48.080039562284945 0
      vertex 1.9716009959578515 49.31604201495647 0
      vertex 2.199999997019768 49.46865334510803 0
    endloop
  endfacet
  facet normal 0 0 -1
    outer loop
      vertex 3.0599720716476444 48.108768017590045 0
      vertex 2.199999997019768 49.46865334510803 0
      vertex 2.4463647916913036 49.59014701992273 0
    endloop
  endfacet
  facet normal 0 0 -1
    outer loop
      vertex 3.121479006111622 48.12964680939913 0
      vertex 2.4463647916913036 49.59014701992273 0
      vertex 2.706480005383492 49.67844423800707 0
    endloop
  endfacet
  facet normal 0 0 -1
    outer loop
      vertex 3.185185016691685 48.14231872707605 0
      vertex 2.706480005383492 49.67844423800707 0
      vertex 2.9758949965238575 49.732034207880496 0
    endloop
  endfacet
  facet normal 0 0 -1
    outer loop
      vertex 3.30237856656313 48.15 0
      vertex 2.9758949965238575 49.732034207880496 0
      vertex 3.2500000014901165 49.750000001490115 0
    endloop
  endfacet
  facet normal 0.9978589263531481 -0.06540308171135868 0
    outer loop
      vertex 2.7500000014901165 47.597621427476405 0
      vertex 2.7576812669634823 47.71481497734785 0
      vertex 2.7576812669634823 47.71481497734785 3
    endloop
  endfacet
  facet normal -0.9978589226662263 0.06540313796293175 0
    outer loop
      vertex 1.1500000000000001 47.65 0
      vertex 1.1679657936096193 47.92410500496626 3
      vertex 1.1679657936096193 47.92410500496626 0
    endloop
  endfacet
  facet normal -0.9807852830654135 0.1950903086324303 0
    outer loop
      vertex 1.1679657936096193 47.92410500496626 0
      vertex 1.2215557634830476 48.19351999610662 3
      vertex 1.2215557634830476 48.19351999610662 0
    endloop
  endfacet
  facet normal -0.9469301283855178 0.321439468571902 0
    outer loop
      vertex 1.2215557634830476 48.19351999610662 0
      vertex 1.309852981567383 48.45363520979881 3
      vertex 1.309852981567383 48.45363520979881 0
    endloop
  endfacet
  facet normal -0.8968727423833462 0.44228868849403763 0
    outer loop
      vertex 1.309852981567383 48.45363520979881 0
      vertex 1.4313466489315034 48.699999997019766 3
      vertex 1.4313466489315034 48.699999997019766 0
    endloop
  endfacet
  facet normal -0.8314696052892623 0.5555702435157218 0
    outer loop
      vertex 1.4313466489315034 48.699999997019766 0
      vertex 1.583957986533642 48.92839899808168 3
      vertex 1.583957986533642 48.92839899808168 0
    endloop
  endfacet
  facet normal -0.7518398161175442 0.6593458052496711 0
    outer loop
      vertex 1.583957986533642 48.92839899808168 0
      vertex 1.7650757595896722 49.13492424190044 3
      vertex 1.7650757595896722 49.13492424190044 0
    endloop
  endfacet
  facet normal -0.6593458186952922 0.7518398043260511 0
    outer loop
      vertex 1.7650757595896722 49.13492424190044 0
      vertex 1.9716009959578515 49.31604201495647 3
      vertex 1.9716009959578515 49.31604201495647 0
    endloop
  endfacet
  facet normal 0.9807852677476854 -0.1950903856398395 0
    outer loop
      vertex 2.7576812669634823 47.71481497734785 0
      vertex 2.770353184640408 47.77852098792791 0
      vertex 2.770353184640408 47.77852098792791 3
    endloop
  endfacet
  facet normal 0.946930136868566 -0.32143944358164706 0
    outer loop
      vertex 2.770353184640408 47.77852098792791 0
      vertex 2.79123197644949 47.84002792984247 0
      vertex 2.79123197644949 47.84002792984247 3
    endloop
  endfacet
  facet normal 0.8968727454695505 -0.4422886822358343 0
    outer loop
      vertex 2.79123197644949 47.84002792984247 0
      vertex 2.8199604317545894 47.898283475637434 0
      vertex 2.8199604317545894 47.898283475637434 3
    endloop
  endfacet
  facet normal 0.8314696058878277 -0.5555702426199053 0
    outer loop
      vertex 2.8199604317545894 47.898283475637434 0
      vertex 2.85604694634676 47.95229075998068 0
      vertex 2.85604694634676 47.95229075998068 3
    endloop
  endfacet
  facet normal 0.7518398528456616 -0.6593457633692766 0
    outer loop
      vertex 2.85604694634676 47.95229075998068 0
      vertex 2.8988741725683216 48.001125858724116 0
      vertex 2.8988741725683216 48.001125858724116 3
    endloop
  endfacet
  facet normal 0.6593457564177236 -0.7518398589420089 0
    outer loop
      vertex 2.8988741725683216 48.001125858724116 0
      vertex 2.947709204256535 48.04395302534103 0
      vertex 2.947709204256535 48.04395302534103 3
    endloop
  endfacet
  facet normal 0.5555702685738435 -0.8314695885459596 0
    outer loop
      vertex 2.947709204256535 48.04395302534103 0
      vertex 3.0017165184021 48.080039562284945 0
      vertex 3.0017165184021 48.080039562284945 3
    endloop
  endfacet
  facet normal 0.4422886367349034 -0.8968727679081246 0
    outer loop
      vertex 3.0017165184021 48.080039562284945 0
      vertex 3.0599720716476444 48.108768017590045 0
      vertex 3.0599720716476444 48.108768017590045 3
    endloop
  endfacet
  facet normal 0.3214394784957648 -0.9469301250168203 0
    outer loop
      vertex 3.0599720716476444 48.108768017590045 0
      vertex 3.121479006111622 48.12964680939913 0
      vertex 3.121479006111622 48.12964680939913 3
    endloop
  endfacet
  facet normal 0.1950903856398395 -0.9807852677476854 0
    outer loop
      vertex 3.121479006111622 48.12964680939913 0
      vertex 3.185185016691685 48.14231872707605 0
      vertex 3.185185016691685 48.14231872707605 3
    endloop
  endfacet
  facet normal 0.06540314487888134 -0.9978589222129309 0
    outer loop
      vertex 3.185185016691685 48.14231872707605 0
      vertex 3.30237856656313 48.15 0
      vertex 3.30237856656313 48.15 3
    endloop
  endfacet
  facet normal -0.5555702247642625 0.8314696178185867 -9.804237140937515e-19
    outer loop
      vertex 1.9716009959578515 49.31604201495647 0
      vertex 2.199999997019768 49.46865334510803 3
      vertex 2.199999997019768 49.46865334510803 0
    endloop
  endfacet
  facet normal -0.4422886995523108 0.8968727369300094 0
    outer loop
      vertex 2.199999997019768 49.46865334510803 0
      vertex 2.4463647916913036 49.59014701992273 3
      vertex 2.4463647916913036 49.59014701992273 0
    endloop
  endfacet
  facet normal -0.321439468571902 0.9469301283855178 0
    outer loop
      vertex 2.4463647916913036 49.59014701992273 0
      vertex 2.706480005383492 49.67844423800707 3
      vertex 2.706480005383492 49.67844423800707 0
    endloop
  endfacet
  facet normal -0.1950903086324303 0.9807852830654135 0
    outer loop
      vertex 2.706480005383492 49.67844423800707 0
      vertex 2.9758949965238575 49.732034207880496 3
      vertex 2.9758949965238575 49.732034207880496 0
    endloop
  endfacet
  facet normal -0.06540313796293175 0.9978589226662263 0
    outer loop
      vertex 2.9758949965238575 49.732034207880496 0
      vertex 3.2500000014901165 49.750000001490115 3
      vertex 3.2500000014901165 49.750000001490115 0
    endloop
  endfacet
  facet normal 0.9978589263531481 -0.06540308171135868 0
    outer loop
      vertex 2.7500000014901165 47.597621427476405 0
      vertex 2.7576812669634823 47.71481497734785 3
      vertex 2.7500000014901165 47.597621427476405 3
    endloop
  endfacet
  facet normal -0.9978589226662263 0.06540313796293175 0
    outer loop
      vertex 1.1500000000000001 47.65 0
      vertex 1.1500000000000001 47.65 3
      vertex 1.1679657936096193 47.92410500496626 3
    endloop
  endfacet
  facet normal -0.9807852830654135 0.1950903086324303 0
    outer loop
      vertex 1.1679657936096193 47.92410500496626 0
      vertex 1.1679657936096193 47.92410500496626 3
      vertex 1.2215557634830476 48.19351999610662 3
    endloop
  endfacet
  facet normal -0.9469301283855178 0.321439468571902 0
    outer loop
      vertex 1.2215557634830476 48.19351999610662 0
      vertex 1.2215557634830476 48.19351999610662 3
      vertex 1.309852981567383 48.45363520979881 3
    endloop
  endfacet
  facet normal -0.8968727423833462 0.44228868849403763 0
    outer loop
      vertex 1.309852981567383 48.45363520979881 0
      vertex 1.309852981567383 48.45363520979881 3
      vertex 1.4313466489315034 48.699999997019766 3
    endloop
  endfacet
  facet normal -0.8314696052892623 0.5555702435157218 0
    outer loop
      vertex 1.4313466489315034 48.699999997019766 0
      vertex 1.4313466489315034 48.699999997019766 3
      vertex 1.583957986533642 48.92839899808168 3
    endloop
  endfacet
  facet normal -0.7518398161175442 0.6593458052496711 0
    outer loop
      vertex 1.583957986533642 48.92839899808168 0
      vertex 1.583957986533642 48.92839899808168 3
      vertex 1.7650757595896722 49.13492424190044 3
    endloop
  endfacet
  facet normal -0.6593458186952922 0.7518398043260511 0
    outer loop
      vertex 1.7650757595896722 49.13492424190044 0
      vertex 1.7650757595896722 49.13492424190044 3
      vertex 1.9716009959578515 49.31604201495647 3
    endloop
  endfacet
  facet normal 0.9807852677476854 -0.1950903856398395 0
    outer loop
      vertex 2.7576812669634823 47.71481497734785 0
      vertex 2.770353184640408 47.77852098792791 3
      vertex 2.7576812669634823 47.71481497734785 3
    endloop
  endfacet
  facet normal 0.946930136868566 -0.32143944358164706 0
    outer loop
      vertex 2.770353184640408 47.77852098792791 0
      vertex 2.79123197644949 47.84002792984247 3
      vertex 2.770353184640408 47.77852098792791 3
    endloop
  endfacet
  facet normal 0.8968727454695505 -0.4422886822358343 0
    outer loop
      vertex 2.79123197644949 47.84002792984247 0
      vertex 2.8199604317545894 47.898283475637434 3
      vertex 2.79123197644949 47.84002792984247 3
    endloop
  endfacet
  facet normal 0.8314696058878277 -0.5555702426199053 0
    outer loop
      vertex 2.8199604317545894 47.898283475637434 0
      vertex 2.85604694634676 47.95229075998068 3
      vertex 2.8199604317545894 47.898283475637434 3
    endloop
  endfacet
  facet normal 0.7518398528456616 -0.6593457633692766 0
    outer loop
      vertex 2.85604694634676 47.95229075998068 0
      vertex 2.8988741725683216 48.001125858724116 3
      vertex 2.85604694634676 47.95229075998068 3
    endloop
  endfacet
  facet normal 0.6593457564177236 -0.7518398589420089 0
    outer loop
      vertex 2.8988741725683216 48.001125858724116 0
      vertex 2.947709204256535 48.04395302534103 3
      vertex 2.8988741725683216 48.001125858724116 3
    endloop
  endfacet
  facet normal 0.5555702685738435 -0.8314695885459596 0
    outer loop
      vertex 2.947709204256535 48.04395302534103 0
      vertex 3.0017165184021 48.080039562284945 3
      vertex 2.947709204256535 48.04395302534103 3
    endloop
  endfacet
  facet normal 0.4422886367349034 -0.8968727679081246 0
    outer loop
      vertex 3.0017165184021 48.080039562284945 0
      vertex 3.0599720716476444 48.108768017590045 3
      vertex 3.0017165184021 48.080039562284945 3
    endloop
  endfacet
  facet normal 0.3214394784957648 -0.9469301250168203 0
    outer loop
      vertex 3.0599720716476444 48.108768017590045 0
      vertex 3.121479006111622 48.12964680939913 3
      vertex 3.0599720716476444 48.108768017590045 3
    endloop
  endfacet
  facet normal 0.1950903856398395 -0.9807852677476854 0
    outer loop
      vertex 3.121479006111622 48.12964680939913 0
      vertex 3.185185016691685 48.14231872707605 3
      vertex 3.121479006111622 48.12964680939913 3
    endloop
  endfacet
  facet normal 0.06540314487888134 -0.9978589222129309 0
    outer loop
      vertex 3.185185016691685 48.14231872707605 0
      vertex 3.30237856656313 48.15 3
      vertex 3.185185016691685 48.14231872707605 3
    endloop
  endfacet
  facet normal -0.5555702247642625 0.8314696178185867 0
    outer loop
      vertex 1.9716009959578515 49.31604201495647 0
      vertex 1.9716009959578515 49.31604201495647 3
      vertex 2.199999997019768 49.46865334510803 3
    endloop
  endfacet
  facet normal -0.4422886995523108 0.8968727369300094 0
    outer loop
      vertex 2.199999997019768 49.46865334510803 0
      vertex 2.199999997019768 49.46865334510803 3
      vertex 2.4463647916913036 49.59014701992273 3
    endloop
  endfacet
  facet normal -0.321439468571902 0.9469301283855178 0
    outer loop
      vertex 2.4463647916913036 49.59014701992273 0
      vertex 2.4463647916913036 49.59014701992273 3
      vertex 2.706480005383492 49.67844423800707 3
    endloop
  endfacet
  facet normal -0.1950903086324303 0.9807852830654135 0
    outer loop
      vertex 2.706480005383492 49.67844423800707 0
      vertex 2.706480005383492 49.67844423800707 3
      vertex 2.9758949965238575 49.732034207880496 3
    endloop
  endfacet
  facet normal -0.06540313796293175 0.9978589226662263 0
    outer loop
      vertex 2.9758949965238575 49.732034207880496 0
      vertex 2.9758949965238575 49.732034207880496 3
      vertex 3.2500000014901165 49.750000001490115 3
    endloop
  endfacet
  facet normal 0 0 -1
    outer loop
      vertex 3.30237856656313 48.15 0
      vertex 3.2500000014901165 49.750000001490115 0
      vertex 140.597621434927 48.15 0
    endloop
  endfacet
  facet normal 0 -1 0
    outer loop
      vertex 3.30237856656313 48.15 0
      vertex 140.597621434927 48.15 3
      vertex 3.30237856656313 48.15 3
    endloop
  endfacet
  facet normal 0 1 0
    outer loop
      vertex 3.2500000014901165 49.750000001490115 0
      vertex 3.2500000014901165 49.750000001490115 3
      vertex 140.65 49.750000001490115 3
    endloop
  endfacet
  facet normal 0 0 -1
    outer loop
      vertex 3.2500000014901165 1.1500000000000001 0
      vertex 140.597621434927 2.7500000014901165 0
      vertex 140.65 1.1500000000000001 0
    endloop
  endfacet
  facet normal 0 -1 0
    outer loop
      vertex 3.2500000014901165 1.1500000000000001 3
      vertex 140.65 1.1500000000000001 0
      vertex 140.65 1.1500000000000001 3
    endloop
  endfacet
  facet normal 0 1 0
    outer loop
      vertex 3.30237856656313 2.7500000014901165 3
      vertex 140.597621434927 2.7500000014901165 3
      vertex 140.597621434927 2.7500000014901165 0
    endloop
  endfacet
  facet normal 0 0 -1
    outer loop
      vertex 140.65 1.1500000000000001 0
      vertex 140.71481497734786 2.7576812669634823 0
      vertex 140.92410500496626 1.1679657936096193 0
    endloop
  endfacet
  facet normal 0 0 -1
    outer loop
      vertex 140.92410500496626 1.1679657936096193 0
      vertex 140.77852098792792 2.770353184640408 0
      vertex 141.19351999610663 1.2215557634830476 0
    endloop
  endfacet
  facet normal 0 0 -1
    outer loop
      vertex 141.19351999610663 1.2215557634830476 0
      vertex 140.84002792984248 2.79123197644949 0
      vertex 141.45363520979882 1.309852981567383 0
    endloop
  endfacet
  facet normal 0 0 -1
    outer loop
      vertex 141.45363520979882 1.309852981567383 0
      vertex 140.89828347563744 2.8199604317545894 0
      vertex 141.69999999701977 1.4313466489315034 0
    endloop
  endfacet
  facet normal 0 0 -1
    outer loop
      vertex 141.69999999701977 1.4313466489315034 0
      vertex 140.95229075998068 2.85604694634676 0
      vertex 141.9283989980817 1.583957986533642 0
    endloop
  endfacet
  facet normal 0 0 -1
    outer loop
      vertex 140.65 1.1500000000000001 0
      vertex 140.597621434927 2.7500000014901165 0
      vertex 140.71481497734786 2.7576812669634823 0
    endloop
  endfacet
  facet normal 0 0 -1
    outer loop
      vertex 140.92410500496626 1.1679657936096193 0
      vertex 140.71481497734786 2.7576812669634823 0
      vertex 140.77852098792792 2.770353184640408 0
    endloop
  endfacet
  facet normal 0 0 -1
    outer loop
      vertex 141.19351999610663 1.2215557634830476 0
      vertex 140.77852098792792 2.770353184640408 0
      vertex 140.84002792984248 2.79123197644949 0
    endloop
  endfacet
  facet normal 0 0 -1
    outer loop
      vertex 141.45363520979882 1.309852981567383 0
      vertex 140.84002792984248 2.79123197644949 0
      vertex 140.89828347563744 2.8199604317545894 0
    endloop
  endfacet
  facet normal 0 0 -1
    outer loop
      vertex 141.69999999701977 1.4313466489315034 0
      vertex 140.89828347563744 2.8199604317545894 0
      vertex 140.95229075998068 2.85604694634676 0
    endloop
  endfacet
  facet normal 0 0 -1
    outer loop
      vertex 141.9283989980817 1.583957986533642 0
      vertex 140.95229075998068 2.85604694634676 0
      vertex 141.00112585872412 2.8988741725683216 0
    endloop
  endfacet
  facet normal 0 0 -1
    outer loop
      vertex 141.00112585872412 2.8988741725683216 0
      vertex 141.04395302534104 2.947709204256535 0
      vertex 142.13492424190045 1.7650757595896722 0
    endloop
  endfacet
  facet normal 0 0 -1
    outer loop
      vertex 141.04395302534104 2.947709204256535 0
      vertex 141.08003956228495 3.0017165184021 0
      vertex 142.31604201495648 1.9716009959578515 0
    endloop
  endfacet
  facet normal 0 0 -1
    outer loop
      vertex 141.08003956228495 3.0017165184021 0
      vertex 141.10876801759005 3.0599720716476444 0
      vertex 142.46865334510804 2.199999997019768 0
    endloop
  endfacet
  facet normal 0 0 -1
    outer loop
      vertex 141.10876801759005 3.0599720716476444 0
      vertex 141.12964680939913 3.121479006111622 0
      vertex 142.59014701992274 2.4463647916913036 0
    endloop
  endfacet
  facet normal 0 0 -1
    outer loop
      vertex 141.12964680939913 3.121479006111622 0
      vertex 141.14231872707606 3.185185016691685 0
      vertex 142.67844423800707 2.706480005383492 0
    endloop
  endfacet
  facet normal 0 0 -1
    outer loop
      vertex 141.9283989980817 1.583957986533642 0
      vertex 141.00112585872412 2.8988741725683216 0
      vertex 142.13492424190045 1.7650757595896722 0
    endloop
  endfacet
  facet normal 0 0 -1
    outer loop
      vertex 141.04395302534104 2.947709204256535 0
      vertex 142.31604201495648 1.9716009959578515 0
      vertex 142.13492424190045 1.7650757595896722 0
    endloop
  endfacet
  facet normal 0 0 -1
    outer loop
      vertex 141.08003956228495 3.0017165184021 0
      vertex 142.46865334510804 2.199999997019768 0
      vertex 142.31604201495648 1.9716009959578515 0
    endloop
  endfacet
  facet normal 0 0 -1
    outer loop
      vertex 141.10876801759005 3.0599720716476444 0
      vertex 142.59014701992274 2.4463647916913036 0
      vertex 142.46865334510804 2.199999997019768 0
    endloop
  endfacet
  facet normal 0 0 -1
    outer loop
      vertex 141.12964680939913 3.121479006111622 0
      vertex 142.67844423800707 2.706480005383492 0
      vertex 142.59014701992274 2.4463647916913036 0
    endloop
  endfacet
  facet normal 0 0 -1
    outer loop
      vertex 142.67844423800707 2.706480005383492 0
      vertex 141.14231872707606 3.185185016691685 0
      vertex 142.7320342078805 2.9758949965238575 0
    endloop
  endfacet
  facet normal 0 0 -1
    outer loop
      vertex 142.7320342078805 2.9758949965238575 0
      vertex 141.14231872707606 3.185185016691685 0
      vertex 141.15 3.30237856656313 0
    endloop
  endfacet
  facet normal 0 0 -1
    outer loop
      vertex 142.7320342078805 2.9758949965238575 0
      vertex 141.15 3.30237856656313 0
      vertex 142.75000000149012 3.2500000014901165 0
    endloop
  endfacet
  facet normal 0.06540313796293175 -0.9978589226662263 0
    outer loop
      vertex 140.65 1.1500000000000001 0
      vertex 140.92410500496626 1.1679657936096193 0
      vertex 140.65 1.1500000000000001 3
    endloop
  endfacet
  facet normal 0.1950903086324303 -0.9807852830654135 0
    outer loop
      vertex 140.92410500496626 1.1679657936096193 0
      vertex 141.19351999610663 1.2215557634830476 0
      vertex 140.92410500496626 1.1679657936096193 3
    endloop
  endfacet
  facet normal 0.321439468571902 -0.9469301283855178 0
    outer loop
      vertex 141.19351999610663 1.2215557634830476 0
      vertex 141.45363520979882 1.309852981567383 0
      vertex 141.19351999610663 1.2215557634830476 3
    endloop
  endfacet
  facet normal 0.44228868849403763 -0.8968727423833462 0
    outer loop
      vertex 141.45363520979882 1.309852981567383 0
      vertex 141.69999999701977 1.4313466489315034 0
      vertex 141.45363520979882 1.309852981567383 3
    endloop
  endfacet
  facet normal 0.5555702435157218 -0.8314696052892623 0
    outer loop
      vertex 141.69999999701977 1.4313466489315034 0
      vertex 141.9283989980817 1.583957986533642 0
      vertex 141.69999999701977 1.4313466489315034 3
    endloop
  endfacet
  facet normal -0.06540308585157412 0.9978589260817841 0
    outer loop
      vertex 140.597621434927 2.7500000014901165 0
      vertex 140.597621434927 2.7500000014901165 3
      vertex 140.71481497734786 2.7576812669634823 0
    endloop
  endfacet
  facet normal -0.1950903856398395 0.9807852677476854 0
    outer loop
      vertex 140.71481497734786 2.7576812669634823 0
      vertex 140.71481497734786 2.7576812669634823 3
      vertex 140.77852098792792 2.770353184640408 0
    endloop
  endfacet
  facet normal -0.32143944358164706 0.946930136868566 0
    outer loop
      vertex 140.77852098792792 2.770353184640408 0
      vertex 140.77852098792792 2.770353184640408 3
      vertex 140.84002792984248 2.79123197644949 0
    endloop
  endfacet
  facet normal -0.4422886822358343 0.8968727454695505 0
    outer loop
      vertex 140.84002792984248 2.79123197644949 0
      vertex 140.84002792984248 2.79123197644949 3
      vertex 140.89828347563744 2.8199604317545894 0
    endloop
  endfacet
  facet normal -0.5555702426199053 0.8314696058878277 0
    outer loop
      vertex 140.89828347563744 2.8199604317545894 0
      vertex 140.89828347563744 2.8199604317545894 3
      vertex 140.95229075998068 2.85604694634676 0
    endloop
  endfacet
  facet normal -0.6593457633692766 0.7518398528456616 0
    outer loop
      vertex 140.95229075998068 2.85604694634676 0
      vertex 140.95229075998068 2.85604694634676 3
      vertex 141.00112585872412 2.8988741725683216 0
    endloop
  endfacet
  facet normal -0.7518398589420089 0.6593457564177236 0
    outer loop
      vertex 141.00112585872412 2.8988741725683216 0
      vertex 141.00112585872412 2.8988741725683216 3
      vertex 141.04395302534104 2.947709204256535 0
    endloop
  endfacet
  facet normal -0.8314695885459596 0.5555702685738435 0
    outer loop
      vertex 141.04395302534104 2.947709204256535 0
      vertex 141.04395302534104 2.947709204256535 3
      vertex 141.08003956228495 3.0017165184021 0
    endloop
  endfacet
  facet normal -0.8968727679081246 0.4422886367349034 0
    outer loop
      vertex 141.08003956228495 3.0017165184021 0
      vertex 141.08003956228495 3.0017165184021 3
      vertex 141.10876801759005 3.0599720716476444 0
    endloop
  endfacet
  facet normal -0.9469301250168203 0.3214394784957648 0
    outer loop
      vertex 141.10876801759005 3.0599720716476444 0
      vertex 141.10876801759005 3.0599720716476444 3
      vertex 141.12964680939913 3.121479006111622 0
    endloop
  endfacet
  facet normal -0.9807852677476854 0.1950903856398395 0
    outer loop
      vertex 141.12964680939913 3.121479006111622 0
      vertex 141.12964680939913 3.121479006111622 3
      vertex 141.14231872707606 3.185185016691685 0
    endloop
  endfacet
  facet normal 0.6593458052496711 -0.7518398161175442 0
    outer loop
      vertex 141.9283989980817 1.583957986533642 0
      vertex 142.13492424190045 1.7650757595896722 0
      vertex 141.9283989980817 1.583957986533642 3
    endloop
  endfacet
  facet normal 0.7518398043260511 -0.6593458186952922 0
    outer loop
      vertex 142.13492424190045 1.7650757595896722 0
      vertex 142.31604201495648 1.9716009959578515 0
      vertex 142.13492424190045 1.7650757595896722 3
    endloop
  endfacet
  facet normal 0.8314696178185867 -0.5555702247642625 0
    outer loop
      vertex 142.31604201495648 1.9716009959578515 0
      vertex 142.46865334510804 2.199999997019768 0
      vertex 142.31604201495648 1.9716009959578515 3
    endloop
  endfacet
  facet normal 0.8968727369300094 -0.4422886995523108 0
    outer loop
      vertex 142.46865334510804 2.199999997019768 0
      vertex 142.59014701992274 2.4463647916913036 0
      vertex 142.46865334510804 2.199999997019768 3
    endloop
  endfacet
  facet normal 0.9469301283855178 -0.321439468571902 0
    outer loop
      vertex 142.59014701992274 2.4463647916913036 0
      vertex 142.67844423800707 2.706480005383492 0
      vertex 142.59014701992274 2.4463647916913036 3
    endloop
  endfacet
  facet normal 0.9807852830654135 -0.1950903086324303 0
    outer loop
      vertex 142.67844423800707 2.706480005383492 0
      vertex 142.7320342078805 2.9758949965238575 0
      vertex 142.67844423800707 2.706480005383492 3
    endloop
  endfacet
  facet normal 0.9978589226662263 -0.06540313796293175 0
    outer loop
      vertex 142.7320342078805 2.9758949965238575 0
      vertex 142.75000000149012 3.2500000014901165 0
      vertex 142.7320342078805 2.9758949965238575 3
    endloop
  endfacet
  facet normal -0.9978589222129309 0.06540314487888134 0
    outer loop
      vertex 141.14231872707606 3.185185016691685 0
      vertex 141.14231872707606 3.185185016691685 3
      vertex 141.15 3.30237856656313 0
    endloop
  endfacet
  facet normal 0.06540313796293175 -0.9978589226662263 0
    outer loop
      vertex 140.92410500496626 1.1679657936096193 0
      vertex 140.92410500496626 1.1679657936096193 3
      vertex 140.65 1.1500000000000001 3
    endloop
  endfacet
  facet normal 0.1950903086324303 -0.9807852830654135 0
    outer loop
      vertex 141.19351999610663 1.2215557634830476 0
      vertex 141.19351999610663 1.2215557634830476 3
      vertex 140.92410500496626 1.1679657936096193 3
    endloop
  endfacet
  facet normal 0.321439468571902 -0.9469301283855178 0
    outer loop
      vertex 141.45363520979882 1.309852981567383 0
      vertex 141.45363520979882 1.309852981567383 3
      vertex 141.19351999610663 1.2215557634830476 3
    endloop
  endfacet
  facet normal 0.44228868849403763 -0.8968727423833462 0
    outer loop
      vertex 141.69999999701977 1.4313466489315034 0
      vertex 141.69999999701977 1.4313466489315034 3
      vertex 141.45363520979882 1.309852981567383 3
    endloop
  endfacet
  facet normal 0.5555702435157218 -0.8314696052892623 0
    outer loop
      vertex 141.9283989980817 1.583957986533642 0
      vertex 141.9283989980817 1.583957986533642 3
      vertex 141.69999999701977 1.4313466489315034 3
    endloop
  endfacet
  facet normal -0.06540308585157412 0.9978589260817841 0
    outer loop
      vertex 140.71481497734786 2.7576812669634823 0
      vertex 140.597621434927 2.7500000014901165 3
      vertex 140.71481497734786 2.7576812669634823 3
    endloop
  endfacet
  facet normal -0.1950903856398395 0.9807852677476854 0
    outer loop
      vertex 140.77852098792792 2.770353184640408 0
      vertex 140.71481497734786 2.7576812669634823 3
      vertex 140.77852098792792 2.770353184640408 3
    endloop
  endfacet
  facet normal -0.4422886822358343 0.8968727454695505 0
    outer loop
      vertex 140.89828347563744 2.8199604317545894 0
      vertex 140.84002792984248 2.79123197644949 3
      vertex 140.89828347563744 2.8199604317545894 3
    endloop
  endfacet
  facet normal -0.32143944358164706 0.946930136868566 0
    outer loop
      vertex 140.84002792984248 2.79123197644949 0
      vertex 140.77852098792792 2.770353184640408 3
      vertex 140.84002792984248 2.79123197644949 3
    endloop
  endfacet
  facet normal -0.5555702426199053 0.8314696058878277 0
    outer loop
      vertex 140.95229075998068 2.85604694634676 0
      vertex 140.89828347563744 2.8199604317545894 3
      vertex 140.95229075998068 2.85604694634676 3
    endloop
  endfacet
  facet normal -0.6593457633692766 0.7518398528456616 0
    outer loop
      vertex 141.00112585872412 2.8988741725683216 0
      vertex 140.95229075998068 2.85604694634676 3
      vertex 141.00112585872412 2.8988741725683216 3
    endloop
  endfacet
  facet normal -0.7518398589420089 0.6593457564177236 0
    outer loop
      vertex 141.04395302534104 2.947709204256535 0
      vertex 141.00112585872412 2.8988741725683216 3
      vertex 141.04395302534104 2.947709204256535 3
    endloop
  endfacet
  facet normal -0.8314695885459596 0.5555702685738435 0
    outer loop
      vertex 141.08003956228495 3.0017165184021 0
      vertex 141.04395302534104 2.947709204256535 3
      vertex 141.08003956228495 3.0017165184021 3
    endloop
  endfacet
  facet normal -0.8968727679081246 0.4422886367349034 0
    outer loop
      vertex 141.10876801759005 3.0599720716476444 0
      vertex 141.08003956228495 3.0017165184021 3
      vertex 141.10876801759005 3.0599720716476444 3
    endloop
  endfacet
  facet normal -0.9469301250168203 0.3214394784957648 0
    outer loop
      vertex 141.12964680939913 3.121479006111622 0
      vertex 141.10876801759005 3.0599720716476444 3
      vertex 141.12964680939913 3.121479006111622 3
    endloop
  endfacet
  facet normal -0.9807852677476854 0.1950903856398395 0
    outer loop
      vertex 141.14231872707606 3.185185016691685 0
      vertex 141.12964680939913 3.121479006111622 3
      vertex 141.14231872707606 3.185185016691685 3
    endloop
  endfacet
  facet normal 0.6593458052496711 -0.7518398161175442 0
    outer loop
      vertex 142.13492424190045 1.7650757595896722 0
      vertex 142.13492424190045 1.7650757595896722 3
      vertex 141.9283989980817 1.583957986533642 3
    endloop
  endfacet
  facet normal 0.7518398043260511 -0.6593458186952922 0
    outer loop
      vertex 142.31604201495648 1.9716009959578515 0
      vertex 142.31604201495648 1.9716009959578515 3
      vertex 142.13492424190045 1.7650757595896722 3
    endloop
  endfacet
  facet normal 0.8314696178185867 -0.5555702247642625 0
    outer loop
      vertex 142.46865334510804 2.199999997019768 0
      vertex 142.46865334510804 2.199999997019768 3
      vertex 142.31604201495648 1.9716009959578515 3
    endloop
  endfacet
  facet normal 0.8968727369300094 -0.4422886995523108 0
    outer loop
      vertex 142.59014701992274 2.4463647916913036 0
      vertex 142.59014701992274 2.4463647916913036 3
      vertex 142.46865334510804 2.199999997019768 3
    endloop
  endfacet
  facet normal 0.9469301283855178 -0.321439468571902 0
    outer loop
      vertex 142.67844423800707 2.706480005383492 0
      vertex 142.67844423800707 2.706480005383492 3
      vertex 142.59014701992274 2.4463647916913036 3
    endloop
  endfacet
  facet normal 0.9807852830654135 -0.1950903086324303 0
    outer loop
      vertex 142.7320342078805 2.9758949965238575 0
      vertex 142.7320342078805 2.9758949965238575 3
      vertex 142.67844423800707 2.706480005383492 3
    endloop
  endfacet
  facet normal 0.9978589226662263 -0.06540313796293175 0
    outer loop
      vertex 142.75000000149012 3.2500000014901165 0
      vertex 142.75000000149012 3.2500000014901165 3
      vertex 142.7320342078805 2.9758949965238575 3
    endloop
  endfacet
  facet normal -0.9978589222129309 0.06540314487888134 0
    outer loop
      vertex 141.15 3.30237856656313 0
      vertex 141.14231872707606 3.185185016691685 3
      vertex 141.15 3.30237856656313 3
    endloop
  endfacet
  facet normal 0 0 -1
    outer loop
      vertex 141.15 3.30237856656313 0
      vertex 141.15 47.597621427476405 0
      vertex 142.75000000149012 3.2500000014901165 0
    endloop
  endfacet
  facet normal -1 0 0
    outer loop
      vertex 141.15 3.30237856656313 0
      vertex 141.15 3.30237856656313 3
      vertex 141.15 47.597621427476405 0
    endloop
  endfacet
  facet normal 1 0 0
    outer loop
      vertex 142.75000000149012 3.2500000014901165 0
      vertex 142.75000000149012 47.65 0
      vertex 142.75000000149012 3.2500000014901165 3
    endloop
  endfacet
  facet normal 0 0 -1
    outer loop
      vertex 3.2500000014901165 49.750000001490115 0
      vertex 140.65 49.750000001490115 0
      vertex 140.597621434927 48.15 0
    endloop
  endfacet
  facet normal 0 -1 0
    outer loop
      vertex 3.30237856656313 48.15 0
      vertex 140.597621434927 48.15 0
      vertex 140.597621434927 48.15 3
    endloop
  endfacet
  facet normal 0 1 0
    outer loop
      vertex 3.2500000014901165 49.750000001490115 0
      vertex 140.65 49.750000001490115 3
      vertex 140.65 49.750000001490115 0
    endloop
  endfacet
  facet normal 0 0 -1
    outer loop
      vertex 142.75000000149012 3.2500000014901165 0
      vertex 141.15 47.597621427476405 0
      vertex 142.75000000149012 47.65 0
    endloop
  endfacet
  facet normal -1 0 0
    outer loop
      vertex 141.15 3.30237856656313 3
      vertex 141.15 47.597621427476405 3
      vertex 141.15 47.597621427476405 0
    endloop
  endfacet
  facet normal 1 0 0
    outer loop
      vertex 142.75000000149012 3.2500000014901165 3
      vertex 142.75000000149012 47.65 0
      vertex 142.75000000149012 47.65 3
    endloop
  endfacet
  facet normal 0 0 -1
    outer loop
      vertex 141.14231872707606 47.71481497734785 0
      vertex 141.12964680939913 47.77852098792791 0
      vertex 142.67844423800707 48.19351999610662 0
    endloop
  endfacet
  facet normal 0 0 -1
    outer loop
      vertex 141.12964680939913 47.77852098792791 0
      vertex 141.10876802504063 47.84002791494131 0
      vertex 142.59014701992274 48.45363520979881 0
    endloop
  endfacet
  facet normal 0 0 -1
    outer loop
      vertex 141.08003956228495 47.89828346073627 0
      vertex 142.46865334510804 48.699999997019766 0
      vertex 141.10876802504063 47.84002791494131 0
    endloop
  endfacet
  facet normal 0 0 -1
    outer loop
      vertex 141.08003956228495 47.89828346073627 0
      vertex 141.04395302534104 47.952290789783 0
      vertex 142.31604201495648 48.92839899808168 0
    endloop
  endfacet
  facet normal 0 0 -1
    outer loop
      vertex 141.00112583637238 48.001125836372374 0
      vertex 140.952290789783 48.04395302534103 0
      vertex 141.9283989980817 49.31604201495647 0
    endloop
  endfacet
  facet normal 0 0 -1
    outer loop
      vertex 141.04395302534104 47.952290789783 0
      vertex 141.00112583637238 48.001125836372374 0
      vertex 142.13492424190045 49.13492424190044 0
    endloop
  endfacet
  facet normal 0 0 -1
    outer loop
      vertex 140.597621434927 48.15 0
      vertex 140.65 49.750000001490115 0
      vertex 140.71481497734786 48.14231872707605 0
    endloop
  endfacet
  facet normal 0 0 -1
    outer loop
      vertex 140.77852098792792 48.12964680939913 0
      vertex 140.71481497734786 48.14231872707605 0
      vertex 140.92410500496626 49.732034207880496 0
    endloop
  endfacet
  facet normal 0 0 -1
    outer loop
      vertex 140.89828346073628 48.080039562284945 0
      vertex 140.84002791494132 48.108768025040625 0
      vertex 141.45363520979882 49.59014701992273 0
    endloop
  endfacet
  facet normal 0 0 -1
    outer loop
      vertex 140.84002791494132 48.108768025040625 0
      vertex 140.77852098792792 48.12964680939913 0
      vertex 141.19351999610663 49.67844423800707 0
    endloop
  endfacet
  facet normal 0 0 -1
    outer loop
      vertex 140.89828346073628 48.080039562284945 0
      vertex 141.69999999701977 49.46865334510803 0
      vertex 140.952290789783 48.04395302534103 0
    endloop
  endfacet
  facet normal 0 0 -1
    outer loop
      vertex 140.71481497734786 48.14231872707605 0
      vertex 140.65 49.750000001490115 0
      vertex 140.92410500496626 49.732034207880496 0
    endloop
  endfacet
  facet normal 0 0 -1
    outer loop
      vertex 140.77852098792792 48.12964680939913 0
      vertex 140.92410500496626 49.732034207880496 0
      vertex 141.19351999610663 49.67844423800707 0
    endloop
  endfacet
  facet normal 0 0 -1
    outer loop
      vertex 140.89828346073628 48.080039562284945 0
      vertex 141.45363520979882 49.59014701992273 0
      vertex 141.69999999701977 49.46865334510803 0
    endloop
  endfacet
  facet normal 0 0 -1
    outer loop
      vertex 140.952290789783 48.04395302534103 0
      vertex 141.69999999701977 49.46865334510803 0
      vertex 141.9283989980817 49.31604201495647 0
    endloop
  endfacet
  facet normal 0 0 -1
    outer loop
      vertex 140.84002791494132 48.108768025040625 0
      vertex 141.19351999610663 49.67844423800707 0
      vertex 141.45363520979882 49.59014701992273 0
    endloop
  endfacet
  facet normal 0 0 -1
    outer loop
      vertex 141.15 47.597621427476405 0
      vertex 141.14231872707606 47.71481497734785 0
      vertex 142.7320342078805 47.92410500496626 0
    endloop
  endfacet
  facet normal 0 0 -1
    outer loop
      vertex 141.15 47.597621427476405 0
      vertex 142.7320342078805 47.92410500496626 0
      vertex 142.75000000149012 47.65 0
    endloop
  endfacet
  facet normal 0 0 -1
    outer loop
      vertex 141.14231872707606 47.71481497734785 0
      vertex 142.67844423800707 48.19351999610662 0
      vertex 142.7320342078805 47.92410500496626 0
    endloop
  endfacet
  facet normal 0 0 -1
    outer loop
      vertex 141.12964680939913 47.77852098792791 0
      vertex 142.59014701992274 48.45363520979881 0
      vertex 142.67844423800707 48.19351999610662 0
    endloop
  endfacet
  facet normal 0 0 -1
    outer loop
      vertex 141.10876802504063 47.84002791494131 0
      vertex 142.46865334510804 48.699999997019766 0
      vertex 142.59014701992274 48.45363520979881 0
    endloop
  endfacet
  facet normal 0 0 -1
    outer loop
      vertex 141.08003956228495 47.89828346073627 0
      vertex 142.31604201495648 48.92839899808168 0
      vertex 142.46865334510804 48.699999997019766 0
    endloop
  endfacet
  facet normal 0 0 -1
    outer loop
      vertex 141.04395302534104 47.952290789783 0
      vertex 142.13492424190045 49.13492424190044 0
      vertex 142.31604201495648 48.92839899808168 0
    endloop
  endfacet
  facet normal 0 0 -1
    outer loop
      vertex 141.00112583637238 48.001125836372374 0
      vertex 141.9283989980817 49.31604201495647 0
      vertex 142.13492424190045 49.13492424190044 0
    endloop
  endfacet
  facet normal -0.9978589222129309 -0.06540314487888134 0
    outer loop
      vertex 141.15 47.597621427476405 0
      vertex 141.15 47.597621427476405 3
      vertex 141.14231872707606 47.71481497734785 0
    endloop
  endfacet
  facet normal -0.8314696593554993 -0.5555701625998737 0
    outer loop
      vertex 141.08003956228495 47.89828346073627 0
      vertex 141.08003956228495 47.89828346073627 3
      vertex 141.04395302534104 47.952290789783 0
    endloop
  endfacet
  facet normal -0.7518397880892199 -0.6593458372098491 0
    outer loop
      vertex 141.04395302534104 47.952290789783 0
      vertex 141.04395302534104 47.952290789783 3
      vertex 141.00112583637238 48.001125836372374 0
    endloop
  endfacet
  facet normal -0.6593458372098491 -0.7518397880892199 0
    outer loop
      vertex 141.00112583637238 48.001125836372374 0
      vertex 141.00112583637238 48.001125836372374 3
      vertex 140.952290789783 48.04395302534103 0
    endloop
  endfacet
  facet normal -0.5555701625998737 -0.8314696593554993 0
    outer loop
      vertex 140.89828346073628 48.080039562284945 0
      vertex 140.952290789783 48.04395302534103 0
      vertex 140.952290789783 48.04395302534103 3
    endloop
  endfacet
  facet normal -0.32143941055619546 -0.9469301480791946 0
    outer loop
      vertex 140.84002791494132 48.108768025040625 0
      vertex 140.84002791494132 48.108768025040625 3
      vertex 140.77852098792792 48.12964680939913 0
    endloop
  endfacet
  facet normal -0.4422887745025982 -0.8968726999686132 0
    outer loop
      vertex 140.89828346073628 48.080039562284945 0
      vertex 140.89828346073628 48.080039562284945 3
      vertex 140.84002791494132 48.108768025040625 0
    endloop
  endfacet
  facet normal -0.9807852677476854 -0.1950903856398395 0
    outer loop
      vertex 141.14231872707606 47.71481497734785 0
      vertex 141.14231872707606 47.71481497734785 3
      vertex 141.12964680939913 47.77852098792791 0
    endloop
  endfacet
  facet normal -0.9469301480791946 -0.32143941055619546 0
    outer loop
      vertex 141.12964680939913 47.77852098792791 0
      vertex 141.12964680939913 47.77852098792791 3
      vertex 141.10876802504063 47.84002791494131 0
    endloop
  endfacet
  facet normal -0.8968726999686132 -0.4422887745025982 0
    outer loop
      vertex 141.08003956228495 47.89828346073627 0
      vertex 141.10876802504063 47.84002791494131 0
      vertex 141.10876802504063 47.84002791494131 3
    endloop
  endfacet
  facet normal -0.1950903856398395 -0.9807852677476854 0
    outer loop
      vertex 140.77852098792792 48.12964680939913 0
      vertex 140.77852098792792 48.12964680939913 3
      vertex 140.71481497734786 48.14231872707605 0
    endloop
  endfacet
  facet normal -0.06540314901910074 -0.9978589219415664 0
    outer loop
      vertex 140.597621434927 48.15 0
      vertex 140.71481497734786 48.14231872707605 0
      vertex 140.71481497734786 48.14231872707605 3
    endloop
  endfacet
  facet normal 0.9978589226662263 0.06540313796293175 0
    outer loop
      vertex 142.75000000149012 47.65 0
      vertex 142.7320342078805 47.92410500496626 0
      vertex 142.75000000149012 47.65 3
    endloop
  endfacet
  facet normal 0.9807852830654135 0.1950903086324303 0
    outer loop
      vertex 142.7320342078805 47.92410500496626 0
      vertex 142.67844423800707 48.19351999610662 0
      vertex 142.7320342078805 47.92410500496626 3
    endloop
  endfacet
  facet normal 0.9469301283855178 0.321439468571902 0
    outer loop
      vertex 142.67844423800707 48.19351999610662 0
      vertex 142.59014701992274 48.45363520979881 0
      vertex 142.67844423800707 48.19351999610662 3
    endloop
  endfacet
  facet normal 0.8968727316241712 0.4422887103114857 0
    outer loop
      vertex 142.59014701992274 48.45363520979881 0
      vertex 142.46865334510804 48.699999997019766 0
      vertex 142.59014701992274 48.45363520979881 3
    endloop
  endfacet
  facet normal 0.8314696178185865 0.555570224764263 0
    outer loop
      vertex 142.46865334510804 48.699999997019766 0
      vertex 142.31604201495648 48.92839899808168 0
      vertex 142.46865334510804 48.699999997019766 3
    endloop
  endfacet
  facet normal 0.6593458052496711 0.7518398161175442 0
    outer loop
      vertex 142.13492424190045 49.13492424190044 0
      vertex 141.9283989980817 49.31604201495647 0
      vertex 142.13492424190045 49.13492424190044 3
    endloop
  endfacet
  facet normal 0.7518398161175442 0.6593458052496711 0
    outer loop
      vertex 142.13492424190045 49.13492424190044 0
      vertex 142.31604201495648 48.92839899808168 3
      vertex 142.31604201495648 48.92839899808168 0
    endloop
  endfacet
  facet normal 0.1950903086324303 0.9807852830654135 0
    outer loop
      vertex 141.19351999610663 49.67844423800707 0
      vertex 140.92410500496626 49.732034207880496 0
      vertex 141.19351999610663 49.67844423800707 3
    endloop
  endfacet
  facet normal 0.321439468571902 0.9469301283855178 0
    outer loop
      vertex 141.19351999610663 49.67844423800707 0
      vertex 141.45363520979882 49.59014701992273 3
      vertex 141.45363520979882 49.59014701992273 0
    endloop
  endfacet
  facet normal 0.4422887103114857 0.8968727316241712 0
    outer loop
      vertex 141.45363520979882 49.59014701992273 0
      vertex 141.69999999701977 49.46865334510803 3
      vertex 141.69999999701977 49.46865334510803 0
    endloop
  endfacet
  facet normal 0.06540313796293175 0.9978589226662263 0
    outer loop
      vertex 140.65 49.750000001490115 0
      vertex 140.92410500496626 49.732034207880496 3
      vertex 140.92410500496626 49.732034207880496 0
    endloop
  endfacet
  facet normal 0.555570224764263 0.8314696178185865 0
    outer loop
      vertex 141.9283989980817 49.31604201495647 0
      vertex 141.69999999701977 49.46865334510803 0
      vertex 141.9283989980817 49.31604201495647 3
    endloop
  endfacet
  facet normal -0.9978589222129309 -0.06540314487888134 0
    outer loop
      vertex 141.14231872707606 47.71481497734785 0
      vertex 141.15 47.597621427476405 3
      vertex 141.14231872707606 47.71481497734785 3
    endloop
  endfacet
  facet normal -0.8314696593554993 -0.5555701625998737 0
    outer loop
      vertex 141.04395302534104 47.952290789783 0
      vertex 141.08003956228495 47.89828346073627 3
      vertex 141.04395302534104 47.952290789783 3
    endloop
  endfacet
  facet normal -0.7518397880892199 -0.6593458372098491 0
    outer loop
      vertex 141.00112583637238 48.001125836372374 0
      vertex 141.04395302534104 47.952290789783 3
      vertex 141.00112583637238 48.001125836372374 3
    endloop
  endfacet
  facet normal -0.5555701625998737 -0.8314696593554993 0
    outer loop
      vertex 140.89828346073628 48.080039562284945 0
      vertex 140.952290789783 48.04395302534103 3
      vertex 140.89828346073628 48.080039562284945 3
    endloop
  endfacet
  facet normal -0.4422887745025982 -0.8968726999686132 0
    outer loop
      vertex 140.84002791494132 48.108768025040625 0
      vertex 140.89828346073628 48.080039562284945 3
      vertex 140.84002791494132 48.108768025040625 3
    endloop
  endfacet
  facet normal -0.6593458372098491 -0.7518397880892199 0
    outer loop
      vertex 140.952290789783 48.04395302534103 0
      vertex 141.00112583637238 48.001125836372374 3
      vertex 140.952290789783 48.04395302534103 3
    endloop
  endfacet
  facet normal -0.9807852677476854 -0.1950903856398395 0
    outer loop
      vertex 141.12964680939913 47.77852098792791 0
      vertex 141.14231872707606 47.71481497734785 3
      vertex 141.12964680939913 47.77852098792791 3
    endloop
  endfacet
  facet normal -0.9469301480791946 -0.32143941055619546 0
    outer loop
      vertex 141.10876802504063 47.84002791494131 0
      vertex 141.12964680939913 47.77852098792791 3
      vertex 141.10876802504063 47.84002791494131 3
    endloop
  endfacet
  facet normal -0.8968726999686132 -0.4422887745025982 0
    outer loop
      vertex 141.08003956228495 47.89828346073627 0
      vertex 141.10876802504063 47.84002791494131 3
      vertex 141.08003956228495 47.89828346073627 3
    endloop
  endfacet
  facet normal -0.06540314901910074 -0.9978589219415664 0
    outer loop
      vertex 140.597621434927 48.15 0
      vertex 140.71481497734786 48.14231872707605 3
      vertex 140.597621434927 48.15 3
    endloop
  endfacet
  facet normal -0.32143941055619546 -0.9469301480791946 0
    outer loop
      vertex 140.77852098792792 48.12964680939913 0
      vertex 140.84002791494132 48.108768025040625 3
      vertex 140.77852098792792 48.12964680939913 3
    endloop
  endfacet
  facet normal -0.1950903856398395 -0.9807852677476854 0
    outer loop
      vertex 140.71481497734786 48.14231872707605 0
      vertex 140.77852098792792 48.12964680939913 3
      vertex 140.71481497734786 48.14231872707605 3
    endloop
  endfacet
  facet normal 0.9978589226662263 0.06540313796293175 0
    outer loop
      vertex 142.7320342078805 47.92410500496626 0
      vertex 142.7320342078805 47.92410500496626 3
      vertex 142.75000000149012 47.65 3
    endloop
  endfacet
  facet normal 0.9807852830654135 0.1950903086324303 0
    outer loop
      vertex 142.67844423800707 48.19351999610662 0
      vertex 142.67844423800707 48.19351999610662 3
      vertex 142.7320342078805 47.92410500496626 3
    endloop
  endfacet
  facet normal 0.9469301283855178 0.321439468571902 0
    outer loop
      vertex 142.59014701992274 48.45363520979881 0
      vertex 142.59014701992274 48.45363520979881 3
      vertex 142.67844423800707 48.19351999610662 3
    endloop
  endfacet
  facet normal 0.8968727316241712 0.4422887103114857 0
    outer loop
      vertex 142.46865334510804 48.699999997019766 0
      vertex 142.46865334510804 48.699999997019766 3
      vertex 142.59014701992274 48.45363520979881 3
    endloop
  endfacet
  facet normal 0.8314696178185865 0.555570224764263 0
    outer loop
      vertex 142.31604201495648 48.92839899808168 0
      vertex 142.31604201495648 48.92839899808168 3
      vertex 142.46865334510804 48.699999997019766 3
    endloop
  endfacet
  facet normal 0.7518398161175442 0.6593458052496711 0
    outer loop
      vertex 142.13492424190045 49.13492424190044 0
      vertex 142.13492424190045 49.13492424190044 3
      vertex 142.31604201495648 48.92839899808168 3
    endloop
  endfacet
  facet normal 0.6593458052496711 0.7518398161175442 0
    outer loop
      vertex 141.9283989980817 49.31604201495647 0
      vertex 141.9283989980817 49.31604201495647 3
      vertex 142.13492424190045 49.13492424190044 3
    endloop
  endfacet
  facet normal 0.321439468571902 0.9469301283855178 0
    outer loop
      vertex 141.19351999610663 49.67844423800707 0
      vertex 141.19351999610663 49.67844423800707 3
      vertex 141.45363520979882 49.59014701992273 3
    endloop
  endfacet
  facet normal 0.4422887103114857 0.8968727316241712 0
    outer loop
      vertex 141.45363520979882 49.59014701992273 0
      vertex 141.45363520979882 49.59014701992273 3
      vertex 141.69999999701977 49.46865334510803 3
    endloop
  endfacet
  facet normal 0.06540313796293175 0.9978589226662263 0
    outer loop
      vertex 140.65 49.750000001490115 0
      vertex 140.65 49.750000001490115 3
      vertex 140.92410500496626 49.732034207880496 3
    endloop
  endfacet
  facet normal 0.1950903086324303 0.9807852830654135 0
    outer loop
      vertex 140.92410500496626 49.732034207880496 0
      vertex 140.92410500496626 49.732034207880496 3
      vertex 141.19351999610663 49.67844423800707 3
    endloop
  endfacet
  facet normal 0.555570224764263 0.8314696178185865 0
    outer loop
      vertex 141.69999999701977 49.46865334510803 0
      vertex 141.69999999701977 49.46865334510803 3
      vertex 141.9283989980817 49.31604201495647 3
    endloop
  endfacet
  facet normal 0 0 -1
    outer loop
      vertex 2.2235428616404533 0.10222252458333969 3
      vertex 1.8519496992230415 0.22836140543222427 3
      vertex 2.199999997019768 1.4313466489315034 3
    endloop
  endfacet
  facet normal 0 0 -1
    outer loop
      vertex 1.1737157106399536 0.6199399754405022 3
      vertex 0.8786796554923058 0.8786796554923058 3
      vertex 1.1500000000000001 3.2500000014901165 3
    endloop
  endfacet
  facet normal 0 0 -1
    outer loop
      vertex 1.5 0.4019237905740738 3
      vertex 1.1737157106399536 0.6199399754405022 3
      vertex 1.4313466489315034 2.199999997019768 3
    endloop
  endfacet
  facet normal 0 0 -1
    outer loop
      vertex 1.8519496992230415 0.22836140543222427 3
      vertex 1.5 0.4019237905740738 3
      vertex 1.7650757595896722 1.7650757595896722 3
    endloop
  endfacet
  facet normal 0 0 -1
    outer loop
      vertex 1.8519496992230415 0.22836140543222427 3
      vertex 1.7650757595896722 1.7650757595896722 3
      vertex 1.9716009959578515 1.583957986533642 3
    endloop
  endfacet
  facet normal 0 0 -1
    outer loop
      vertex 1.8519496992230415 0.22836140543222427 3
      vertex 1.9716009959578515 1.583957986533642 3
      vertex 2.199999997019768 1.4313466489315034 3
    endloop
  endfacet
  facet normal 0 0 -1
    outer loop
      vertex 1.5 0.4019237905740738 3
      vertex 1.583957986533642 1.9716009959578515 3
      vertex 1.7650757595896722 1.7650757595896722 3
    endloop
  endfacet
  facet normal 0 0 -1
    outer loop
      vertex 1.5 0.4019237905740738 3
      vertex 1.4313466489315034 2.199999997019768 3
      vertex 1.583957986533642 1.9716009959578515 3
    endloop
  endfacet
  facet normal 0 0 -1
    outer loop
      vertex 2.2235428616404533 0.10222252458333969 3
      vertex 2.4463647916913036 1.309852981567383 3
      vertex 2.6084214225411415 0.025665417313575745 3
    endloop
  endfacet
  facet normal 0 0 -1
    outer loop
      vertex 2.6084214225411415 0.025665417313575745 3
      vertex 2.9758949965238575 1.1679657936096193 3
      vertex 3 0 3
    endloop
  endfacet
  facet normal 0 0 -1
    outer loop
      vertex 3 0 3
      vertex 2.9758949965238575 1.1679657936096193 3
      vertex 3.2500000014901165 1.1500000000000001 3
    endloop
  endfacet
  facet normal 0 0 -1
    outer loop
      vertex 2.2235428616404533 0.10222252458333969 3
      vertex 2.199999997019768 1.4313466489315034 3
      vertex 2.4463647916913036 1.309852981567383 3
    endloop
  endfacet
  facet normal 0 0 -1
    outer loop
      vertex 2.6084214225411415 0.025665417313575745 3
      vertex 2.4463647916913036 1.309852981567383 3
      vertex 2.706480005383492 1.2215557634830476 3
    endloop
  endfacet
  facet normal 0 0 -1
    outer loop
      vertex 2.6084214225411415 0.025665417313575745 3
      vertex 2.706480005383492 1.2215557634830476 3
      vertex 2.9758949965238575 1.1679657936096193 3
    endloop
  endfacet
  facet normal 0 0 -1
    outer loop
      vertex 1.1737157106399536 0.6199399754405022 3
      vertex 1.309852981567383 2.4463647916913036 3
      vertex 1.4313466489315034 2.199999997019768 3
    endloop
  endfacet
  facet normal 0 0 -1
    outer loop
      vertex 1.1737157106399536 0.6199399754405022 3
      vertex 1.2215557634830476 2.706480005383492 3
      vertex 1.309852981567383 2.4463647916913036 3
    endloop
  endfacet
  facet normal 0 0 -1
    outer loop
      vertex 1.1737157106399536 0.6199399754405022 3
      vertex 1.1679657936096193 2.9758949965238575 3
      vertex 1.2215557634830476 2.706480005383492 3
    endloop
  endfacet
  facet normal 0 0 -1
    outer loop
      vertex 1.1737157106399536 0.6199399754405022 3
      vertex 1.1500000000000001 3.2500000014901165 3
      vertex 1.1679657936096193 2.9758949965238575 3
    endloop
  endfacet
  facet normal 0 0 -1
    outer loop
      vertex 2.85604694634676 2.9477092266082767 3
      vertex 2.819960424304009 3.0017165184021 3
      vertex 2.7500000014901165 3.30237856656313 3
    endloop
  endfacet
  facet normal 0 0 -1
    outer loop
      vertex 2.7912319839000705 3.0599720343947414 3
      vertex 2.7500000014901165 3.30237856656313 3
      vertex 2.819960424304009 3.0017165184021 3
    endloop
  endfacet
  facet normal 0 0 -1
    outer loop
      vertex 2.7912319839000705 3.0599720343947414 3
      vertex 2.770353184640408 3.121479006111622 3
      vertex 2.7500000014901165 3.30237856656313 3
    endloop
  endfacet
  facet normal 0 0 -1
    outer loop
      vertex 2.9477092266082767 2.85604694634676 3
      vertex 2.7500000014901165 3.30237856656313 3
      vertex 3.0017165184021 2.819960424304009 3
    endloop
  endfacet
  facet normal 0 0 -1
    outer loop
      vertex 2.9477092266082767 2.85604694634676 3
      vertex 2.8988741576671604 2.8988741576671604 3
      vertex 2.7500000014901165 3.30237856656313 3
    endloop
  endfacet
  facet normal 0 0 -1
    outer loop
      vertex 2.8988741576671604 2.8988741576671604 3
      vertex 2.85604694634676 2.9477092266082767 3
      vertex 2.7500000014901165 3.30237856656313 3
    endloop
  endfacet
  facet normal 0 0 -1
    outer loop
      vertex 2.770353184640408 3.121479006111622 3
      vertex 2.7576812669634823 3.185185016691685 3
      vertex 2.7500000014901165 3.30237856656313 3
    endloop
  endfacet
  facet normal -0.6593458207943228 -0.7518398024852507 0
    outer loop
      vertex 1.1737157106399536 0.6199399754405022 3
      vertex 0.8786796554923058 0.8786796554923058 5.2
      vertex 0.8786796554923058 0.8786796554923058 3
    endloop
  endfacet
  facet normal -0.4422886918115197 -0.8968727407473451 0
    outer loop
      vertex 1.8519496992230415 0.22836140543222427 3
      vertex 1.5 0.4019237905740738 5.2
      vertex 1.5 0.4019237905740738 3
    endloop
  endfacet
  facet normal -0.32143946370773846 -0.9469301300366788 0
    outer loop
      vertex 2.2235428616404533 0.10222252458333969 3
      vertex 1.8519496992230415 0.22836140543222427 5.2
      vertex 1.8519496992230415 0.22836140543222427 3
    endloop
  endfacet
  facet normal -0.5555702203832522 -0.8314696207458843 0
    outer loop
      vertex 1.5 0.4019237905740738 3
      vertex 1.1737157106399536 0.6199399754405022 5.2
      vertex 1.1737157106399536 0.6199399754405022 3
    endloop
  endfacet
  facet normal -0.7518398024852507 -0.6593458207943228 0
    outer loop
      vertex 0.8786796554923058 0.8786796554923058 3
      vertex 0.6199399754405022 1.1737157106399536 5.2
      vertex 0.6199399754405022 1.1737157106399536 3
    endloop
  endfacet
  facet normal -0.8314696207458843 -0.5555702203832522 0
    outer loop
      vertex 0.6199399754405022 1.1737157106399536 3
      vertex 0.4019237905740738 1.5 5.2
      vertex 0.4019237905740738 1.5 3
    endloop
  endfacet
  facet normal -0.19509032585814412 -0.980785279639006 0
    outer loop
      vertex 2.2235428616404533 0.10222252458333969 3
      vertex 2.6084214225411415 0.025665417313575745 3
      vertex 2.2235428616404533 0.10222252458333969 5.2
    endloop
  endfacet
  facet normal -0.06540313273849394 -0.997858923008654 0
    outer loop
      vertex 2.6084214225411415 0.025665417313575745 3
      vertex 3 0 3
      vertex 2.6084214225411415 0.025665417313575745 5.2
    endloop
  endfacet
  facet normal -0.8968727407473451 -0.4422886918115197 0
    outer loop
      vertex 0.4019237905740738 1.5 3
      vertex 0.22836140543222427 1.8519496992230415 5.2
      vertex 0.22836140543222427 1.8519496992230415 3
    endloop
  endfacet
  facet normal -0.9469301300366788 -0.32143946370773846 0
    outer loop
      vertex 0.22836140543222427 1.8519496992230415 3
      vertex 0.10222252458333969 2.2235428616404533 5.2
      vertex 0.10222252458333969 2.2235428616404533 3
    endloop
  endfacet
  facet normal -0.980785279639006 -0.19509032585814412 0
    outer loop
      vertex 0.10222252458333969 2.2235428616404533 3
      vertex 0.025665417313575745 2.6084214225411415 5.2
      vertex 0.025665417313575745 2.6084214225411415 3
    endloop
  endfacet
  facet normal -0.997858923008654 -0.06540313273849394 0
    outer loop
      vertex 0.025665417313575745 2.6084214225411415 3
      vertex 0 3 5.2
      vertex 0 3 3
    endloop
  endfacet
  facet normal -0.6593458207943228 -0.7518398024852507 0
    outer loop
      vertex 1.1737157106399536 0.6199399754405022 3
      vertex 1.1737157106399536 0.6199399754405022 5.2
      vertex 0.8786796554923058 0.8786796554923058 5.2
    endloop
  endfacet
  facet normal -0.32143946370773846 -0.9469301300366788 0
    outer loop
      vertex 2.2235428616404533 0.10222252458333969 3
      vertex 2.2235428616404533 0.10222252458333969 5.2
      vertex 1.8519496992230415 0.22836140543222427 5.2
    endloop
  endfacet
  facet normal -0.4422886918115197 -0.8968727407473451 0
    outer loop
      vertex 1.8519496992230415 0.22836140543222427 3
      vertex 1.8519496992230415 0.22836140543222427 5.2
      vertex 1.5 0.4019237905740738 5.2
    endloop
  endfacet
  facet normal -0.5555702203832522 -0.8314696207458843 0
    outer loop
      vertex 1.5 0.4019237905740738 3
      vertex 1.5 0.4019237905740738 5.2
      vertex 1.1737157106399536 0.6199399754405022 5.2
    endloop
  endfacet
  facet normal -0.7518398024852507 -0.6593458207943228 0
    outer loop
      vertex 0.8786796554923058 0.8786796554923058 3
      vertex 0.8786796554923058 0.8786796554923058 5.2
      vertex 0.6199399754405022 1.1737157106399536 5.2
    endloop
  endfacet
  facet normal -0.8314696207458843 -0.5555702203832522 0
    outer loop
      vertex 0.6199399754405022 1.1737157106399536 3
      vertex 0.6199399754405022 1.1737157106399536 5.2
      vertex 0.4019237905740738 1.5 5.2
    endloop
  endfacet
  facet normal -0.19509032585814412 -0.980785279639006 0
    outer loop
      vertex 2.6084214225411415 0.025665417313575745 3
      vertex 2.6084214225411415 0.025665417313575745 5.2
      vertex 2.2235428616404533 0.10222252458333969 5.2
    endloop
  endfacet
  facet normal -0.06540313273849394 -0.997858923008654 0
    outer loop
      vertex 3 0 3
      vertex 3 0 5.2
      vertex 2.6084214225411415 0.025665417313575745 5.2
    endloop
  endfacet
  facet normal -0.8968727407473451 -0.4422886918115197 0
    outer loop
      vertex 0.4019237905740738 1.5 3
      vertex 0.4019237905740738 1.5 5.2
      vertex 0.22836140543222427 1.8519496992230415 5.2
    endloop
  endfacet
  facet normal -0.9469301300366788 -0.32143946370773846 0
    outer loop
      vertex 0.22836140543222427 1.8519496992230415 3
      vertex 0.22836140543222427 1.8519496992230415 5.2
      vertex 0.10222252458333969 2.2235428616404533 5.2
    endloop
  endfacet
  facet normal -0.980785279639006 -0.19509032585814412 0
    outer loop
      vertex 0.10222252458333969 2.2235428616404533 3
      vertex 0.10222252458333969 2.2235428616404533 5.2
      vertex 0.025665417313575745 2.6084214225411415 5.2
    endloop
  endfacet
  facet normal -0.997858923008654 -0.06540313273849394 0
    outer loop
      vertex 0.025665417313575745 2.6084214225411415 3
      vertex 0.025665417313575745 2.6084214225411415 5.2
      vertex 0 3 5.2
    endloop
  endfacet
  facet normal 0 0 -1
    outer loop
      vertex 0.6199399754405022 1.1737157106399536 3
      vertex 0.4019237905740738 1.5 3
      vertex 0.4019237905740738 49.399999998509884 3
    endloop
  endfacet
  facet normal 0 0 -1
    outer loop
      vertex 0.4019237905740738 1.5 3
      vertex 0.22836140543222427 1.8519496992230415 3
      vertex 0.22836140543222427 49.04805029928684 3
    endloop
  endfacet
  facet normal 0 0 -1
    outer loop
      vertex 0.8786796554923058 0.8786796554923058 3
      vertex 0.6199399754405022 1.1737157106399536 3
      vertex 0.6199399754405022 49.72628428786993 3
    endloop
  endfacet
  facet normal 0 0 -1
    outer loop
      vertex 0.8786796554923058 0.8786796554923058 3
      vertex 1.1500000000000001 47.65 3
      vertex 1.1500000000000001 3.2500000014901165 3
    endloop
  endfacet
  facet normal 0 0 -1
    outer loop
      vertex 0.22836140543222427 1.8519496992230415 3
      vertex 0.10222252458333969 2.2235428616404533 3
      vertex 0.10222252458333969 48.67645713686943 3
    endloop
  endfacet
  facet normal 0 0 -1
    outer loop
      vertex 0.10222252458333969 2.2235428616404533 3
      vertex 0.025665417313575745 2.6084214225411415 3
      vertex 0.025665417313575745 48.29157857596874 3
    endloop
  endfacet
  facet normal 0 0 -1
    outer loop
      vertex 0.025665417313575745 2.6084214225411415 3
      vertex 0 3 3
      vertex 0 47.899999998509884 3
    endloop
  endfacet
  facet normal 0 0 -1
    outer loop
      vertex 3.121479006111622 2.770353184640408 3
      vertex 3.0599720343947414 2.7912319839000705 3
      vertex 3.0599720716476444 48.108768017590045 3
    endloop
  endfacet
  facet normal 0 0 -1
    outer loop
      vertex 3.185185016691685 2.7576812669634823 3
      vertex 3.185185016691685 48.14231872707605 3
      vertex 3.30237856656313 2.7500000014901165 3
    endloop
  endfacet
  facet normal 0 0 -1
    outer loop
      vertex 3.121479006111622 2.770353184640408 3
      vertex 3.121479006111622 48.12964680939913 3
      vertex 3.185185016691685 2.7576812669634823 3
    endloop
  endfacet
  facet normal 0 0 -1
    outer loop
      vertex 3.0017165184021 2.819960424304009 3
      vertex 3.0017165184021 48.080039562284945 3
      vertex 3.0599720343947414 2.7912319839000705 3
    endloop
  endfacet
  facet normal 0 0 -1
    outer loop
      vertex 3.0017165184021 2.819960424304009 3
      vertex 2.7500000014901165 3.30237856656313 3
      vertex 2.947709204256535 48.04395302534103 3
    endloop
  endfacet
  facet normal 0 0 -1
    outer loop
      vertex 3.30237856656313 2.7500000014901165 3
      vertex 3.30237856656313 48.15 3
      vertex 99.45 6.2 3
    endloop
  endfacet
  facet normal -1 0 0
    outer loop
      vertex 0 3 3
      vertex 0 3 5.2
      vertex 0 47.899999998509884 5.2
    endloop
  endfacet
  facet normal 0 0 1
    outer loop
      vertex 0.6199399754405022 1.1737157106399536 5.2
      vertex 0.4019237905740738 49.399999998509884 5.2
      vertex 0.4019237905740738 1.5 5.2
    endloop
  endfacet
  facet normal 0 0 1
    outer loop
      vertex 0.4019237905740738 1.5 5.2
      vertex 0.22836140543222427 49.04805029928684 5.2
      vertex 0.22836140543222427 1.8519496992230415 5.2
    endloop
  endfacet
  facet normal 0 0 1
    outer loop
      vertex 0.8786796554923058 0.8786796554923058 5.2
      vertex 0.6199399754405022 49.72628428786993 5.2
      vertex 0.6199399754405022 1.1737157106399536 5.2
    endloop
  endfacet
  facet normal 0 0 1
    outer loop
      vertex 1.1737157106399536 0.6199399754405022 5.2
      vertex 0.8786796554923058 50.02132034301758 5.2
      vertex 0.8786796554923058 0.8786796554923058 5.2
    endloop
  endfacet
  facet normal 0 0 1
    outer loop
      vertex 1.8519496992230415 0.22836140543222427 5.2
      vertex 1.5 50.49807620793581 5.2
      vertex 1.5 0.4019237905740738 5.2
    endloop
  endfacet
  facet normal 0 0 1
    outer loop
      vertex 2.2235428616404533 0.10222252458333969 5.2
      vertex 1.8519496992230415 50.67163860052824 5.2
      vertex 1.8519496992230415 0.22836140543222427 5.2
    endloop
  endfacet
  facet normal 0 0 1
    outer loop
      vertex 1.5 0.4019237905740738 5.2
      vertex 1.1737157106399536 50.28006002306938 5.2
      vertex 1.1737157106399536 0.6199399754405022 5.2
    endloop
  endfacet
  facet normal 0 0 1
    outer loop
      vertex 2.2235428616404533 0.10222252458333969 5.2
      vertex 2.6084214225411415 0.025665417313575745 5.2
      vertex 2.2235428616404533 50.797777481377125 5.2
    endloop
  endfacet
  facet normal 0 0 1
    outer loop
      vertex 2.6084214225411415 0.025665417313575745 5.2
      vertex 3 0 5.2
      vertex 2.6084214225411415 50.87433458119631 5.2
    endloop
  endfacet
  facet normal 0 0 1
    outer loop
      vertex 0.22836140543222427 1.8519496992230415 5.2
      vertex 0.10222252458333969 48.67645713686943 5.2
      vertex 0.10222252458333969 2.2235428616404533 5.2
    endloop
  endfacet
  facet normal 0 0 1
    outer loop
      vertex 0.10222252458333969 2.2235428616404533 5.2
      vertex 0.025665417313575745 48.29157857596874 5.2
      vertex 0.025665417313575745 2.6084214225411415 5.2
    endloop
  endfacet
  facet normal 0 0 1
    outer loop
      vertex 0.025665417313575745 2.6084214225411415 5.2
      vertex 0 47.899999998509884 5.2
      vertex 0 3 5.2
    endloop
  endfacet
  facet normal 0 0 -1
    outer loop
      vertex 3 0 3
      vertex 3.2500000014901165 1.1500000000000001 3
      vertex 140.89999999850988 0 3
    endloop
  endfacet
  facet normal 0 -1 0
    outer loop
      vertex 3 0 3
      vertex 140.89999999850988 0 3
      vertex 3 0 5.2
    endloop
  endfacet
  facet normal 0 0 -1
    outer loop
      vertex 3.30237856656313 2.7500000014901165 3
      vertex 99.45 6.2 3
      vertex 101.45 6.2 3
    endloop
  endfacet
  facet normal 0 0 -1
    outer loop
      vertex 3.30237856656313 2.7500000014901165 3
      vertex 101.45 6.2 3
      vertex 105.45 6.2 3
    endloop
  endfacet
  facet normal 0 0 1
    outer loop
      vertex 3 0 5.2
      vertex 101.45 6.2 5.2
      vertex 99.45 6.2 5.2
    endloop
  endfacet
  facet normal 0 0 1
    outer loop
      vertex 3 0 5.2
      vertex 105.45 6.2 5.2
      vertex 101.45 6.2 5.2
    endloop
  endfacet
  facet normal 0 0 1
    outer loop
      vertex 3 0 5.2
      vertex 99.45 6.2 5.2
      vertex 99.45 44.7 5.2
    endloop
  endfacet
  facet normal 0 0 -1
    outer loop
      vertex 0.025665417313575745 2.6084214225411415 3
      vertex 0 47.899999998509884 3
      vertex 0.025665417313575745 48.29157857596874 3
    endloop
  endfacet
  facet normal 0 0 -1
    outer loop
      vertex 0.8786796554923058 0.8786796554923058 3
      vertex 0.8786796554923058 50.02132034301758 3
      vertex 1.1500000000000001 47.65 3
    endloop
  endfacet
  facet normal 0 0 -1
    outer loop
      vertex 0.10222252458333969 2.2235428616404533 3
      vertex 0.025665417313575745 48.29157857596874 3
      vertex 0.10222252458333969 48.67645713686943 3
    endloop
  endfacet
  facet normal 0 0 -1
    outer loop
      vertex 0.22836140543222427 1.8519496992230415 3
      vertex 0.10222252458333969 48.67645713686943 3
      vertex 0.22836140543222427 49.04805029928684 3
    endloop
  endfacet
  facet normal 0 0 -1
    outer loop
      vertex 0.4019237905740738 1.5 3
      vertex 0.22836140543222427 49.04805029928684 3
      vertex 0.4019237905740738 49.399999998509884 3
    endloop
  endfacet
  facet normal 0 0 -1
    outer loop
      vertex 2.7500000014901165 3.30237856656313 3
      vertex 2.7500000014901165 47.597621427476405 3
      vertex 2.7576812669634823 47.71481497734785 3
    endloop
  endfacet
  facet normal 0 0 -1
    outer loop
      vertex 2.7500000014901165 3.30237856656313 3
      vertex 2.7576812669634823 47.71481497734785 3
      vertex 2.770353184640408 47.77852098792791 3
    endloop
  endfacet
  facet normal 0 0 -1
    outer loop
      vertex 2.7500000014901165 3.30237856656313 3
      vertex 2.770353184640408 47.77852098792791 3
      vertex 2.79123197644949 47.84002792984247 3
    endloop
  endfacet
  facet normal 0 0 -1
    outer loop
      vertex 3.0599720343947414 2.7912319839000705 3
      vertex 3.0017165184021 48.080039562284945 3
      vertex 3.0599720716476444 48.108768017590045 3
    endloop
  endfacet
  facet normal 0 0 -1
    outer loop
      vertex 3.0017165184021 2.819960424304009 3
      vertex 2.947709204256535 48.04395302534103 3
      vertex 3.0017165184021 48.080039562284945 3
    endloop
  endfacet
  facet normal 0 0 -1
    outer loop
      vertex 3.121479006111622 2.770353184640408 3
      vertex 3.0599720716476444 48.108768017590045 3
      vertex 3.121479006111622 48.12964680939913 3
    endloop
  endfacet
  facet normal 0 0 -1
    outer loop
      vertex 2.7500000014901165 3.30237856656313 3
      vertex 2.8199604317545894 47.898283475637434 3
      vertex 2.85604694634676 47.95229075998068 3
    endloop
  endfacet
  facet normal 0 0 -1
    outer loop
      vertex 2.7500000014901165 3.30237856656313 3
      vertex 2.79123197644949 47.84002792984247 3
      vertex 2.8199604317545894 47.898283475637434 3
    endloop
  endfacet
  facet normal 0 0 -1
    outer loop
      vertex 2.7500000014901165 3.30237856656313 3
      vertex 2.85604694634676 47.95229075998068 3
      vertex 2.8988741725683216 48.001125858724116 3
    endloop
  endfacet
  facet normal 0 0 -1
    outer loop
      vertex 2.7500000014901165 3.30237856656313 3
      vertex 2.8988741725683216 48.001125858724116 3
      vertex 2.947709204256535 48.04395302534103 3
    endloop
  endfacet
  facet normal 0 0 -1
    outer loop
      vertex 3.185185016691685 2.7576812669634823 3
      vertex 3.121479006111622 48.12964680939913 3
      vertex 3.185185016691685 48.14231872707605 3
    endloop
  endfacet
  facet normal 0 0 -1
    outer loop
      vertex 3.30237856656313 2.7500000014901165 3
      vertex 3.185185016691685 48.14231872707605 3
      vertex 3.30237856656313 48.15 3
    endloop
  endfacet
  facet normal 0 0 -1
    outer loop
      vertex 0.6199399754405022 1.1737157106399536 3
      vertex 0.4019237905740738 49.399999998509884 3
      vertex 0.6199399754405022 49.72628428786993 3
    endloop
  endfacet
  facet normal 0 0 -1
    outer loop
      vertex 0.8786796554923058 0.8786796554923058 3
      vertex 0.6199399754405022 49.72628428786993 3
      vertex 0.8786796554923058 50.02132034301758 3
    endloop
  endfacet
  facet normal -1 0 0
    outer loop
      vertex 0 3 3
      vertex 0 47.899999998509884 5.2
      vertex 0 47.899999998509884 3
    endloop
  endfacet
  facet normal 0 0 1
    outer loop
      vertex 0.025665417313575745 2.6084214225411415 5.2
      vertex 0.025665417313575745 48.29157857596874 5.2
      vertex 0 47.899999998509884 5.2
    endloop
  endfacet
  facet normal 0 0 1
    outer loop
      vertex 0.10222252458333969 2.2235428616404533 5.2
      vertex 0.10222252458333969 48.67645713686943 5.2
      vertex 0.025665417313575745 48.29157857596874 5.2
    endloop
  endfacet
  facet normal 0 0 1
    outer loop
      vertex 0.22836140543222427 1.8519496992230415 5.2
      vertex 0.22836140543222427 49.04805029928684 5.2
      vertex 0.10222252458333969 48.67645713686943 5.2
    endloop
  endfacet
  facet normal 0 0 1
    outer loop
      vertex 0.4019237905740738 1.5 5.2
      vertex 0.4019237905740738 49.399999998509884 5.2
      vertex 0.22836140543222427 49.04805029928684 5.2
    endloop
  endfacet
  facet normal 0 0 1
    outer loop
      vertex 0.6199399754405022 1.1737157106399536 5.2
      vertex 0.6199399754405022 49.72628428786993 5.2
      vertex 0.4019237905740738 49.399999998509884 5.2
    endloop
  endfacet
  facet normal 0 0 1
    outer loop
      vertex 0.8786796554923058 0.8786796554923058 5.2
      vertex 0.8786796554923058 50.02132034301758 5.2
      vertex 0.6199399754405022 49.72628428786993 5.2
    endloop
  endfacet
  facet normal 0 0 1
    outer loop
      vertex 1.1737157106399536 0.6199399754405022 5.2
      vertex 1.1737157106399536 50.28006002306938 5.2
      vertex 0.8786796554923058 50.02132034301758 5.2
    endloop
  endfacet
  facet normal 0 0 1
    outer loop
      vertex 1.5 0.4019237905740738 5.2
      vertex 1.5 50.49807620793581 5.2
      vertex 1.1737157106399536 50.28006002306938 5.2
    endloop
  endfacet
  facet normal 0 0 1
    outer loop
      vertex 1.8519496992230415 0.22836140543222427 5.2
      vertex 1.8519496992230415 50.67163860052824 5.2
      vertex 1.5 50.49807620793581 5.2
    endloop
  endfacet
  facet normal 0 0 1
    outer loop
      vertex 2.2235428616404533 0.10222252458333969 5.2
      vertex 2.2235428616404533 50.797777481377125 5.2
      vertex 1.8519496992230415 50.67163860052824 5.2
    endloop
  endfacet
  facet normal 0 0 1
    outer loop
      vertex 2.6084214225411415 0.025665417313575745 5.2
      vertex 2.6084214225411415 50.87433458119631 5.2
      vertex 2.2235428616404533 50.797777481377125 5.2
    endloop
  endfacet
  facet normal 0 0 1
    outer loop
      vertex 3 0 5.2
      vertex 3 50.899999998509884 5.2
      vertex 2.6084214225411415 50.87433458119631 5.2
    endloop
  endfacet
  facet normal 0 0 1
    outer loop
      vertex 3 0 5.2
      vertex 99.45 44.7 5.2
      vertex 3 50.899999998509884 5.2
    endloop
  endfacet
  facet normal 0 0 -1
    outer loop
      vertex 1.1500000000000001 47.65 3
      vertex 0.8786796554923058 50.02132034301758 3
      vertex 1.1679657936096193 47.92410500496626 3
    endloop
  endfacet
  facet normal 0 0 -1
    outer loop
      vertex 1.1679657936096193 47.92410500496626 3
      vertex 0.8786796554923058 50.02132034301758 3
      vertex 1.2215557634830476 48.19351999610662 3
    endloop
  endfacet
  facet normal 0 0 -1
    outer loop
      vertex 1.2215557634830476 48.19351999610662 3
      vertex 1.1737157106399536 50.28006002306938 3
      vertex 1.309852981567383 48.45363520979881 3
    endloop
  endfacet
  facet normal 0 0 -1
    outer loop
      vertex 1.309852981567383 48.45363520979881 3
      vertex 1.1737157106399536 50.28006002306938 3
      vertex 1.4313466489315034 48.699999997019766 3
    endloop
  endfacet
  facet normal 0 0 -1
    outer loop
      vertex 1.4313466489315034 48.699999997019766 3
      vertex 1.1737157106399536 50.28006002306938 3
      vertex 1.583957986533642 48.92839899808168 3
    endloop
  endfacet
  facet normal 0 0 -1
    outer loop
      vertex 1.2215557634830476 48.19351999610662 3
      vertex 0.8786796554923058 50.02132034301758 3
      vertex 1.1737157106399536 50.28006002306938 3
    endloop
  endfacet
  facet normal 0 0 -1
    outer loop
      vertex 1.583957986533642 48.92839899808168 3
      vertex 1.5 50.49807620793581 3
      vertex 1.7650757595896722 49.13492424190044 3
    endloop
  endfacet
  facet normal 0 0 -1
    outer loop
      vertex 1.7650757595896722 49.13492424190044 3
      vertex 1.5 50.49807620793581 3
      vertex 1.9716009959578515 49.31604201495647 3
    endloop
  endfacet
  facet normal 0 0 -1
    outer loop
      vertex 1.583957986533642 48.92839899808168 3
      vertex 1.1737157106399536 50.28006002306938 3
      vertex 1.5 50.49807620793581 3
    endloop
  endfacet
  facet normal 0 0 -1
    outer loop
      vertex 1.9716009959578515 49.31604201495647 3
      vertex 1.8519496992230415 50.67163860052824 3
      vertex 2.199999997019768 49.46865334510803 3
    endloop
  endfacet
  facet normal 0 0 -1
    outer loop
      vertex 2.199999997019768 49.46865334510803 3
      vertex 1.8519496992230415 50.67163860052824 3
      vertex 2.4463647916913036 49.59014701992273 3
    endloop
  endfacet
  facet normal 0 0 -1
    outer loop
      vertex 1.9716009959578515 49.31604201495647 3
      vertex 1.5 50.49807620793581 3
      vertex 1.8519496992230415 50.67163860052824 3
    endloop
  endfacet
  facet normal 0 0 -1
    outer loop
      vertex 1.8519496992230415 50.67163860052824 3
      vertex 2.2235428616404533 50.797777481377125 3
      vertex 2.4463647916913036 49.59014701992273 3
    endloop
  endfacet
  facet normal 0 0 -1
    outer loop
      vertex 2.2235428616404533 50.797777481377125 3
      vertex 2.706480005383492 49.67844423800707 3
      vertex 2.4463647916913036 49.59014701992273 3
    endloop
  endfacet
  facet normal 0 0 -1
    outer loop
      vertex 2.706480005383492 49.67844423800707 3
      vertex 2.6084214225411415 50.87433458119631 3
      vertex 2.9758949965238575 49.732034207880496 3
    endloop
  endfacet
  facet normal 0 0 -1
    outer loop
      vertex 2.2235428616404533 50.797777481377125 3
      vertex 2.6084214225411415 50.87433458119631 3
      vertex 2.706480005383492 49.67844423800707 3
    endloop
  endfacet
  facet normal 0 0 -1
    outer loop
      vertex 2.9758949965238575 49.732034207880496 3
      vertex 3 50.899999998509884 3
      vertex 3.2500000014901165 49.750000001490115 3
    endloop
  endfacet
  facet normal 0 0 -1
    outer loop
      vertex 2.9758949965238575 49.732034207880496 3
      vertex 2.6084214225411415 50.87433458119631 3
      vertex 3 50.899999998509884 3
    endloop
  endfacet
  facet normal -0.997858923008654 0.06540313273849394 0
    outer loop
      vertex 0 47.899999998509884 3
      vertex 0.025665417313575745 48.29157857596874 5.2
      vertex 0.025665417313575745 48.29157857596874 3
    endloop
  endfacet
  facet normal -0.980785279639006 0.19509032585814412 0
    outer loop
      vertex 0.025665417313575745 48.29157857596874 3
      vertex 0.10222252458333969 48.67645713686943 5.2
      vertex 0.10222252458333969 48.67645713686943 3
    endloop
  endfacet
  facet normal -0.9469301300366788 0.32143946370773846 0
    outer loop
      vertex 0.10222252458333969 48.67645713686943 3
      vertex 0.22836140543222427 49.04805029928684 5.2
      vertex 0.22836140543222427 49.04805029928684 3
    endloop
  endfacet
  facet normal -0.8968727407473451 0.4422886918115197 0
    outer loop
      vertex 0.22836140543222427 49.04805029928684 3
      vertex 0.4019237905740738 49.399999998509884 5.2
      vertex 0.4019237905740738 49.399999998509884 3
    endloop
  endfacet
  facet normal -0.8314696207458843 0.5555702203832522 0
    outer loop
      vertex 0.4019237905740738 49.399999998509884 3
      vertex 0.6199399754405022 49.72628428786993 5.2
      vertex 0.6199399754405022 49.72628428786993 3
    endloop
  endfacet
  facet normal -0.7518398024852507 0.6593458207943228 0
    outer loop
      vertex 0.6199399754405022 49.72628428786993 3
      vertex 0.8786796554923058 50.02132034301758 5.2
      vertex 0.8786796554923058 50.02132034301758 3
    endloop
  endfacet
  facet normal -0.6593458207943228 0.7518398024852507 0
    outer loop
      vertex 0.8786796554923058 50.02132034301758 3
      vertex 1.1737157106399536 50.28006002306938 5.2
      vertex 1.1737157106399536 50.28006002306938 3
    endloop
  endfacet
  facet normal -0.5555702203832522 0.8314696207458843 0
    outer loop
      vertex 1.1737157106399536 50.28006002306938 3
      vertex 1.5 50.49807620793581 5.2
      vertex 1.5 50.49807620793581 3
    endloop
  endfacet
  facet normal -0.4422887070837332 0.8968727332159228 0
    outer loop
      vertex 1.5 50.49807620793581 3
      vertex 1.8519496992230415 50.67163860052824 5.2
      vertex 1.8519496992230415 50.67163860052824 3
    endloop
  endfacet
  facet normal -0.32143946370773846 0.9469301300366788 0
    outer loop
      vertex 1.8519496992230415 50.67163860052824 3
      vertex 2.2235428616404533 50.797777481377125 5.2
      vertex 2.2235428616404533 50.797777481377125 3
    endloop
  endfacet
  facet normal -0.19509030759446713 0.9807852832718771 0
    outer loop
      vertex 2.2235428616404533 50.797777481377125 3
      vertex 2.6084214225411415 50.87433458119631 5.2
      vertex 2.6084214225411415 50.87433458119631 3
    endloop
  endfacet
  facet normal -0.06540313273849394 0.997858923008654 0
    outer loop
      vertex 2.6084214225411415 50.87433458119631 3
      vertex 3 50.899999998509884 5.2
      vertex 3 50.899999998509884 3
    endloop
  endfacet
  facet normal -0.997858923008654 0.06540313273849394 0
    outer loop
      vertex 0 47.899999998509884 3
      vertex 0 47.899999998509884 5.2
      vertex 0.025665417313575745 48.29157857596874 5.2
    endloop
  endfacet
  facet normal -0.980785279639006 0.19509032585814412 0
    outer loop
      vertex 0.025665417313575745 48.29157857596874 3
      vertex 0.025665417313575745 48.29157857596874 5.2
      vertex 0.10222252458333969 48.67645713686943 5.2
    endloop
  endfacet
  facet normal -0.9469301300366788 0.32143946370773846 0
    outer loop
      vertex 0.10222252458333969 48.67645713686943 3
      vertex 0.10222252458333969 48.67645713686943 5.2
      vertex 0.22836140543222427 49.04805029928684 5.2
    endloop
  endfacet
  facet normal -0.8968727407473451 0.4422886918115197 0
    outer loop
      vertex 0.22836140543222427 49.04805029928684 3
      vertex 0.22836140543222427 49.04805029928684 5.2
      vertex 0.4019237905740738 49.399999998509884 5.2
    endloop
  endfacet
  facet normal -0.8314696207458843 0.5555702203832522 0
    outer loop
      vertex 0.4019237905740738 49.399999998509884 3
      vertex 0.4019237905740738 49.399999998509884 5.2
      vertex 0.6199399754405022 49.72628428786993 5.2
    endloop
  endfacet
  facet normal -0.7518398024852507 0.6593458207943228 0
    outer loop
      vertex 0.6199399754405022 49.72628428786993 3
      vertex 0.6199399754405022 49.72628428786993 5.2
      vertex 0.8786796554923058 50.02132034301758 5.2
    endloop
  endfacet
  facet normal -0.6593458207943228 0.7518398024852507 0
    outer loop
      vertex 0.8786796554923058 50.02132034301758 3
      vertex 0.8786796554923058 50.02132034301758 5.2
      vertex 1.1737157106399536 50.28006002306938 5.2
    endloop
  endfacet
  facet normal -0.5555702203832522 0.8314696207458843 0
    outer loop
      vertex 1.1737157106399536 50.28006002306938 3
      vertex 1.1737157106399536 50.28006002306938 5.2
      vertex 1.5 50.49807620793581 5.2
    endloop
  endfacet
  facet normal -0.4422887070837332 0.8968727332159228 0
    outer loop
      vertex 1.5 50.49807620793581 3
      vertex 1.5 50.49807620793581 5.2
      vertex 1.8519496992230415 50.67163860052824 5.2
    endloop
  endfacet
  facet normal -0.32143946370773846 0.9469301300366788 0
    outer loop
      vertex 1.8519496992230415 50.67163860052824 3
      vertex 1.8519496992230415 50.67163860052824 5.2
      vertex 2.2235428616404533 50.797777481377125 5.2
    endloop
  endfacet
  facet normal -0.19509030759446713 0.9807852832718771 0
    outer loop
      vertex 2.2235428616404533 50.797777481377125 3
      vertex 2.2235428616404533 50.797777481377125 5.2
      vertex 2.6084214225411415 50.87433458119631 5.2
    endloop
  endfacet
  facet normal -0.06540313273849394 0.997858923008654 0
    outer loop
      vertex 2.6084214225411415 50.87433458119631 3
      vertex 2.6084214225411415 50.87433458119631 5.2
      vertex 3 50.899999998509884 5.2
    endloop
  endfacet
  facet normal 0 0 -1
    outer loop
      vertex 3.30237856656313 48.15 3
      vertex 99.45 44.7 3
      vertex 99.45 6.2 3
    endloop
  endfacet
  facet normal 0 0 -1
    outer loop
      vertex 3.2500000014901165 49.750000001490115 3
      vertex 3 50.899999998509884 3
      vertex 140.65 49.750000001490115 3
    endloop
  endfacet
  facet normal 0 0 -1
    outer loop
      vertex 3.30237856656313 48.15 3
      vertex 101.45 44.7 3
      vertex 99.45 44.7 3
    endloop
  endfacet
  facet normal 0 0 -1
    outer loop
      vertex 3.30237856656313 48.15 3
      vertex 105.45 44.7 3
      vertex 101.45 44.7 3
    endloop
  endfacet
  facet normal 0 1 0
    outer loop
      vertex 3 50.899999998509884 3
      vertex 3 50.899999998509884 5.2
      vertex 140.89999999850988 50.899999998509884 5.2
    endloop
  endfacet
  facet normal 0 0 1
    outer loop
      vertex 3 50.899999998509884 5.2
      vertex 99.45 44.7 5.2
      vertex 101.45 44.7 5.2
    endloop
  endfacet
  facet normal 0 0 1
    outer loop
      vertex 3 50.899999998509884 5.2
      vertex 101.45 44.7 5.2
      vertex 105.45 44.7 5.2
    endloop
  endfacet
  facet normal 0 0 -1
    outer loop
      vertex 3.30237856656313 2.7500000014901165 3
      vertex 105.45 6.2 3
      vertex 107.45 6.2 3
    endloop
  endfacet
  facet normal 0 0 -1
    outer loop
      vertex 3.30237856656313 2.7500000014901165 3
      vertex 107.45 6.2 3
      vertex 111.45 6.2 3
    endloop
  endfacet
  facet normal 0 0 -1
    outer loop
      vertex 3.30237856656313 2.7500000014901165 3
      vertex 111.45 6.2 3
      vertex 113.45 6.2 3
    endloop
  endfacet
  facet normal 0 0 -1
    outer loop
      vertex 3.30237856656313 2.7500000014901165 3
      vertex 113.45 6.2 3
      vertex 117.45 6.2 3
    endloop
  endfacet
  facet normal 0 0 -1
    outer loop
      vertex 3.30237856656313 2.7500000014901165 3
      vertex 117.45 6.2 3
      vertex 119.45 6.2 3
    endloop
  endfacet
  facet normal 0 0 -1
    outer loop
      vertex 3.30237856656313 2.7500000014901165 3
      vertex 119.45 6.2 3
      vertex 123.45 6.2 3
    endloop
  endfacet
  facet normal 0 0 -1
    outer loop
      vertex 3.30237856656313 2.7500000014901165 3
      vertex 123.45 6.2 3
      vertex 125.45 6.2 3
    endloop
  endfacet
  facet normal 0 0 -1
    outer loop
      vertex 3.30237856656313 2.7500000014901165 3
      vertex 125.45 6.2 3
      vertex 140.597621434927 2.7500000014901165 3
    endloop
  endfacet
  facet normal 0 0 -1
    outer loop
      vertex 3.2500000014901165 1.1500000000000001 3
      vertex 140.65 1.1500000000000001 3
      vertex 140.89999999850988 0 3
    endloop
  endfacet
  facet normal 0 0 1
    outer loop
      vertex 3 0 5.2
      vertex 107.45 6.2 5.2
      vertex 105.45 6.2 5.2
    endloop
  endfacet
  facet normal 0 0 1
    outer loop
      vertex 3 0 5.2
      vertex 111.45 6.2 5.2
      vertex 107.45 6.2 5.2
    endloop
  endfacet
  facet normal 0 0 1
    outer loop
      vertex 3 0 5.2
      vertex 113.45 6.2 5.2
      vertex 111.45 6.2 5.2
    endloop
  endfacet
  facet normal 0 0 1
    outer loop
      vertex 3 0 5.2
      vertex 117.45 6.2 5.2
      vertex 113.45 6.2 5.2
    endloop
  endfacet
  facet normal 0 0 1
    outer loop
      vertex 3 0 5.2
      vertex 119.45 6.2 5.2
      vertex 117.45 6.2 5.2
    endloop
  endfacet
  facet normal 0 0 1
    outer loop
      vertex 3 0 5.2
      vertex 140.89999999850988 0 5.2
      vertex 123.45 6.2 5.2
    endloop
  endfacet
  facet normal 0 0 1
    outer loop
      vertex 3 0 5.2
      vertex 123.45 6.2 5.2
      vertex 119.45 6.2 5.2
    endloop
  endfacet
  facet normal 0 -1 0
    outer loop
      vertex 3 0 5.2
      vertex 140.89999999850988 0 3
      vertex 140.89999999850988 0 5.2
    endloop
  endfacet
  facet normal 0 0 -1
    outer loop
      vertex 101.45 44.7 3
      vertex 105.45 6.2 3
      vertex 101.45 6.2 3
    endloop
  endfacet
  facet normal 0 0 1
    outer loop
      vertex 105.45 44.7 5.2
      vertex 101.45 6.2 5.2
      vertex 105.45 6.2 5.2
    endloop
  endfacet
  facet normal 0 0 -1
    outer loop
      vertex 140.89999999850988 0 3
      vertex 140.92410500496626 1.1679657936096193 3
      vertex 141.29157857596874 0.025665417313575745 3
    endloop
  endfacet
  facet normal 0 0 -1
    outer loop
      vertex 140.89999999850988 0 3
      vertex 140.65 1.1500000000000001 3
      vertex 140.92410500496626 1.1679657936096193 3
    endloop
  endfacet
  facet normal 0 0 -1
    outer loop
      vertex 141.29157857596874 0.025665417313575745 3
      vertex 141.19351999610663 1.2215557634830476 3
      vertex 141.67645713686943 0.10222252458333969 3
    endloop
  endfacet
  facet normal 0 0 -1
    outer loop
      vertex 141.29157857596874 0.025665417313575745 3
      vertex 140.92410500496626 1.1679657936096193 3
      vertex 141.19351999610663 1.2215557634830476 3
    endloop
  endfacet
  facet normal 0 0 -1
    outer loop
      vertex 141.19351999610663 1.2215557634830476 3
      vertex 141.45363520979882 1.309852981567383 3
      vertex 141.67645713686943 0.10222252458333969 3
    endloop
  endfacet
  facet normal 0 0 -1
    outer loop
      vertex 141.45363520979882 1.309852981567383 3
      vertex 142.04805029928684 0.22836140543222427 3
      vertex 141.67645713686943 0.10222252458333969 3
    endloop
  endfacet
  facet normal 0 0 -1
    outer loop
      vertex 142.04805029928684 0.22836140543222427 3
      vertex 141.9283989980817 1.583957986533642 3
      vertex 142.39999999850988 0.4019237905740738 3
    endloop
  endfacet
  facet normal 0 0 -1
    outer loop
      vertex 141.45363520979882 1.309852981567383 3
      vertex 141.69999999701977 1.4313466489315034 3
      vertex 142.04805029928684 0.22836140543222427 3
    endloop
  endfacet
  facet normal 0 0 -1
    outer loop
      vertex 142.04805029928684 0.22836140543222427 3
      vertex 141.69999999701977 1.4313466489315034 3
      vertex 141.9283989980817 1.583957986533642 3
    endloop
  endfacet
  facet normal 0 0 -1
    outer loop
      vertex 142.39999999850988 0.4019237905740738 3
      vertex 142.31604201495648 1.9716009959578515 3
      vertex 142.72628428786993 0.6199399754405022 3
    endloop
  endfacet
  facet normal 0 0 -1
    outer loop
      vertex 142.39999999850988 0.4019237905740738 3
      vertex 141.9283989980817 1.583957986533642 3
      vertex 142.13492424190045 1.7650757595896722 3
    endloop
  endfacet
  facet normal 0 0 -1
    outer loop
      vertex 142.39999999850988 0.4019237905740738 3
      vertex 142.13492424190045 1.7650757595896722 3
      vertex 142.31604201495648 1.9716009959578515 3
    endloop
  endfacet
  facet normal 0 0 -1
    outer loop
      vertex 142.72628428786993 0.6199399754405022 3
      vertex 142.67844423800707 2.706480005383492 3
      vertex 143.02132034301758 0.8786796554923058 3
    endloop
  endfacet
  facet normal 0 0 -1
    outer loop
      vertex 142.72628428786993 0.6199399754405022 3
      vertex 142.31604201495648 1.9716009959578515 3
      vertex 142.46865334510804 2.199999997019768 3
    endloop
  endfacet
  facet normal 0 0 -1
    outer loop
      vertex 142.72628428786993 0.6199399754405022 3
      vertex 142.46865334510804 2.199999997019768 3
      vertex 142.59014701992274 2.4463647916913036 3
    endloop
  endfacet
  facet normal 0 0 -1
    outer loop
      vertex 142.72628428786993 0.6199399754405022 3
      vertex 142.59014701992274 2.4463647916913036 3
      vertex 142.67844423800707 2.706480005383492 3
    endloop
  endfacet
  facet normal 0 0 -1
    outer loop
      vertex 143.02132034301758 0.8786796554923058 3
      vertex 142.67844423800707 2.706480005383492 3
      vertex 142.7320342078805 2.9758949965238575 3
    endloop
  endfacet
  facet normal 0 0 -1
    outer loop
      vertex 143.02132034301758 0.8786796554923058 3
      vertex 142.7320342078805 2.9758949965238575 3
      vertex 142.75000000149012 3.2500000014901165 3
    endloop
  endfacet
  facet normal 0.06540313273849394 -0.997858923008654 0
    outer loop
      vertex 140.89999999850988 0 3
      vertex 141.29157857596874 0.025665417313575745 3
      vertex 140.89999999850988 0 5.2
    endloop
  endfacet
  facet normal 0.19509032585814412 -0.980785279639006 0
    outer loop
      vertex 141.29157857596874 0.025665417313575745 3
      vertex 141.67645713686943 0.10222252458333969 3
      vertex 141.29157857596874 0.025665417313575745 5.2
    endloop
  endfacet
  facet normal 0.32143946370773846 -0.9469301300366788 0
    outer loop
      vertex 141.67645713686943 0.10222252458333969 3
      vertex 142.04805029928684 0.22836140543222427 3
      vertex 141.67645713686943 0.10222252458333969 5.2
    endloop
  endfacet
  facet normal 0.4422886918115197 -0.8968727407473451 0
    outer loop
      vertex 142.04805029928684 0.22836140543222427 3
      vertex 142.39999999850988 0.4019237905740738 3
      vertex 142.04805029928684 0.22836140543222427 5.2
    endloop
  endfacet
  facet normal 0.5555702203832522 -0.8314696207458843 0
    outer loop
      vertex 142.39999999850988 0.4019237905740738 3
      vertex 142.72628428786993 0.6199399754405022 3
      vertex 142.39999999850988 0.4019237905740738 5.2
    endloop
  endfacet
  facet normal 0.6593458207943228 -0.7518398024852507 0
    outer loop
      vertex 142.72628428786993 0.6199399754405022 3
      vertex 143.02132034301758 0.8786796554923058 3
      vertex 142.72628428786993 0.6199399754405022 5.2
    endloop
  endfacet
  facet normal 0.7518398024852507 -0.6593458207943228 0
    outer loop
      vertex 143.02132034301758 0.8786796554923058 3
      vertex 143.28006002306938 1.1737157106399536 3
      vertex 143.02132034301758 0.8786796554923058 5.2
    endloop
  endfacet
  facet normal 0.8314696207458843 -0.5555702203832522 0
    outer loop
      vertex 143.28006002306938 1.1737157106399536 3
      vertex 143.4980762079358 1.5 3
      vertex 143.28006002306938 1.1737157106399536 5.2
    endloop
  endfacet
  facet normal 0.8968727332159228 -0.4422887070837332 0
    outer loop
      vertex 143.4980762079358 1.5 3
      vertex 143.67163860052824 1.8519496992230415 3
      vertex 143.4980762079358 1.5 5.2
    endloop
  endfacet
  facet normal 0.9469301300366788 -0.32143946370773846 0
    outer loop
      vertex 143.67163860052824 1.8519496992230415 3
      vertex 143.79777748137712 2.2235428616404533 3
      vertex 143.67163860052824 1.8519496992230415 5.2
    endloop
  endfacet
  facet normal 0.9807852832718771 -0.19509030759446713 0
    outer loop
      vertex 143.79777748137712 2.2235428616404533 3
      vertex 143.8743345811963 2.6084214225411415 3
      vertex 143.79777748137712 2.2235428616404533 5.2
    endloop
  endfacet
  facet normal 0.997858923008654 -0.06540313273849394 0
    outer loop
      vertex 143.8743345811963 2.6084214225411415 3
      vertex 143.89999999850988 3 3
      vertex 143.8743345811963 2.6084214225411415 5.2
    endloop
  endfacet
  facet normal 0.06540313273849394 -0.997858923008654 0
    outer loop
      vertex 141.29157857596874 0.025665417313575745 3
      vertex 141.29157857596874 0.025665417313575745 5.2
      vertex 140.89999999850988 0 5.2
    endloop
  endfacet
  facet normal 0.19509032585814412 -0.980785279639006 0
    outer loop
      vertex 141.67645713686943 0.10222252458333969 3
      vertex 141.67645713686943 0.10222252458333969 5.2
      vertex 141.29157857596874 0.025665417313575745 5.2
    endloop
  endfacet
  facet normal 0.32143946370773846 -0.9469301300366788 0
    outer loop
      vertex 142.04805029928684 0.22836140543222427 3
      vertex 142.04805029928684 0.22836140543222427 5.2
      vertex 141.67645713686943 0.10222252458333969 5.2
    endloop
  endfacet
  facet normal 0.4422886918115197 -0.8968727407473451 0
    outer loop
      vertex 142.39999999850988 0.4019237905740738 3
      vertex 142.39999999850988 0.4019237905740738 5.2
      vertex 142.04805029928684 0.22836140543222427 5.2
    endloop
  endfacet
  facet normal 0.5555702203832522 -0.8314696207458843 0
    outer loop
      vertex 142.72628428786993 0.6199399754405022 3
      vertex 142.72628428786993 0.6199399754405022 5.2
      vertex 142.39999999850988 0.4019237905740738 5.2
    endloop
  endfacet
  facet normal 0.6593458207943228 -0.7518398024852507 0
    outer loop
      vertex 143.02132034301758 0.8786796554923058 3
      vertex 143.02132034301758 0.8786796554923058 5.2
      vertex 142.72628428786993 0.6199399754405022 5.2
    endloop
  endfacet
  facet normal 0.7518398024852507 -0.6593458207943228 0
    outer loop
      vertex 143.28006002306938 1.1737157106399536 3
      vertex 143.28006002306938 1.1737157106399536 5.2
      vertex 143.02132034301758 0.8786796554923058 5.2
    endloop
  endfacet
  facet normal 0.8314696207458843 -0.5555702203832522 0
    outer loop
      vertex 143.4980762079358 1.5 3
      vertex 143.4980762079358 1.5 5.2
      vertex 143.28006002306938 1.1737157106399536 5.2
    endloop
  endfacet
  facet normal 0.8968727332159228 -0.4422887070837332 0
    outer loop
      vertex 143.67163860052824 1.8519496992230415 3
      vertex 143.67163860052824 1.8519496992230415 5.2
      vertex 143.4980762079358 1.5 5.2
    endloop
  endfacet
  facet normal 0.9469301300366788 -0.32143946370773846 0
    outer loop
      vertex 143.79777748137712 2.2235428616404533 3
      vertex 143.79777748137712 2.2235428616404533 5.2
      vertex 143.67163860052824 1.8519496992230415 5.2
    endloop
  endfacet
  facet normal 0.9807852832718771 -0.19509030759446713 0
    outer loop
      vertex 143.8743345811963 2.6084214225411415 3
      vertex 143.8743345811963 2.6084214225411415 5.2
      vertex 143.79777748137712 2.2235428616404533 5.2
    endloop
  endfacet
  facet normal 0.997858923008654 -0.06540313273849394 0
    outer loop
      vertex 143.89999999850988 3 3
      vertex 143.89999999850988 3 5.2
      vertex 143.8743345811963 2.6084214225411415 5.2
    endloop
  endfacet
  facet normal 0 0 1
    outer loop
      vertex 140.89999999850988 0 5.2
      vertex 125.45 6.2 5.2
      vertex 123.45 6.2 5.2
    endloop
  endfacet
  facet normal 0 0 -1
    outer loop
      vertex 107.45 44.7 3
      vertex 111.45 6.2 3
      vertex 107.45 6.2 3
    endloop
  endfacet
  facet normal 0 0 -1
    outer loop
      vertex 113.45 44.7 3
      vertex 117.45 6.2 3
      vertex 113.45 6.2 3
    endloop
  endfacet
  facet normal 0 0 -1
    outer loop
      vertex 119.45 44.7 3
      vertex 123.45 6.2 3
      vertex 119.45 6.2 3
    endloop
  endfacet
  facet normal 0 0 -1
    outer loop
      vertex 140.597621434927 2.7500000014901165 3
      vertex 125.45 6.2 3
      vertex 125.45 44.7 3
    endloop
  endfacet
  facet normal 0 0 -1
    outer loop
      vertex 143.02132034301758 0.8786796554923058 3
      vertex 143.02132034301758 50.02132034301758 3
      vertex 143.28006002306938 1.1737157106399536 3
    endloop
  endfacet
  facet normal 0 0 -1
    outer loop
      vertex 143.28006002306938 1.1737157106399536 3
      vertex 143.28006002306938 49.72628428786993 3
      vertex 143.4980762079358 1.5 3
    endloop
  endfacet
  facet normal 0 0 -1
    outer loop
      vertex 140.597621434927 2.7500000014901165 3
      vertex 140.71481497734786 48.14231872707605 3
      vertex 140.71481497734786 2.7576812669634823 3
    endloop
  endfacet
  facet normal 0 0 -1
    outer loop
      vertex 140.71481497734786 2.7576812669634823 3
      vertex 140.77852098792792 48.12964680939913 3
      vertex 140.77852098792792 2.770353184640408 3
    endloop
  endfacet
  facet normal 0 0 -1
    outer loop
      vertex 140.95229075998068 2.85604694634676 3
      vertex 141.15 47.597621427476405 3
      vertex 141.00112585872412 2.8988741725683216 3
    endloop
  endfacet
  facet normal 0 0 -1
    outer loop
      vertex 140.77852098792792 2.770353184640408 3
      vertex 140.84002791494132 48.108768025040625 3
      vertex 140.84002792984248 2.79123197644949 3
    endloop
  endfacet
  facet normal 0 0 -1
    outer loop
      vertex 141.00112585872412 2.8988741725683216 3
      vertex 141.15 47.597621427476405 3
      vertex 141.04395302534104 2.947709204256535 3
    endloop
  endfacet
  facet normal 0 0 -1
    outer loop
      vertex 141.04395302534104 2.947709204256535 3
      vertex 141.15 47.597621427476405 3
      vertex 141.08003956228495 3.0017165184021 3
    endloop
  endfacet
  facet normal 0 0 -1
    outer loop
      vertex 141.08003956228495 3.0017165184021 3
      vertex 141.15 47.597621427476405 3
      vertex 141.10876801759005 3.0599720716476444 3
    endloop
  endfacet
  facet normal 0 0 -1
    outer loop
      vertex 140.84002792984248 2.79123197644949 3
      vertex 140.89828346073628 48.080039562284945 3
      vertex 140.89828347563744 2.8199604317545894 3
    endloop
  endfacet
  facet normal 0 0 -1
    outer loop
      vertex 140.89828347563744 2.8199604317545894 3
      vertex 140.89828346073628 48.080039562284945 3
      vertex 140.95229075998068 2.85604694634676 3
    endloop
  endfacet
  facet normal 0 0 -1
    outer loop
      vertex 141.10876801759005 3.0599720716476444 3
      vertex 141.15 47.597621427476405 3
      vertex 141.12964680939913 3.121479006111622 3
    endloop
  endfacet
  facet normal 0 0 -1
    outer loop
      vertex 141.12964680939913 3.121479006111622 3
      vertex 141.15 47.597621427476405 3
      vertex 141.14231872707606 3.185185016691685 3
    endloop
  endfacet
  facet normal 0 0 -1
    outer loop
      vertex 141.14231872707606 3.185185016691685 3
      vertex 141.15 47.597621427476405 3
      vertex 141.15 3.30237856656313 3
    endloop
  endfacet
  facet normal 0 0 -1
    outer loop
      vertex 143.4980762079358 1.5 3
      vertex 143.4980762079358 49.399999998509884 3
      vertex 143.67163860052824 1.8519496992230415 3
    endloop
  endfacet
  facet normal 0 0 -1
    outer loop
      vertex 143.67163860052824 1.8519496992230415 3
      vertex 143.67163860052824 49.04805029928684 3
      vertex 143.79777748137712 2.2235428616404533 3
    endloop
  endfacet
  facet normal 0 0 -1
    outer loop
      vertex 143.79777748137712 2.2235428616404533 3
      vertex 143.79777748137712 48.67645713686943 3
      vertex 143.8743345811963 2.6084214225411415 3
    endloop
  endfacet
  facet normal 0 0 -1
    outer loop
      vertex 143.02132034301758 0.8786796554923058 3
      vertex 142.75000000149012 3.2500000014901165 3
      vertex 143.02132034301758 50.02132034301758 3
    endloop
  endfacet
  facet normal 0 0 -1
    outer loop
      vertex 143.8743345811963 2.6084214225411415 3
      vertex 143.8743345811963 48.29157857596874 3
      vertex 143.89999999850988 3 3
    endloop
  endfacet
  facet normal 1 0 0
    outer loop
      vertex 143.89999999850988 3 3
      vertex 143.89999999850988 47.899999998509884 3
      vertex 143.89999999850988 3 5.2
    endloop
  endfacet
  facet normal 0 0 1
    outer loop
      vertex 111.45 44.7 5.2
      vertex 107.45 6.2 5.2
      vertex 111.45 6.2 5.2
    endloop
  endfacet
  facet normal 0 0 1
    outer loop
      vertex 117.45 44.7 5.2
      vertex 113.45 6.2 5.2
      vertex 117.45 6.2 5.2
    endloop
  endfacet
  facet normal 0 0 1
    outer loop
      vertex 123.45 44.7 5.2
      vertex 119.45 6.2 5.2
      vertex 123.45 6.2 5.2
    endloop
  endfacet
  facet normal 0 0 1
    outer loop
      vertex 140.89999999850988 0 5.2
      vertex 140.89999999850988 50.899999998509884 5.2
      vertex 125.45 6.2 5.2
    endloop
  endfacet
  facet normal 0 0 1
    outer loop
      vertex 140.89999999850988 0 5.2
      vertex 141.29157857596874 0.025665417313575745 5.2
      vertex 140.89999999850988 50.899999998509884 5.2
    endloop
  endfacet
  facet normal 0 0 1
    outer loop
      vertex 141.29157857596874 0.025665417313575745 5.2
      vertex 141.67645713686943 0.10222252458333969 5.2
      vertex 141.29157857596874 50.87433458119631 5.2
    endloop
  endfacet
  facet normal 0 0 1
    outer loop
      vertex 141.67645713686943 0.10222252458333969 5.2
      vertex 142.04805029928684 0.22836140543222427 5.2
      vertex 141.67645713686943 50.797777481377125 5.2
    endloop
  endfacet
  facet normal 0 0 1
    outer loop
      vertex 142.04805029928684 0.22836140543222427 5.2
      vertex 142.39999999850988 0.4019237905740738 5.2
      vertex 142.04805029928684 50.67163860052824 5.2
    endloop
  endfacet
  facet normal 0 0 1
    outer loop
      vertex 142.39999999850988 0.4019237905740738 5.2
      vertex 142.72628428786993 0.6199399754405022 5.2
      vertex 142.39999999850988 50.49807620793581 5.2
    endloop
  endfacet
  facet normal 0 0 1
    outer loop
      vertex 142.72628428786993 0.6199399754405022 5.2
      vertex 143.02132034301758 0.8786796554923058 5.2
      vertex 142.72628428786993 50.28006002306938 5.2
    endloop
  endfacet
  facet normal 0 0 1
    outer loop
      vertex 143.02132034301758 0.8786796554923058 5.2
      vertex 143.28006002306938 1.1737157106399536 5.2
      vertex 143.02132034301758 50.02132034301758 5.2
    endloop
  endfacet
  facet normal 0 0 1
    outer loop
      vertex 143.28006002306938 1.1737157106399536 5.2
      vertex 143.4980762079358 1.5 5.2
      vertex 143.28006002306938 49.72628428786993 5.2
    endloop
  endfacet
  facet normal 0 0 1
    outer loop
      vertex 143.4980762079358 1.5 5.2
      vertex 143.67163860052824 1.8519496992230415 5.2
      vertex 143.4980762079358 49.399999998509884 5.2
    endloop
  endfacet
  facet normal 0 0 1
    outer loop
      vertex 143.67163860052824 1.8519496992230415 5.2
      vertex 143.79777748137712 2.2235428616404533 5.2
      vertex 143.67163860052824 49.04805029928684 5.2
    endloop
  endfacet
  facet normal 0 0 1
    outer loop
      vertex 143.79777748137712 2.2235428616404533 5.2
      vertex 143.8743345811963 2.6084214225411415 5.2
      vertex 143.79777748137712 48.67645713686943 5.2
    endloop
  endfacet
  facet normal 0 0 1
    outer loop
      vertex 143.8743345811963 2.6084214225411415 5.2
      vertex 143.89999999850988 3 5.2
      vertex 143.8743345811963 48.29157857596874 5.2
    endloop
  endfacet
  facet normal 0 0 -1
    outer loop
      vertex 105.45 6.2 3
      vertex 101.45 44.7 3
      vertex 105.45 44.7 3
    endloop
  endfacet
  facet normal 0 0 1
    outer loop
      vertex 101.45 6.2 5.2
      vertex 105.45 44.7 5.2
      vertex 101.45 44.7 5.2
    endloop
  endfacet
  facet normal 0 0 -1
    outer loop
      vertex 3.30237856656313 48.15 3
      vertex 107.45 44.7 3
      vertex 105.45 44.7 3
    endloop
  endfacet
  facet normal 0 0 -1
    outer loop
      vertex 3.30237856656313 48.15 3
      vertex 111.45 44.7 3
      vertex 107.45 44.7 3
    endloop
  endfacet
  facet normal 0 0 -1
    outer loop
      vertex 3.30237856656313 48.15 3
      vertex 113.45 44.7 3
      vertex 111.45 44.7 3
    endloop
  endfacet
  facet normal 0 0 -1
    outer loop
      vertex 3.30237856656313 48.15 3
      vertex 117.45 44.7 3
      vertex 113.45 44.7 3
    endloop
  endfacet
  facet normal 0 0 -1
    outer loop
      vertex 3.30237856656313 48.15 3
      vertex 119.45 44.7 3
      vertex 117.45 44.7 3
    endloop
  endfacet
  facet normal 0 0 -1
    outer loop
      vertex 3.30237856656313 48.15 3
      vertex 123.45 44.7 3
      vertex 119.45 44.7 3
    endloop
  endfacet
  facet normal 0 0 -1
    outer loop
      vertex 3.30237856656313 48.15 3
      vertex 125.45 44.7 3
      vertex 123.45 44.7 3
    endloop
  endfacet
  facet normal 0 0 -1
    outer loop
      vertex 3.30237856656313 48.15 3
      vertex 140.597621434927 48.15 3
      vertex 125.45 44.7 3
    endloop
  endfacet
  facet normal 0 0 -1
    outer loop
      vertex 3 50.899999998509884 3
      vertex 140.89999999850988 50.899999998509884 3
      vertex 140.65 49.750000001490115 3
    endloop
  endfacet
  facet normal 0 1 0
    outer loop
      vertex 3 50.899999998509884 3
      vertex 140.89999999850988 50.899999998509884 5.2
      vertex 140.89999999850988 50.899999998509884 3
    endloop
  endfacet
  facet normal 0 0 1
    outer loop
      vertex 3 50.899999998509884 5.2
      vertex 105.45 44.7 5.2
      vertex 107.45 44.7 5.2
    endloop
  endfacet
  facet normal 0 0 1
    outer loop
      vertex 3 50.899999998509884 5.2
      vertex 107.45 44.7 5.2
      vertex 111.45 44.7 5.2
    endloop
  endfacet
  facet normal 0 0 1
    outer loop
      vertex 3 50.899999998509884 5.2
      vertex 111.45 44.7 5.2
      vertex 113.45 44.7 5.2
    endloop
  endfacet
  facet normal 0 0 1
    outer loop
      vertex 3 50.899999998509884 5.2
      vertex 113.45 44.7 5.2
      vertex 117.45 44.7 5.2
    endloop
  endfacet
  facet normal 0 0 1
    outer loop
      vertex 3 50.899999998509884 5.2
      vertex 117.45 44.7 5.2
      vertex 119.45 44.7 5.2
    endloop
  endfacet
  facet normal 0 0 1
    outer loop
      vertex 3 50.899999998509884 5.2
      vertex 119.45 44.7 5.2
      vertex 123.45 44.7 5.2
    endloop
  endfacet
  facet normal 0 0 1
    outer loop
      vertex 3 50.899999998509884 5.2
      vertex 123.45 44.7 5.2
      vertex 125.45 44.7 5.2
    endloop
  endfacet
  facet normal 0 0 1
    outer loop
      vertex 3 50.899999998509884 5.2
      vertex 125.45 44.7 5.2
      vertex 140.89999999850988 50.899999998509884 5.2
    endloop
  endfacet
  facet normal 0 0 -1
    outer loop
      vertex 111.45 6.2 3
      vertex 107.45 44.7 3
      vertex 111.45 44.7 3
    endloop
  endfacet
  facet normal 0 0 -1
    outer loop
      vertex 117.45 6.2 3
      vertex 113.45 44.7 3
      vertex 117.45 44.7 3
    endloop
  endfacet
  facet normal 0 0 -1
    outer loop
      vertex 123.45 6.2 3
      vertex 119.45 44.7 3
      vertex 123.45 44.7 3
    endloop
  endfacet
  facet normal 0 0 -1
    outer loop
      vertex 140.597621434927 2.7500000014901165 3
      vertex 125.45 44.7 3
      vertex 140.597621434927 48.15 3
    endloop
  endfacet
  facet normal 0 0 -1
    outer loop
      vertex 140.77852098792792 2.770353184640408 3
      vertex 140.77852098792792 48.12964680939913 3
      vertex 140.84002791494132 48.108768025040625 3
    endloop
  endfacet
  facet normal 0 0 -1
    outer loop
      vertex 140.95229075998068 2.85604694634676 3
      vertex 140.89828346073628 48.080039562284945 3
      vertex 141.15 47.597621427476405 3
    endloop
  endfacet
  facet normal 0 0 -1
    outer loop
      vertex 140.84002792984248 2.79123197644949 3
      vertex 140.84002791494132 48.108768025040625 3
      vertex 140.89828346073628 48.080039562284945 3
    endloop
  endfacet
  facet normal 0 0 -1
    outer loop
      vertex 140.597621434927 2.7500000014901165 3
      vertex 140.597621434927 48.15 3
      vertex 140.71481497734786 48.14231872707605 3
    endloop
  endfacet
  facet normal 0 0 -1
    outer loop
      vertex 140.71481497734786 2.7576812669634823 3
      vertex 140.71481497734786 48.14231872707605 3
      vertex 140.77852098792792 48.12964680939913 3
    endloop
  endfacet
  facet normal 0 0 -1
    outer loop
      vertex 143.89999999850988 3 3
      vertex 143.8743345811963 48.29157857596874 3
      vertex 143.89999999850988 47.899999998509884 3
    endloop
  endfacet
  facet normal 0 0 -1
    outer loop
      vertex 143.8743345811963 2.6084214225411415 3
      vertex 143.79777748137712 48.67645713686943 3
      vertex 143.8743345811963 48.29157857596874 3
    endloop
  endfacet
  facet normal 0 0 -1
    outer loop
      vertex 143.79777748137712 2.2235428616404533 3
      vertex 143.67163860052824 49.04805029928684 3
      vertex 143.79777748137712 48.67645713686943 3
    endloop
  endfacet
  facet normal 0 0 -1
    outer loop
      vertex 142.75000000149012 3.2500000014901165 3
      vertex 142.75000000149012 47.65 3
      vertex 143.02132034301758 50.02132034301758 3
    endloop
  endfacet
  facet normal 0 0 -1
    outer loop
      vertex 143.28006002306938 1.1737157106399536 3
      vertex 143.02132034301758 50.02132034301758 3
      vertex 143.28006002306938 49.72628428786993 3
    endloop
  endfacet
  facet normal 0 0 -1
    outer loop
      vertex 143.67163860052824 1.8519496992230415 3
      vertex 143.4980762079358 49.399999998509884 3
      vertex 143.67163860052824 49.04805029928684 3
    endloop
  endfacet
  facet normal 0 0 -1
    outer loop
      vertex 143.4980762079358 1.5 3
      vertex 143.28006002306938 49.72628428786993 3
      vertex 143.4980762079358 49.399999998509884 3
    endloop
  endfacet
  facet normal 0 0 1
    outer loop
      vertex 107.45 6.2 5.2
      vertex 111.45 44.7 5.2
      vertex 107.45 44.7 5.2
    endloop
  endfacet
  facet normal 0 0 1
    outer loop
      vertex 117.45 44.7 5.2
      vertex 113.45 44.7 5.2
      vertex 113.45 6.2 5.2
    endloop
  endfacet
  facet normal 0 0 1
    outer loop
      vertex 123.45 44.7 5.2
      vertex 119.45 44.7 5.2
      vertex 119.45 6.2 5.2
    endloop
  endfacet
  facet normal 1 0 0
    outer loop
      vertex 143.89999999850988 3 5.2
      vertex 143.89999999850988 47.899999998509884 3
      vertex 143.89999999850988 47.899999998509884 5.2
    endloop
  endfacet
  facet normal 0 0 1
    outer loop
      vertex 140.89999999850988 50.899999998509884 5.2
      vertex 125.45 44.7 5.2
      vertex 125.45 6.2 5.2
    endloop
  endfacet
  facet normal 0 0 1
    outer loop
      vertex 143.89999999850988 3 5.2
      vertex 143.89999999850988 47.899999998509884 5.2
      vertex 143.8743345811963 48.29157857596874 5.2
    endloop
  endfacet
  facet normal 0 0 1
    outer loop
      vertex 143.8743345811963 2.6084214225411415 5.2
      vertex 143.8743345811963 48.29157857596874 5.2
      vertex 143.79777748137712 48.67645713686943 5.2
    endloop
  endfacet
  facet normal 0 0 1
    outer loop
      vertex 143.79777748137712 2.2235428616404533 5.2
      vertex 143.79777748137712 48.67645713686943 5.2
      vertex 143.67163860052824 49.04805029928684 5.2
    endloop
  endfacet
  facet normal 0 0 1
    outer loop
      vertex 141.29157857596874 0.025665417313575745 5.2
      vertex 141.29157857596874 50.87433458119631 5.2
      vertex 140.89999999850988 50.899999998509884 5.2
    endloop
  endfacet
  facet normal 0 0 1
    outer loop
      vertex 141.67645713686943 0.10222252458333969 5.2
      vertex 141.67645713686943 50.797777481377125 5.2
      vertex 141.29157857596874 50.87433458119631 5.2
    endloop
  endfacet
  facet normal 0 0 1
    outer loop
      vertex 142.72628428786993 0.6199399754405022 5.2
      vertex 142.72628428786993 50.28006002306938 5.2
      vertex 142.39999999850988 50.49807620793581 5.2
    endloop
  endfacet
  facet normal 0 0 1
    outer loop
      vertex 142.04805029928684 0.22836140543222427 5.2
      vertex 142.04805029928684 50.67163860052824 5.2
      vertex 141.67645713686943 50.797777481377125 5.2
    endloop
  endfacet
  facet normal 0 0 1
    outer loop
      vertex 142.39999999850988 0.4019237905740738 5.2
      vertex 142.39999999850988 50.49807620793581 5.2
      vertex 142.04805029928684 50.67163860052824 5.2
    endloop
  endfacet
  facet normal 0 0 1
    outer loop
      vertex 143.02132034301758 0.8786796554923058 5.2
      vertex 143.02132034301758 50.02132034301758 5.2
      vertex 142.72628428786993 50.28006002306938 5.2
    endloop
  endfacet
  facet normal 0 0 1
    outer loop
      vertex 143.28006002306938 1.1737157106399536 5.2
      vertex 143.28006002306938 49.72628428786993 5.2
      vertex 143.02132034301758 50.02132034301758 5.2
    endloop
  endfacet
  facet normal 0 0 1
    outer loop
      vertex 143.67163860052824 1.8519496992230415 5.2
      vertex 143.67163860052824 49.04805029928684 5.2
      vertex 143.4980762079358 49.399999998509884 5.2
    endloop
  endfacet
  facet normal 0 0 1
    outer loop
      vertex 143.4980762079358 1.5 5.2
      vertex 143.4980762079358 49.399999998509884 5.2
      vertex 143.28006002306938 49.72628428786993 5.2
    endloop
  endfacet
  facet normal 0 0 -1
    outer loop
      vertex 141.15 47.597621427476405 3
      vertex 141.12964680939913 47.77852098792791 3
      vertex 141.14231872707606 47.71481497734785 3
    endloop
  endfacet
  facet normal 0 0 -1
    outer loop
      vertex 141.15 47.597621427476405 3
      vertex 141.00112583637238 48.001125836372374 3
      vertex 141.04395302534104 47.952290789783 3
    endloop
  endfacet
  facet normal 0 0 -1
    outer loop
      vertex 141.15 47.597621427476405 3
      vertex 140.89828346073628 48.080039562284945 3
      vertex 140.952290789783 48.04395302534103 3
    endloop
  endfacet
  facet normal 0 0 -1
    outer loop
      vertex 141.15 47.597621427476405 3
      vertex 140.952290789783 48.04395302534103 3
      vertex 141.00112583637238 48.001125836372374 3
    endloop
  endfacet
  facet normal 0 0 -1
    outer loop
      vertex 141.15 47.597621427476405 3
      vertex 141.10876802504063 47.84002791494131 3
      vertex 141.12964680939913 47.77852098792791 3
    endloop
  endfacet
  facet normal 0 0 -1
    outer loop
      vertex 141.15 47.597621427476405 3
      vertex 141.04395302534104 47.952290789783 3
      vertex 141.08003956228495 47.89828346073627 3
    endloop
  endfacet
  facet normal 0 0 -1
    outer loop
      vertex 141.15 47.597621427476405 3
      vertex 141.08003956228495 47.89828346073627 3
      vertex 141.10876802504063 47.84002791494131 3
    endloop
  endfacet
  facet normal 0 0 -1
    outer loop
      vertex 142.75000000149012 47.65 3
      vertex 142.7320342078805 47.92410500496626 3
      vertex 142.72628428786993 50.28006002306938 3
    endloop
  endfacet
  facet normal 0 0 -1
    outer loop
      vertex 142.7320342078805 47.92410500496626 3
      vertex 142.67844423800707 48.19351999610662 3
      vertex 142.72628428786993 50.28006002306938 3
    endloop
  endfacet
  facet normal 0 0 -1
    outer loop
      vertex 142.67844423800707 48.19351999610662 3
      vertex 142.59014701992274 48.45363520979881 3
      vertex 142.72628428786993 50.28006002306938 3
    endloop
  endfacet
  facet normal 0 0 -1
    outer loop
      vertex 142.59014701992274 48.45363520979881 3
      vertex 142.46865334510804 48.699999997019766 3
      vertex 142.72628428786993 50.28006002306938 3
    endloop
  endfacet
  facet normal 0 0 -1
    outer loop
      vertex 141.19351999610663 49.67844423800707 3
      vertex 140.92410500496626 49.732034207880496 3
      vertex 141.29157857596874 50.87433458119631 3
    endloop
  endfacet
  facet normal 0 0 -1
    outer loop
      vertex 141.19351999610663 49.67844423800707 3
      vertex 141.29157857596874 50.87433458119631 3
      vertex 141.45363520979882 49.59014701992273 3
    endloop
  endfacet
  facet normal 0 0 -1
    outer loop
      vertex 141.45363520979882 49.59014701992273 3
      vertex 141.67645713686943 50.797777481377125 3
      vertex 141.69999999701977 49.46865334510803 3
    endloop
  endfacet
  facet normal 0 0 -1
    outer loop
      vertex 140.65 49.750000001490115 3
      vertex 140.89999999850988 50.899999998509884 3
      vertex 140.92410500496626 49.732034207880496 3
    endloop
  endfacet
  facet normal 0 0 -1
    outer loop
      vertex 140.92410500496626 49.732034207880496 3
      vertex 140.89999999850988 50.899999998509884 3
      vertex 141.29157857596874 50.87433458119631 3
    endloop
  endfacet
  facet normal 0 0 -1
    outer loop
      vertex 141.45363520979882 49.59014701992273 3
      vertex 141.29157857596874 50.87433458119631 3
      vertex 141.67645713686943 50.797777481377125 3
    endloop
  endfacet
  facet normal 0 0 -1
    outer loop
      vertex 142.46865334510804 48.699999997019766 3
      vertex 142.31604201495648 48.92839899808168 3
      vertex 142.39999999850988 50.49807620793581 3
    endloop
  endfacet
  facet normal 0 0 -1
    outer loop
      vertex 142.13492424190045 49.13492424190044 3
      vertex 142.39999999850988 50.49807620793581 3
      vertex 142.31604201495648 48.92839899808168 3
    endloop
  endfacet
  facet normal 0 0 -1
    outer loop
      vertex 141.9283989980817 49.31604201495647 3
      vertex 141.69999999701977 49.46865334510803 3
      vertex 142.04805029928684 50.67163860052824 3
    endloop
  endfacet
  facet normal 0 0 -1
    outer loop
      vertex 142.13492424190045 49.13492424190044 3
      vertex 141.9283989980817 49.31604201495647 3
      vertex 142.04805029928684 50.67163860052824 3
    endloop
  endfacet
  facet normal 0 0 -1
    outer loop
      vertex 142.13492424190045 49.13492424190044 3
      vertex 142.04805029928684 50.67163860052824 3
      vertex 142.39999999850988 50.49807620793581 3
    endloop
  endfacet
  facet normal 0 0 -1
    outer loop
      vertex 142.46865334510804 48.699999997019766 3
      vertex 142.39999999850988 50.49807620793581 3
      vertex 142.72628428786993 50.28006002306938 3
    endloop
  endfacet
  facet normal 0 0 -1
    outer loop
      vertex 142.75000000149012 47.65 3
      vertex 142.72628428786993 50.28006002306938 3
      vertex 143.02132034301758 50.02132034301758 3
    endloop
  endfacet
  facet normal 0 0 -1
    outer loop
      vertex 141.69999999701977 49.46865334510803 3
      vertex 141.67645713686943 50.797777481377125 3
      vertex 142.04805029928684 50.67163860052824 3
    endloop
  endfacet
  facet normal 0.997858923008654 0.06540313273849394 0
    outer loop
      vertex 143.89999999850988 47.899999998509884 3
      vertex 143.8743345811963 48.29157857596874 3
      vertex 143.89999999850988 47.899999998509884 5.2
    endloop
  endfacet
  facet normal 0.9807852832718771 0.19509030759446713 0
    outer loop
      vertex 143.8743345811963 48.29157857596874 3
      vertex 143.79777748137712 48.67645713686943 3
      vertex 143.8743345811963 48.29157857596874 5.2
    endloop
  endfacet
  facet normal 0.9469301300366788 0.32143946370773846 0
    outer loop
      vertex 143.79777748137712 48.67645713686943 3
      vertex 143.67163860052824 49.04805029928684 3
      vertex 143.79777748137712 48.67645713686943 5.2
    endloop
  endfacet
  facet normal 0.8968727332159228 0.4422887070837332 0
    outer loop
      vertex 143.67163860052824 49.04805029928684 3
      vertex 143.4980762079358 49.399999998509884 3
      vertex 143.67163860052824 49.04805029928684 5.2
    endloop
  endfacet
  facet normal 0.06540313273849394 0.997858923008654 0
    outer loop
      vertex 140.89999999850988 50.899999998509884 3
      vertex 141.29157857596874 50.87433458119631 5.2
      vertex 141.29157857596874 50.87433458119631 3
    endloop
  endfacet
  facet normal 0.19509030759446713 0.9807852832718771 0
    outer loop
      vertex 141.29157857596874 50.87433458119631 3
      vertex 141.67645713686943 50.797777481377125 5.2
      vertex 141.67645713686943 50.797777481377125 3
    endloop
  endfacet
  facet normal 0.8314696207458843 0.5555702203832522 0
    outer loop
      vertex 143.4980762079358 49.399999998509884 3
      vertex 143.28006002306938 49.72628428786993 3
      vertex 143.4980762079358 49.399999998509884 5.2
    endloop
  endfacet
  facet normal 0.7518398024852507 0.6593458207943228 0
    outer loop
      vertex 143.28006002306938 49.72628428786993 3
      vertex 143.02132034301758 50.02132034301758 3
      vertex 143.28006002306938 49.72628428786993 5.2
    endloop
  endfacet
  facet normal 0.5555702203832522 0.8314696207458843 0
    outer loop
      vertex 142.72628428786993 50.28006002306938 3
      vertex 142.39999999850988 50.49807620793581 3
      vertex 142.72628428786993 50.28006002306938 5.2
    endloop
  endfacet
  facet normal 0.32143946370773846 0.9469301300366788 0
    outer loop
      vertex 142.04805029928684 50.67163860052824 3
      vertex 141.67645713686943 50.797777481377125 3
      vertex 142.04805029928684 50.67163860052824 5.2
    endloop
  endfacet
  facet normal 0.4422887070837332 0.8968727332159228 0
    outer loop
      vertex 142.39999999850988 50.49807620793581 3
      vertex 142.04805029928684 50.67163860052824 3
      vertex 142.39999999850988 50.49807620793581 5.2
    endloop
  endfacet
  facet normal 0.6593458207943228 0.7518398024852507 0
    outer loop
      vertex 143.02132034301758 50.02132034301758 3
      vertex 142.72628428786993 50.28006002306938 3
      vertex 143.02132034301758 50.02132034301758 5.2
    endloop
  endfacet
  facet normal 0.997858923008654 0.06540313273849394 0
    outer loop
      vertex 143.8743345811963 48.29157857596874 3
      vertex 143.8743345811963 48.29157857596874 5.2
      vertex 143.89999999850988 47.899999998509884 5.2
    endloop
  endfacet
  facet normal 0.9807852832718771 0.19509030759446713 0
    outer loop
      vertex 143.79777748137712 48.67645713686943 3
      vertex 143.79777748137712 48.67645713686943 5.2
      vertex 143.8743345811963 48.29157857596874 5.2
    endloop
  endfacet
  facet normal 0.9469301300366788 0.32143946370773846 0
    outer loop
      vertex 143.67163860052824 49.04805029928684 3
      vertex 143.67163860052824 49.04805029928684 5.2
      vertex 143.79777748137712 48.67645713686943 5.2
    endloop
  endfacet
  facet normal 0.8968727332159228 0.4422887070837332 0
    outer loop
      vertex 143.4980762079358 49.399999998509884 3
      vertex 143.4980762079358 49.399999998509884 5.2
      vertex 143.67163860052824 49.04805029928684 5.2
    endloop
  endfacet
  facet normal 0.06540313273849394 0.997858923008654 0
    outer loop
      vertex 140.89999999850988 50.899999998509884 3
      vertex 140.89999999850988 50.899999998509884 5.2
      vertex 141.29157857596874 50.87433458119631 5.2
    endloop
  endfacet
  facet normal 0.19509030759446713 0.9807852832718771 0
    outer loop
      vertex 141.29157857596874 50.87433458119631 3
      vertex 141.29157857596874 50.87433458119631 5.2
      vertex 141.67645713686943 50.797777481377125 5.2
    endloop
  endfacet
  facet normal 0.8314696207458843 0.5555702203832522 0
    outer loop
      vertex 143.28006002306938 49.72628428786993 3
      vertex 143.28006002306938 49.72628428786993 5.2
      vertex 143.4980762079358 49.399999998509884 5.2
    endloop
  endfacet
  facet normal 0.7518398024852507 0.6593458207943228 0
    outer loop
      vertex 143.02132034301758 50.02132034301758 3
      vertex 143.02132034301758 50.02132034301758 5.2
      vertex 143.28006002306938 49.72628428786993 5.2
    endloop
  endfacet
  facet normal 0.5555702203832522 0.8314696207458843 0
    outer loop
      vertex 142.39999999850988 50.49807620793581 3
      vertex 142.39999999850988 50.49807620793581 5.2
      vertex 142.72628428786993 50.28006002306938 5.2
    endloop
  endfacet
  facet normal 0.4422887070837332 0.8968727332159228 0
    outer loop
      vertex 142.04805029928684 50.67163860052824 3
      vertex 142.04805029928684 50.67163860052824 5.2
      vertex 142.39999999850988 50.49807620793581 5.2
    endloop
  endfacet
  facet normal 0.32143946370773846 0.9469301300366788 0
    outer loop
      vertex 141.67645713686943 50.797777481377125 3
      vertex 141.67645713686943 50.797777481377125 5.2
      vertex 142.04805029928684 50.67163860052824 5.2
    endloop
  endfacet
  facet normal 0.6593458207943228 0.7518398024852507 0
    outer loop
      vertex 142.72628428786993 50.28006002306938 3
      vertex 142.72628428786993 50.28006002306938 5.2
      vertex 143.02132034301758 50.02132034301758 5.2
    endloop
  endfacet
  facet normal 0 1 0
    outer loop
      vertex 101.45 6.2 3
      vertex 99.45 6.2 3
      vertex 99.45 6.2 5.2
    endloop
  endfacet
  facet normal 0 1 0
    outer loop
      vertex 101.45 6.2 3
      vertex 99.45 6.2 5.2
      vertex 101.45 6.2 5.2
    endloop
  endfacet
  facet normal -1 0 0
    outer loop
      vertex 101.45 44.7 3
      vertex 101.45 6.2 3
      vertex 101.45 6.2 5.2
    endloop
  endfacet
  facet normal 1 0 0
    outer loop
      vertex 99.45 44.7 5.2
      vertex 99.45 6.2 5.2
      vertex 99.45 6.2 3
    endloop
  endfacet
  facet normal 1 0 0
    outer loop
      vertex 99.45 6.2 3
      vertex 99.45 44.7 3
      vertex 99.45 44.7 5.2
    endloop
  endfacet
  facet normal -1 0 0
    outer loop
      vertex 101.45 6.2 5.2
      vertex 101.45 44.7 5.2
      vertex 101.45 44.7 3
    endloop
  endfacet
  facet normal 0 -1 0
    outer loop
      vertex 101.45 44.7 3
      vertex 101.45 44.7 5.2
      vertex 99.45 44.7 3
    endloop
  endfacet
  facet normal 0 -1 0
    outer loop
      vertex 99.45 44.7 3
      vertex 101.45 44.7 5.2
      vertex 99.45 44.7 5.2
    endloop
  endfacet
  facet normal 0 1 0
    outer loop
      vertex 105.45 6.2 3
      vertex 105.45 6.2 5.2
      vertex 107.45 6.2 3
    endloop
  endfacet
  facet normal 0 1 0
    outer loop
      vertex 107.45 6.2 3
      vertex 105.45 6.2 5.2
      vertex 107.45 6.2 5.2
    endloop
  endfacet
  facet normal -1 0 0
    outer loop
      vertex 107.45 44.7 3
      vertex 107.45 6.2 3
      vertex 107.45 6.2 5.2
    endloop
  endfacet
  facet normal 1 0 0
    outer loop
      vertex 105.45 44.7 5.2
      vertex 105.45 6.2 5.2
      vertex 105.45 6.2 3
    endloop
  endfacet
  facet normal 1 0 0
    outer loop
      vertex 105.45 6.2 3
      vertex 105.45 44.7 3
      vertex 105.45 44.7 5.2
    endloop
  endfacet
  facet normal -1 0 0
    outer loop
      vertex 107.45 6.2 5.2
      vertex 107.45 44.7 5.2
      vertex 107.45 44.7 3
    endloop
  endfacet
  facet normal 0 -1 0
    outer loop
      vertex 107.45 44.7 3
      vertex 107.45 44.7 5.2
      vertex 105.45 44.7 3
    endloop
  endfacet
  facet normal 0 -1 0
    outer loop
      vertex 105.45 44.7 3
      vertex 107.45 44.7 5.2
      vertex 105.45 44.7 5.2
    endloop
  endfacet
  facet normal 0 1 0
    outer loop
      vertex 113.45 6.2 3
      vertex 111.45 6.2 3
      vertex 111.45 6.2 5.2
    endloop
  endfacet
  facet normal 0 1 0
    outer loop
      vertex 111.45 6.2 5.2
      vertex 113.45 6.2 5.2
      vertex 113.45 6.2 3
    endloop
  endfacet
  facet normal -1 0 0
    outer loop
      vertex 113.45 44.7 3
      vertex 113.45 6.2 3
      vertex 113.45 6.2 5.2
    endloop
  endfacet
  facet normal 1 0 0
    outer loop
      vertex 111.45 44.7 5.2
      vertex 111.45 6.2 5.2
      vertex 111.45 6.2 3
    endloop
  endfacet
  facet normal 1 0 0
    outer loop
      vertex 111.45 6.2 3
      vertex 111.45 44.7 3
      vertex 111.45 44.7 5.2
    endloop
  endfacet
  facet normal -1 0 0
    outer loop
      vertex 113.45 44.7 3
      vertex 113.45 6.2 5.2
      vertex 113.45 44.7 5.2
    endloop
  endfacet
  facet normal 0 -1 0
    outer loop
      vertex 111.45 44.7 3
      vertex 113.45 44.7 3
      vertex 113.45 44.7 5.2
    endloop
  endfacet
  facet normal 0 -1 0
    outer loop
      vertex 113.45 44.7 5.2
      vertex 111.45 44.7 5.2
      vertex 111.45 44.7 3
    endloop
  endfacet
  facet normal 0 1 0
    outer loop
      vertex 119.45 6.2 3
      vertex 117.45 6.2 3
      vertex 117.45 6.2 5.2
    endloop
  endfacet
  facet normal 0 1 0
    outer loop
      vertex 119.45 6.2 3
      vertex 117.45 6.2 5.2
      vertex 119.45 6.2 5.2
    endloop
  endfacet
  facet normal -1 0 0
    outer loop
      vertex 119.45 44.7 3
      vertex 119.45 6.2 3
      vertex 119.45 6.2 5.2
    endloop
  endfacet
  facet normal 1 0 0
    outer loop
      vertex 117.45 44.7 5.2
      vertex 117.45 6.2 5.2
      vertex 117.45 6.2 3
    endloop
  endfacet
  facet normal 1 0 0
    outer loop
      vertex 117.45 6.2 3
      vertex 117.45 44.7 3
      vertex 117.45 44.7 5.2
    endloop
  endfacet
  facet normal -1 0 0
    outer loop
      vertex 119.45 44.7 3
      vertex 119.45 6.2 5.2
      vertex 119.45 44.7 5.2
    endloop
  endfacet
  facet normal 0 -1 0
    outer loop
      vertex 117.45 44.7 3
      vertex 119.45 44.7 3
      vertex 119.45 44.7 5.2
    endloop
  endfacet
  facet normal 0 -1 0
    outer loop
      vertex 117.45 44.7 3
      vertex 119.45 44.7 5.2
      vertex 117.45 44.7 5.2
    endloop
  endfacet
  facet normal 0 1 0
    outer loop
      vertex 125.45 6.2 3
      vertex 123.45 6.2 3
      vertex 123.45 6.2 5.2
    endloop
  endfacet
  facet normal 0 1 0
    outer loop
      vertex 125.45 6.2 3
      vertex 123.45 6.2 5.2
      vertex 125.45 6.2 5.2
    endloop
  endfacet
  facet normal -1 0 0
    outer loop
      vertex 125.45 44.7 3
      vertex 125.45 6.2 3
      vertex 125.45 6.2 5.2
    endloop
  endfacet
  facet normal 1 0 0
    outer loop
      vertex 123.45 44.7 5.2
      vertex 123.45 6.2 5.2
      vertex 123.45 6.2 3
    endloop
  endfacet
  facet normal 1 0 0
    outer loop
      vertex 123.45 6.2 3
      vertex 123.45 44.7 3
      vertex 123.45 44.7 5.2
    endloop
  endfacet
  facet normal -1 0 0
    outer loop
      vertex 125.45 44.7 3
      vertex 125.45 6.2 5.2
      vertex 125.45 44.7 5.2
    endloop
  endfacet
  facet normal 0 -1 0
    outer loop
      vertex 125.45 44.7 3
      vertex 125.45 44.7 5.2
      vertex 123.45 44.7 3
    endloop
  endfacet
  facet normal 0 -1 0
    outer loop
      vertex 123.45 44.7 3
      vertex 125.45 44.7 5.2
      vertex 123.45 44.7 5.2
    endloop
  endfacet
endsolid OpenSCAD_Model
